chave,id_interno,slug,uf,nome,onda,criado_em,atualizado_em,hash_conteudo,ativo
BR|educacao de jovens e adultos eja|1,FRM-CP-2026-EDU-0001,educacao-de-jovens-e-adultos-eja-br,BR,Educação de Jovens e Adultos (EJA),1,2026-05-01,2026-10-05,a3f556e561302992,True
BR|programa brasil alfabetizado|1,FRM-CP-2026-EDU-0002,programa-brasil-alfabetizado-br,BR,Programa Brasil Alfabetizado,1,2026-05-01,2026-05-01,46a77cf1705ee214,True
BR|pacto nacional pela superacao do analfabetismo e qualificacao da eja pacto nacional da eja|1,FRM-CP-2026-EDU-0003,pacto-nacional-pela-superacao-do-analfabetismo-e-qualificacao-da-eja-pacto-nacional-da-eja-br,BR,Pacto Nacional pela Superação do Analfabetismo e Qualificação da EJA (Pacto Nacional da EJA),1,2026-05-01,2026-05-01,737531f532fe7a24,True
BR|exame nacional para certificacao de competencias de jovens e adultos encceja|1,FRM-CP-2026-EDU-0004,exame-nacional-para-certificacao-de-competencias-de-jovens-e-adultos-encceja-br,BR,Exame Nacional para Certificação de Competências de Jovens e Adultos  (ENCCEJA),1,2026-05-01,2026-05-01,73472481985c82a9,True
BR|programa nacional de integracao da educacao profissional com a educacao basica na modalidade de educacao de jovens e adultos proeja|1,FRM-CP-2026-EDU-0005,programa-nacional-de-integracao-da-educacao-profissional-com-a-educacao-basica-na-modalidade-de-educacao-de-jovens-br,BR,Programa Nacional de Integração da Educação Profissional com a Educação Básica na Modalidade de Educação de Jovens e Adultos (PROEJA),1,2026-05-01,2026-05-01,7307d05c71076297,True
BR|politica nacional de educacao profissional e tecnologica pnept|1,FRM-CP-2026-EDU-0006,politica-nacional-de-educacao-profissional-e-tecnologica-pnept-br,BR,Política Nacional de Educação Profissional e Tecnológica (PNEPT),1,2026-05-01,2026-05-01,9670b163d08551b4,True
BR|programa juros por educacao|1,FRM-CP-2026-EDU-0007,programa-juros-por-educacao-br,BR,Programa Juros por Educação,1,2026-05-01,2026-05-01,1f3a79cb9dbcfff5,True
BR|programa novos caminhos cnj programa nacional de apoio a desinstitucionalizacao de criancas e adolescentes acolhidos e a egressos de unidades de acolhimento|1,FRM-CP-2026-PSOC-0001,programa-novos-caminhos-cnj-programa-nacional-de-apoio-a-desinstitucionalizacao-de-criancas-e-adolescentes-acolhid-br,BR,Programa Novos Caminhos/CNJ (Programa Nacional de Apoio à Desinstitucionalização de Crianças e Adolescentes Acolhidos e a Egressos de Unidades de Acolhimento),1,2026-05-01,2026-05-01,b3c169edc63d1fbd,True
BR|programa de apoio ao novo ensino medio pronem|1,FRM-CP-2026-EDU-0008,programa-de-apoio-ao-novo-ensino-medio-pronem-br,BR,Programa de Apoio ao Novo Ensino Médio (ProNem),1,2026-05-01,2026-05-01,4a2cdd56af6b3b1a,True
BR|programa nacional de inclusao de jovens projovem|1,FRM-CP-2026-PSOC-0002,programa-nacional-de-inclusao-de-jovens-projovem-br,BR,Programa Nacional de Inclusão de Jovens (ProJovem),1,2026-05-01,2026-05-01,db242c22b1af5eef,True
BR|programa estacao juventude federal|1,FRM-CP-2026-PSOC-0003,programa-estacao-juventude-federal-br,BR,Programa Estação Juventude (Federal) ,1,2026-05-01,2026-05-01,7c0cbcae16f3a150,True
BR|centros de artes e esportes unificados ceus das artes|1,FRM-CP-2026-PSOC-0004,centros-de-artes-e-esportes-unificados-ceus-das-artes-br,BR,Centros de Artes e Esportes Unificados (CEUs das Artes) ,1,2026-05-01,2026-05-01,0d2b0eea81d11c50,True
BR|bolsa familia|1,FRM-CP-2026-PSOC-0005,bolsa-familia-br,BR, Bolsa Família,1,2026-05-01,2026-05-01,55d645703ca7fc9a,True
BR|auxilio brasil|1,FRM-CP-2026-PSOC-0006,auxilio-brasil-br,BR,Auxílio Brasil,1,2026-05-01,2026-10-05,92f4a4e9a8beb4e3,True
BR|brasil sem miseria|1,FRM-CP-2026-PSOC-0007,brasil-sem-miseria-br,BR, Brasil Sem Miséria,1,2026-05-01,2026-05-01,7088dda82e657716,True
BR|programa pe de meia|1,FRM-CP-2026-PSOC-0008,programa-pe-de-meia-br,BR,Programa Pé de Meia,1,2026-05-01,2026-05-01,e4c2da8195e46403,True
BR|programa do seguro desemprego|1,FRM-CP-2026-TRAB-0001,programa-do-seguro-desemprego-br,BR,Programa do Seguro-Desemprego ,1,2026-05-01,2026-05-01,940cce7c8a39668e,True
BR|programa nacional de estimulo ao primeiro emprego pnpe|1,FRM-CP-2026-TRAB-0002,programa-nacional-de-estimulo-ao-primeiro-emprego-pnpe-br,BR,Programa Nacional de Estímulo ao Primeiro Emprego (PNPE),1,2026-05-01,2026-05-01,b46e0b87d929c5f2,True
BR|consorcio social da juventude|1,FRM-CP-2026-TRAB-0003,consorcio-social-da-juventude-br,BR, Consórcio Social da Juventude ,1,2026-05-01,2026-05-01,b5e46940647daa5f,True
BR|novos caminhos mec|1,FRM-CP-2026-TRAB-0004,novos-caminhos-mec-br,BR,Novos Caminhos (MEC),1,2026-05-01,2026-05-01,cd99e13ad0903403,True
BR|aprendizagem profissional jovem aprendiz|1,FRM-CP-2026-TRAB-0005,aprendizagem-profissional-jovem-aprendiz-br,BR,Aprendizagem Profissional (Jovem Aprendiz),1,2026-05-01,2026-05-01,99a91f47225b9e90,True
BR|programa nacional de acesso ao ensino tecnico e emprego pronatec|1,FRM-CP-2026-TRAB-0006,programa-nacional-de-acesso-ao-ensino-tecnico-e-emprego-pronatec-br,BR,Programa Nacional de Acesso ao Ensino Técnico e Emprego (PRONATEC),1,2026-05-01,2026-10-05,6dd6d3bc63c2b4d7,True
BR|pronatec aprendiz na micro e pequena empresa|1,FRM-CP-2026-TRAB-0007,pronatec-aprendiz-na-micro-e-pequena-empresa-br,BR,Pronatec Aprendiz na Micro e Pequena Empresa,1,2026-05-01,2026-05-01,f93de46febde0c07,True
BR|sistema nacional de emprego sine|1,FRM-CP-2026-TRAB-0008,sistema-nacional-de-emprego-sine-br,BR,Sistema Nacional de Emprego (SINE),1,2026-05-01,2026-05-01,97e671b6450813c2,True
BR|lei da liberdade economica|1,FRM-CP-2026-TRAB-0009,lei-da-liberdade-economica-br,BR,Lei da Liberdade Econômica,1,2026-05-01,2026-05-01,254705ca9ec2a514,True
BR|programa emprega mulheres e jovens|1,FRM-CP-2026-TRAB-0010,programa-emprega-mulheres-e-jovens-br,BR,Programa Emprega + Mulheres e Jovens,1,2026-05-01,2026-10-05,03b3d99a7d51cc9a,True
BR|ensino medio mais|1,FRM-CP-2026-EDU-0009,ensino-medio-mais-br,BR,Ensino Médio Mais,1,2026-05-01,2026-05-01,9b3bb13c6cdd1431,True
BR|busca ativa escolar|1,FRM-CP-2026-EDU-0010,busca-ativa-escolar-br,BR, Busca Ativa Escolar,1,2026-05-01,2026-10-05,2cf01338dcfeec2b,True
BR|politica nacional de migracoes refugio e apatridia pnmra|1,FRM-CP-2026-PSOC-0009,politica-nacional-de-migracoes-refugio-e-apatridia-pnmra-br,BR,"Política Nacional de Migrações, Refúgio e Apatridia (PNMRA)",1,2026-05-01,2026-05-01,a6e31a2848c2c823,True
BR|programa ensino medio inovador proemi|1,FRM-CP-2026-EDU-0011,programa-ensino-medio-inovador-proemi-br,BR,Programa Ensino Médio Inovador (ProEmi),1,2026-05-01,2026-05-01,60a859f759129bdf,True
BR|programa ensino medio inovador jovem de futuro proemi jf|1,FRM-CP-2026-EDU-0012,programa-ensino-medio-inovador-jovem-de-futuro-proemi-jf-br,BR,Programa Ensino Médio Inovador/Jovem de Futuro (ProEMI/JF),1,2026-05-01,2026-05-01,88af59c71eb3a19e,True
BR|politica de fomento a implementacao de escolas de ensino medio em tempo integral emti|1,FRM-CP-2026-EDU-0013,politica-de-fomento-a-implementacao-de-escolas-de-ensino-medio-em-tempo-integral-emti-br,BR,Política de Fomento à Implementação de Escolas de Ensino Médio em Tempo Integral (EMTI),1,2026-05-01,2026-05-01,55aa0b45c86938e2,True
BR|cadastro da eja cadeja|1,FRM-CP-2026-EDU-0014,cadastro-da-eja-cadeja-br,BR,Cadastro da EJA (CADEJA),1,2026-05-01,2026-05-01,3d8e785777968bfa,True
SP|educacao de jovens e adultos eja|1,FRM-CP-2026-EDU-0015,educacao-de-jovens-e-adultos-eja-sp,SP,Educação de Jovens e Adultos (EJA),1,2026-05-01,2026-10-05,b3e3c34cf37d2a65,True
SP|eja de presenca regular|1,FRM-CP-2026-EDU-0016,eja-de-presenca-regular-sp,SP,EJA de Presença Regular,1,2026-05-01,2026-05-01,eb7aa2e812326b9b,True
SP|eja de presenca flexivel|1,FRM-CP-2026-EDU-0017,eja-de-presenca-flexivel-sp,SP,EJA de Presença Flexível,1,2026-05-01,2026-05-01,888be5b92596c6f1,True
SP|programa de apoio ao novo ensino medio pronem|1,FRM-CP-2026-EDU-0018,programa-de-apoio-ao-novo-ensino-medio-pronem-sp,SP,Programa de Apoio ao Novo Ensino Médio (ProNem),1,2026-05-01,2026-05-01,a06c723a18caacbe,True
SP|programa brasil alfabetizado|1,FRM-CP-2026-EDU-0019,programa-brasil-alfabetizado-sp,SP,Programa Brasil Alfabetizado,1,2026-05-01,2026-05-01,0133761141d78d2c,True
SP|pacto nacional pela superacao do analfabetismo e qualificacao da eja pacto nacional da eja|1,FRM-CP-2026-EDU-0020,pacto-nacional-pela-superacao-do-analfabetismo-e-qualificacao-da-eja-pacto-nacional-da-eja-sp,SP,Pacto Nacional pela Superação do Analfabetismo e Qualificação da EJA (Pacto Nacional da EJA),1,2026-05-01,2026-05-01,a107e24cdfc2040a,True
SP|centros estaduais de educacao de jovens e adultos ceeja|1,FRM-CP-2026-EDU-0021,centros-estaduais-de-educacao-de-jovens-e-adultos-ceeja-sp,SP,Centros Estaduais de Educação de Jovens e Adultos (CEEJA),1,2026-05-01,2026-10-05,d25b9c1c11c02eee,True
SP|exame nacional para certificacao de competencias de jovens e adultos encceja|1,FRM-CP-2026-EDU-0022,exame-nacional-para-certificacao-de-competencias-de-jovens-e-adultos-encceja-sp,SP,Exame Nacional para Certificação de Competências de Jovens e Adultos  (ENCCEJA),1,2026-05-01,2026-05-01,21bd012545f132b1,True
SP|programa de educacao nas prisoes pep|1,FRM-CP-2026-EDU-0023,programa-de-educacao-nas-prisoes-pep-sp,SP,Programa de Educação nas Prisões (PEP),1,2026-05-01,2026-05-01,dbe9c64687b5d73e,True
SP|programa nacional de integracao da educacao profissional com a educacao basica na modalidade de educacao de jovens e adultos proeja|1,FRM-CP-2026-EDU-0024,programa-nacional-de-integracao-da-educacao-profissional-com-a-educacao-basica-na-modalidade-de-educacao-de-jovens-sp,SP,Programa Nacional de Integração da Educação Profissional com a Educação Básica na Modalidade de Educação de Jovens e Adultos (PROEJA),1,2026-05-01,2026-05-01,fa05e2c0a96cbd3c,True
SP|politica nacional de educacao profissional e tecnologica pnept|1,FRM-CP-2026-EDU-0025,politica-nacional-de-educacao-profissional-e-tecnologica-pnept-sp,SP,Política Nacional de Educação Profissional e Tecnológica (PNEPT),1,2026-05-01,2026-05-01,506af76474163995,True
SP|programa juros por educacao|1,FRM-CP-2026-EDU-0026,programa-juros-por-educacao-sp,SP,Programa Juros por Educação,1,2026-05-01,2026-05-01,1feb21d7fdf05ddd,True
SP|centros educacionais unificados ceus|1,FRM-CP-2026-EDU-0027,centros-educacionais-unificados-ceus-sp,SP,Centros Educacionais Unificados (CEUs),1,2026-05-01,2026-05-01,5fb4e0dcb99c97f0,True
SP|programa portas abertas portugues para imigrantes sao paulo|1,FRM-CP-2026-EDU-0028,programa-portas-abertas-portugues-para-imigrantes-sao-paulo-sp,SP,Programa Portas Abertas: Português para Imigrantes – São Paulo,1,2026-05-01,2026-05-01,75a6005a3de23649,True
SP|ensino medio mais|1,FRM-CP-2026-EDU-0029,ensino-medio-mais-sp,SP,Ensino Médio Mais,1,2026-05-01,2026-05-01,e90c417cc822d18c,True
SP|movimentos de alfabetizacao de jovens e adultos da cidade de sao paulo mova sp|1,FRM-CP-2026-EDU-0030,movimentos-de-alfabetizacao-de-jovens-e-adultos-da-cidade-de-sao-paulo-mova-sp-sp,SP,Movimentos de Alfabetização de Jovens e Adultos da Cidade de São Paulo (MOVA -SP),1,2026-05-01,2026-05-01,65ebdaa2b6be0f18,True
SP|programa ensino medio inovador proemi|1,FRM-CP-2026-EDU-0031,programa-ensino-medio-inovador-proemi-sp,SP,Programa Ensino Médio Inovador (ProEmi),1,2026-05-01,2026-05-01,9ee930b6bf8c06d6,True
SP|politica de fomento a implementacao de escolas de ensino medio em tempo integral emti|1,FRM-CP-2026-EDU-0032,politica-de-fomento-a-implementacao-de-escolas-de-ensino-medio-em-tempo-integral-emti-sp,SP,Política de Fomento à Implementação de Escolas de Ensino Médio em Tempo Integral (EMTI),1,2026-05-01,2026-05-01,ad80ad69196bab43,True
SP|cadastro da eja cadeja|1,FRM-CP-2026-EDU-0033,cadastro-da-eja-cadeja-sp,SP,Cadastro da EJA (CADEJA),1,2026-05-01,2026-05-01,91ca832f4687c81e,True
SP|busca ativa escolar|1,FRM-CP-2026-EDU-0034,busca-ativa-escolar-sp,SP, Busca Ativa Escolar,1,2026-05-01,2026-10-05,b9af36cdbe32969a,True
SP|programa acao jovem|1,FRM-CP-2026-PSOC-0010,programa-acao-jovem-sp,SP,Programa Ação Jovem,1,2026-05-01,2026-05-01,83716c0dc45a6323,True
SP|transcidadania|1,FRM-CP-2026-PSOC-0011,transcidadania-sp,SP,Transcidadania,1,2026-05-01,2026-05-01,5b5463cea98a4dc2,True
SP|bolsa do povo|1,FRM-CP-2026-PSOC-0012,bolsa-do-povo-sp,SP,Bolsa do Povo,1,2026-05-01,2026-05-01,6fbf7111c52f5323,True
SP|programa novos caminhos cnj programa nacional de apoio a desinstitucionalizacao de criancas e adolescentes acolhidos e a egressos de unidades de acolhimento|1,FRM-CP-2026-PSOC-0013,programa-novos-caminhos-cnj-programa-nacional-de-apoio-a-desinstitucionalizacao-de-criancas-e-adolescentes-acolhid-sp,SP,Programa Novos Caminhos/CNJ (Programa Nacional de Apoio à Desinstitucionalização de Crianças e Adolescentes Acolhidos e a Egressos de Unidades de Acolhimento),1,2026-05-01,2026-05-01,287cfa445ec6a790,True
SP|programa nacional de inclusao de jovens projovem|1,FRM-CP-2026-PSOC-0014,programa-nacional-de-inclusao-de-jovens-projovem-sp,SP,Programa Nacional de Inclusão de Jovens (ProJovem),1,2026-05-01,2026-05-01,9ebf6c51da93367c,True
SP|programa estacoes da juventude municipal|1,FRM-CP-2026-PSOC-0015,programa-estacoes-da-juventude-municipal-sp,SP,Programa Estações da Juventude (Municipal) ,1,2026-05-01,2026-05-01,563137a56c907859,True
SP|brasil sem miseria|1,FRM-CP-2026-PSOC-0016,brasil-sem-miseria-sp,SP, Brasil Sem Miséria,1,2026-05-01,2026-05-01,373c35430746a0bb,True
SP|programa pe de meia|1,FRM-CP-2026-PSOC-0017,programa-pe-de-meia-sp,SP,Programa Pé de Meia,1,2026-05-01,2026-05-01,87a8dabb27cf12ad,True
SP|politica nacional de migracoes refugio e apatridia pnmra|1,FRM-CP-2026-PSOC-0018,politica-nacional-de-migracoes-refugio-e-apatridia-pnmra-sp,SP,"Política Nacional de Migrações, Refúgio e Apatridia (PNMRA)",1,2026-05-01,2026-05-01,61c8a8da7c7359c4,True
SP|programa estacao juventude federal|1,FRM-CP-2026-PSOC-0019,programa-estacao-juventude-federal-sp,SP,Programa Estação Juventude (Federal) ,1,2026-05-01,2026-05-01,f9d3e3a65f2be36d,True
SP|bolsa familia|1,FRM-CP-2026-PSOC-0020,bolsa-familia-sp,SP, Bolsa Família,1,2026-05-01,2026-05-01,5a2678300fa16388,True
SP|auxilio brasil|1,FRM-CP-2026-PSOC-0021,auxilio-brasil-sp,SP,Auxílio Brasil,1,2026-05-01,2026-10-05,6c5d490e40e0271c,True
SP|centros de artes e esportes unificados ceus das artes|1,FRM-CP-2026-PSOC-0022,centros-de-artes-e-esportes-unificados-ceus-das-artes-sp,SP,Centros de Artes e Esportes Unificados (CEUs das Artes) ,1,2026-05-01,2026-05-01,4b4ffa48a32cfe17,True
SP|centro para juventude sp centro de referencia da juventude crjs|1,FRM-CP-2026-PSOC-0023,centro-para-juventude-sp-centro-de-referencia-da-juventude-crjs-sp,SP,Centro para Juventude SP/Centro de Referência da Juventude (CRJs),1,2026-05-01,2026-05-01,2d3daa2ef85ab374,True
SP|novos caminhos mec|1,FRM-CP-2026-TRAB-0011,novos-caminhos-mec-sp,SP,Novos Caminhos (MEC),1,2026-05-01,2026-05-01,c983a2b8e9cd318c,True
SP|programa trampolim|1,FRM-CP-2026-TRAB-0012,programa-trampolim-sp,SP,Programa Trampolim,1,2026-05-01,2026-05-01,5c168bb866c45716,True
SP|aprendizagem profissional jovem aprendiz|1,FRM-CP-2026-TRAB-0013,aprendizagem-profissional-jovem-aprendiz-sp,SP,Aprendizagem Profissional (Jovem Aprendiz),1,2026-05-01,2026-05-01,dbef3a5c52ba186f,True
SP|programa nacional de acesso ao ensino tecnico e emprego pronatec|1,FRM-CP-2026-TRAB-0014,programa-nacional-de-acesso-ao-ensino-tecnico-e-emprego-pronatec-sp,SP,Programa Nacional de Acesso ao Ensino Técnico e Emprego (PRONATEC),1,2026-05-01,2026-10-05,906b336af0954acc,True
SP|postos de atendimento ao trabalhador pat|1,FRM-CP-2026-TRAB-0015,postos-de-atendimento-ao-trabalhador-pat-sp,SP,Postos de Atendimento ao Trabalhador (PAT),1,2026-05-01,2026-05-01,a93b45e1fb765f87,True
SP|sistema nacional de emprego sine|1,FRM-CP-2026-TRAB-0016,sistema-nacional-de-emprego-sine-sp,SP,Sistema Nacional de Emprego (SINE),1,2026-05-01,2026-05-01,62411e53d3fd82b7,True
SP|via rapida emprego|1,FRM-CP-2026-TRAB-0017,via-rapida-emprego-sp,SP,Via Rápida Emprego,1,2026-05-01,2026-10-05,71f437b8c4ce9466,True
SP|qualifica sp|1,FRM-CP-2026-TRAB-0018,qualifica-sp-sp,SP,Qualifica SP,1,2026-05-01,2026-05-01,307d8f85447bc2ee,True
SP|politica de inclusao produtiva e empregabilidade para o desenvolvimento economico|1,FRM-CP-2026-TRAB-0019,politica-de-inclusao-produtiva-e-empregabilidade-para-o-desenvolvimento-economico-sp,SP,Política de Inclusão Produtiva e Empregabilidade para o Desenvolvimento Econômico,1,2026-05-01,2026-05-01,e5ef0d86a0220877,True
SP|forum de qualificacao profissional|1,FRM-CP-2026-TRAB-0020,forum-de-qualificacao-profissional-sp,SP,Fórum de Qualificação Profissional,1,2026-05-01,2026-05-01,b9e50d9961bb8dba,True
SP|pacto pela inclusao produtiva e empregabilidade|1,FRM-CP-2026-TRAB-0021,pacto-pela-inclusao-produtiva-e-empregabilidade-sp,SP,Pacto pela Inclusão Produtiva e Empregabilidade,1,2026-05-01,2026-05-01,2c211a8bbee8eed2,True
SP|facilita sp|1,FRM-CP-2026-TRAB-0022,facilita-sp-sp,SP,Facilita SP,1,2026-05-01,2026-05-01,b228822e460d54f3,True
SP|programa sp jovem|1,FRM-CP-2026-TRAB-0023,programa-sp-jovem-sp,SP,Programa SP Jovem ,1,2026-05-01,2026-05-01,2ccf33c6078303f4,True
SP|lei da liberdade economica|1,FRM-CP-2026-TRAB-0024,lei-da-liberdade-economica-sp,SP,Lei da Liberdade Econômica,1,2026-05-01,2026-05-01,b8a31ded28e313e9,True
SP|programa do seguro desemprego|1,FRM-CP-2026-TRAB-0025,programa-do-seguro-desemprego-sp,SP,Programa do Seguro-Desemprego ,1,2026-05-01,2026-05-01,41110b9b795d3dc3,True
SP|programa nacional de estimulo ao primeiro emprego pnpe|1,FRM-CP-2026-TRAB-0026,programa-nacional-de-estimulo-ao-primeiro-emprego-pnpe-sp,SP,Programa Nacional de Estímulo ao Primeiro Emprego (PNPE),1,2026-05-01,2026-05-01,603c02894f4c8c02,True
SP|consorcio social da juventude|1,FRM-CP-2026-TRAB-0027,consorcio-social-da-juventude-sp,SP, Consórcio Social da Juventude ,1,2026-05-01,2026-05-01,576126df98f0d854,True
SP|pronatec aprendiz na micro e pequena empresa|1,FRM-CP-2026-TRAB-0028,pronatec-aprendiz-na-micro-e-pequena-empresa-sp,SP,Pronatec Aprendiz na Micro e Pequena Empresa,1,2026-05-01,2026-05-01,7cc05e0f26f89148,True
SP|programa emprega mulheres e jovens|1,FRM-CP-2026-TRAB-0029,programa-emprega-mulheres-e-jovens-sp,SP,Programa Emprega + Mulheres e Jovens,1,2026-05-01,2026-10-05,a16ce53c1c755c8c,True
RJ|educacao de jovens e adultos eja rj|1,FRM-CP-2026-EDU-0035,educacao-de-jovens-e-adultos-eja-rj-rj,RJ,Educação de Jovens e Adultos (EJA) - RJ,1,2026-05-01,2026-05-01,91cfc8cc22343af2,True
RJ|programa nacional de integracao da educacao profissional com a educacao basica na modalidade de educacao de jovens e adultos proeja|1,FRM-CP-2026-EDU-0036,programa-nacional-de-integracao-da-educacao-profissional-com-a-educacao-basica-na-modalidade-de-educacao-de-jovens-rj,RJ,Programa Nacional de Integração da Educação Profissional com a Educação Básica na Modalidade de Educação de Jovens e Adultos (PROEJA),1,2026-05-01,2026-05-01,f7b13c40f11fe2a2,True
RJ|projeto autonomia|1,FRM-CP-2026-EDU-0037,projeto-autonomia-rj,RJ,Projeto Autonomia ,1,2026-05-01,2026-05-01,243b9e80eca60d9b,True
RJ|programa brasil alfabetizado pba|1,FRM-CP-2026-EDU-0038,programa-brasil-alfabetizado-pba-rj,RJ,Programa Brasil Alfabetizado (PBA),1,2026-05-01,2026-05-01,bb37a3e2735a4909,True
RJ|pacto nacional pela superacao do analfabetismo e qualificacao da educacao de jovens e adultos|1,FRM-CP-2026-EDU-0039,pacto-nacional-pela-superacao-do-analfabetismo-e-qualificacao-da-educacao-de-jovens-e-adultos-rj,RJ,Pacto Nacional pela Superação do Analfabetismo e Qualificação da Educação de Jovens e Adultos,1,2026-05-01,2026-05-01,fca0b9243637c801,True
RJ|encceja|1,FRM-CP-2026-EDU-0040,encceja-rj,RJ,ENCCEJA ,1,2026-05-01,2026-05-01,4c17a3ee6be66c3c,True
RJ|ensino medio inovador|1,FRM-CP-2026-EDU-0041,ensino-medio-inovador-rj,RJ, Ensino Médio Inovador,1,2026-05-01,2026-05-01,b3375fbc188d7392,True
RJ|busca ativa escolar|1,FRM-CP-2026-EDU-0042,busca-ativa-escolar-rj,RJ, Busca Ativa Escolar,1,2026-05-01,2026-10-05,61c6d995827ba87f,True
RJ|programa bora para a escola|1,FRM-CP-2026-EDU-0043,programa-bora-para-a-escola-rj,RJ,Programa Bora para a Escola,1,2026-05-01,2026-05-01,ca312a485ce60c5d,True
RJ|pacto estadual pelo enfrentamento as causas da infrequencia do abandono e da evasao escolar|1,FRM-CP-2026-EDU-0044,pacto-estadual-pelo-enfrentamento-as-causas-da-infrequencia-do-abandono-e-da-evasao-escolar-rj,RJ,"Pacto Estadual pelo Enfrentamento às Causas da Infrequência, do Abandono e da Evasão Escolar",1,2026-05-01,2026-05-01,f6e5cbb1b4eb6db6,True
RJ|programa juros pela educacao|1,FRM-CP-2026-EDU-0045,programa-juros-pela-educacao-rj,RJ,Programa Juros pela Educação,1,2026-05-01,2026-05-01,f9d068734e250de1,True
RJ|ensino medio mais|1,FRM-CP-2026-EDU-0046,ensino-medio-mais-rj,RJ,Ensino Médio Mais,1,2026-05-01,2026-05-01,3ccf1bacfce8c3ec,True
RJ|bolsa familia|1,FRM-CP-2026-PSOC-0024,bolsa-familia-rj,RJ, Bolsa Família,1,2026-05-01,2026-05-01,10f648f2a3d31c4b,True
RJ|auxilio brasil|1,FRM-CP-2026-PSOC-0025,auxilio-brasil-rj,RJ,Auxílio Brasil,1,2026-05-01,2026-10-05,e76af7e28267ad31,True
RJ|brasil sem miseria|1,FRM-CP-2026-PSOC-0026,brasil-sem-miseria-rj,RJ, Brasil Sem Miséria,1,2026-05-01,2026-05-01,980cfda19a0d9404,True
RJ|programa pe de meia|1,FRM-CP-2026-PSOC-0027,programa-pe-de-meia-rj,RJ,Programa Pé de Meia,1,2026-05-01,2026-05-01,cc3b8626f8480bf7,True
RJ|programa do seguro desemprego|1,FRM-CP-2026-TRAB-0030,programa-do-seguro-desemprego-rj,RJ,Programa do Seguro-Desemprego ,1,2026-05-01,2026-05-01,b35023920e48ba04,True
RJ|programa primeiro emprego para jovens estudantes ppe rj|1,FRM-CP-2026-TRAB-0031,programa-primeiro-emprego-para-jovens-estudantes-ppe-rj-rj,RJ, Programa Primeiro Emprego Para Jovens Estudantes (PPE-RJ),1,2026-05-01,2026-05-01,96d9dba98a8c88a1,True
RJ|programa nacional de estimulo ao primeiro emprego pnpe|1,FRM-CP-2026-TRAB-0032,programa-nacional-de-estimulo-ao-primeiro-emprego-pnpe-rj,RJ,Programa Nacional de Estímulo ao Primeiro Emprego (PNPE),1,2026-05-01,2026-05-01,ab3901fbaf36739d,True
RJ|consorcio social da juventude|1,FRM-CP-2026-TRAB-0033,consorcio-social-da-juventude-rj,RJ, Consórcio Social da Juventude ,1,2026-05-01,2026-05-01,94ec4a31e927aede,True
RJ|aprendizagem profissional jovem aprendiz|1,FRM-CP-2026-TRAB-0034,aprendizagem-profissional-jovem-aprendiz-rj,RJ, Aprendizagem Profissional (Jovem Aprendiz) ,1,2026-05-01,2026-05-01,6cac83b8de2957d4,True
RJ|pronatec programa nacional de acesso ao ensino tecnico e emprego|1,FRM-CP-2026-TRAB-0035,pronatec-programa-nacional-de-acesso-ao-ensino-tecnico-e-emprego-rj,RJ,PRONATEC (Programa Nacional de Acesso ao Ensino Técnico e Emprego),1,2026-05-01,2026-10-05,a87eb40afd134db7,True
RJ|pronatec aprendiz na micro e pequena empresa|1,FRM-CP-2026-TRAB-0036,pronatec-aprendiz-na-micro-e-pequena-empresa-rj,RJ,Pronatec Aprendiz na Micro e Pequena Empresa,1,2026-05-01,2026-05-01,4f48268ae0ae9602,True
RJ|programa geracao futuro rj|1,FRM-CP-2026-TRAB-0037,programa-geracao-futuro-rj-rj,RJ,Programa Geração Futuro (RJ),1,2026-05-01,2026-05-01,970593532891db44,True
RJ|rede casa do trabalhador|1,FRM-CP-2026-TRAB-0038,rede-casa-do-trabalhador-rj,RJ,Rede Casa do Trabalhador,1,2026-05-01,2026-05-01,980fcc064617698b,True
RJ|sistema nacional de emprego sine|1,FRM-CP-2026-TRAB-0039,sistema-nacional-de-emprego-sine-rj,RJ,Sistema Nacional de Emprego (SINE) ,1,2026-05-01,2026-05-01,51259f52bbe2eee2,True
RJ|rio simples|1,FRM-CP-2026-TRAB-0040,rio-simples-rj,RJ, Rio Simples,1,2026-05-01,2026-05-01,fb013d2a614052ef,True
RJ|lei da liberdade economica|1,FRM-CP-2026-TRAB-0041,lei-da-liberdade-economica-rj,RJ,Lei da Liberdade Econômica,1,2026-05-01,2026-05-01,02a0c1cfe6f40504,True
RJ|programa emprega mulheres e jovens|1,FRM-CP-2026-TRAB-0042,programa-emprega-mulheres-e-jovens-rj,RJ,Programa Emprega + Mulheres e Jovens,1,2026-05-01,2026-10-05,283e9a6e4a262b6c,True
RJ|programa alternativa jovem|1,FRM-CP-2026-TRAB-0043,programa-alternativa-jovem-rj,RJ,Programa Alternativa Jovem,1,2026-05-01,2026-05-01,318ec8bdd5644f2c,True
RJ|fundacao de apoio a escola tecnica do estado do rio de janeiro faetec|1,FRM-CP-2026-EDU-0047,fundacao-de-apoio-a-escola-tecnica-do-estado-do-rio-de-janeiro-faetec-rj,RJ,Fundação de Apoio à Escola Técnica do Estado do Rio de Janeiro (FAETEC),1,2026-05-01,2026-05-01,44d052db4192f50b,True
RJ|cadastro da eja cadeja|1,FRM-CP-2026-EDU-0048,cadastro-da-eja-cadeja-rj,RJ,Cadastro da EJA (CADEJA),1,2026-05-01,2026-05-01,f28a02d486209fed,True
RJ|plano estadual de educacao de jovens e adultos para pessoas privadas de liberdade 2025 2028|1,FRM-CP-2026-EDU-0049,plano-estadual-de-educacao-de-jovens-e-adultos-para-pessoas-privadas-de-liberdade-2025-2028-rj,RJ,Plano Estadual de Educação de Jovens e Adultos para Pessoas Privadas de Liberdade (2025-2028),1,2026-05-01,2026-05-01,45c3418f5d9d5d83,True
RJ|politica nacional de educacao profissional e tecnologica pnept|1,FRM-CP-2026-EDU-0050,politica-nacional-de-educacao-profissional-e-tecnologica-pnept-rj,RJ,Política Nacional de Educação Profissional e Tecnológica (PNEPT),1,2026-05-01,2026-05-01,7fdaf1c8c7c5f715,True
RJ|programa de apoio ao novo ensino medio pronem|1,FRM-CP-2026-EDU-0051,programa-de-apoio-ao-novo-ensino-medio-pronem-rj,RJ,Programa de Apoio ao Novo Ensino Médio (ProNem),1,2026-05-01,2026-05-01,8b5d876b33ae4c52,True
RJ|programa nacional de inclusao de jovens projovem|1,FRM-CP-2026-PSOC-0028,programa-nacional-de-inclusao-de-jovens-projovem-rj,RJ,Programa Nacional de Inclusão de Jovens (ProJovem),1,2026-05-01,2026-05-01,59850112bb3d3db6,True
RJ|programa estacao juventude|1,FRM-CP-2026-PSOC-0029,programa-estacao-juventude-rj,RJ,Programa Estação Juventude,1,2026-05-01,2026-05-01,fcba266879b95cb1,True
RJ|centros de artes e esportes unificados ceus das artes|1,FRM-CP-2026-PSOC-0030,centros-de-artes-e-esportes-unificados-ceus-das-artes-rj,RJ,Centros de Artes e Esportes Unificados (CEUs das Artes) ,1,2026-05-01,2026-05-01,bdf15fd88bab8b41,True
RJ|novos caminhos mec|1,FRM-CP-2026-TRAB-0044,novos-caminhos-mec-rj,RJ,Novos Caminhos (MEC),1,2026-05-01,2026-05-01,a50f48e1fb871b22,True
RJ|programa novos caminhos cnj programa nacional de apoio a desinstitucionalizacao de criancas e adolescentes acolhidos e a egressos de unidades de acolhimento|1,FRM-CP-2026-EDU-0052,programa-novos-caminhos-cnj-programa-nacional-de-apoio-a-desinstitucionalizacao-de-criancas-e-adolescentes-acolhid-rj,RJ,Programa Novos Caminhos/CNJ (Programa Nacional de Apoio à Desinstitucionalização de Crianças e Adolescentes Acolhidos e a Egressos de Unidades de Acolhimento),1,2026-05-01,2026-05-01,5b22f0ca5ce699fe,True
RJ|politica nacional de migracoes refugio e apatridia pnmra|1,FRM-CP-2026-PSOC-0031,politica-nacional-de-migracoes-refugio-e-apatridia-pnmra-rj,RJ,"Política Nacional de Migrações, Refúgio e Apatridia (PNMRA)",1,2026-05-01,2026-05-01,9d15f3515401287d,True
MG|centros estaduais de educacao continuada cesecs|1,FRM-CP-2026-EDU-0053,centros-estaduais-de-educacao-continuada-cesecs-mg,MG,Centros Estaduais de Educação Continuada (CESECs),1,2026-05-01,2026-05-01,62e99ab474bc7cf7,True
MG|banca permanente de avaliacao certificacao cesecs|1,FRM-CP-2026-EDU-0054,banca-permanente-de-avaliacao-certificacao-cesecs-mg,MG,Banca Permanente de Avaliação (certificação – CESECs),1,2026-05-01,2026-05-01,63235acbcceadb46,True
MG|certificacao avaliacao itinerante banca itinerante mg|1,FRM-CP-2026-EDU-0055,certificacao-avaliacao-itinerante-banca-itinerante-mg-mg,MG,Certificação/avaliação itinerante (Banca Itinerante – MG),1,2026-05-01,2026-05-01,e78032d9542ea588,True
MG|busca ativa escolar|1,FRM-CP-2026-EDU-0056,busca-ativa-escolar-mg,MG,Busca Ativa Escolar,1,2026-05-01,2026-10-05,4a62bf687c1f2437,True
MG|educacao de jovens e adultos eja|1,FRM-CP-2026-EDU-0057,educacao-de-jovens-e-adultos-eja-mg,MG,Educação de Jovens e Adultos (EJA),1,2026-05-01,2026-10-05,c5029cc50e9ca18a,True
MG|programa brasil alfabetizado|1,FRM-CP-2026-EDU-0058,programa-brasil-alfabetizado-mg,MG,Programa Brasil Alfabetizado,1,2026-05-01,2026-05-01,106bcbba272b78a7,True
MG|pacto nacional pela superacao do analfabetismo e qualificacao da eja pacto nacional da eja|1,FRM-CP-2026-EDU-0059,pacto-nacional-pela-superacao-do-analfabetismo-e-qualificacao-da-eja-pacto-nacional-da-eja-mg,MG,Pacto Nacional pela Superação do Analfabetismo e Qualificação da EJA (Pacto Nacional da EJA),1,2026-05-01,2026-05-01,c6bd4f788ab247be,True
MG|exame nacional para certificacao de competencias de jovens e adultos encceja|1,FRM-CP-2026-EDU-0060,exame-nacional-para-certificacao-de-competencias-de-jovens-e-adultos-encceja-mg,MG,Exame Nacional para Certificação de Competências de Jovens e Adultos  (ENCCEJA),1,2026-05-01,2026-05-01,86862794b6d9c40c,True
MG|programa nacional de integracao da educacao profissional com a educacao basica na modalidade de educacao de jovens e adultos proeja|1,FRM-CP-2026-EDU-0061,programa-nacional-de-integracao-da-educacao-profissional-com-a-educacao-basica-na-modalidade-de-educacao-de-jovens-mg,MG,Programa Nacional de Integração da Educação Profissional com a Educação Básica na Modalidade de Educação de Jovens e Adultos (PROEJA),1,2026-05-01,2026-05-01,4d8e2b895f67b5d7,True
MG|politica nacional de educacao profissional e tecnologica pnept|1,FRM-CP-2026-EDU-0062,politica-nacional-de-educacao-profissional-e-tecnologica-pnept-mg,MG,Política Nacional de Educação Profissional e Tecnológica (PNEPT),1,2026-05-01,2026-05-01,b3bebff1b30836d4,True
MG|programa juros por educacao|1,FRM-CP-2026-EDU-0063,programa-juros-por-educacao-mg,MG,Programa Juros por Educação,1,2026-05-01,2026-05-01,dfc2e868306e5aaf,True
MG|programa novos caminhos cnj programa nacional de apoio a desinstitucionalizacao de criancas e adolescentes acolhidos e a egressos de unidades de acolhimento|1,FRM-CP-2026-EDU-0064,programa-novos-caminhos-cnj-programa-nacional-de-apoio-a-desinstitucionalizacao-de-criancas-e-adolescentes-acolhid-mg,MG,Programa Novos Caminhos/CNJ (Programa Nacional de Apoio à Desinstitucionalização de Crianças e Adolescentes Acolhidos e a Egressos de Unidades de Acolhimento),1,2026-05-01,2026-05-01,29a13fcbffe9fa8c,True
MG|programa de apoio ao novo ensino medio pronem|1,FRM-CP-2026-EDU-0065,programa-de-apoio-ao-novo-ensino-medio-pronem-mg,MG,Programa de Apoio ao Novo Ensino Médio (ProNem),1,2026-05-01,2026-05-01,682e7325ae2723b8,True
MG|ensino medio mais|1,FRM-CP-2026-EDU-0066,ensino-medio-mais-mg,MG,Ensino Médio Mais,1,2026-05-01,2026-05-01,b59c5f228699dcda,True
MG|campanha estrategia de busca ativa escolar 2025 minas gerais|1,FRM-CP-2026-PSOC-0032,campanha-estrategia-de-busca-ativa-escolar-2025-minas-gerais-mg,MG,Campanha/estratégia de Busca Ativa Escolar 2025 (Minas Gerais),1,2026-05-01,2026-05-01,c9dc3837a5820a4b,True
MG|programa nacional de inclusao de jovens projovem|1,FRM-CP-2026-PSOC-0033,programa-nacional-de-inclusao-de-jovens-projovem-mg,MG,Programa Nacional de Inclusão de Jovens (ProJovem),1,2026-05-01,2026-05-01,7fa050b5cf11960d,True
MG|programa estacao juventude federal|1,FRM-CP-2026-PSOC-0034,programa-estacao-juventude-federal-mg,MG,Programa Estação Juventude (Federal) ,1,2026-05-01,2026-05-01,ee1b50f50f940624,True
MG|centros de artes e esportes unificados ceus das artes|1,FRM-CP-2026-PSOC-0035,centros-de-artes-e-esportes-unificados-ceus-das-artes-mg,MG,Centros de Artes e Esportes Unificados (CEUs das Artes) ,1,2026-05-01,2026-05-01,39293856fb219555,True
MG|bolsa familia|1,FRM-CP-2026-PSOC-0036,bolsa-familia-mg,MG, Bolsa Família,1,2026-05-01,2026-05-01,52cd907b005391ff,True
MG|auxilio brasil|1,FRM-CP-2026-PSOC-0037,auxilio-brasil-mg,MG,Auxílio Brasil,1,2026-05-01,2026-10-05,77ccb5e39c6bbc6a,True
MG|brasil sem miseria|1,FRM-CP-2026-PSOC-0038,brasil-sem-miseria-mg,MG, Brasil Sem Miséria,1,2026-05-01,2026-05-01,d535706d799d01b5,True
MG|trilhas de futuro formacao tecnica gratuita mg|1,FRM-CP-2026-TRAB-0045,trilhas-de-futuro-formacao-tecnica-gratuita-mg-mg,MG,Trilhas de Futuro (formação técnica gratuita – MG),1,2026-05-01,2026-05-01,8219ac1000faabfb,True
MG|trilhas de futuro jovens e adultos|1,FRM-CP-2026-TRAB-0046,trilhas-de-futuro-jovens-e-adultos-mg,MG,Trilhas de Futuro – Jovens e Adultos ,1,2026-05-01,2026-05-01,5cb311e0d62fb2a9,True
MG|minas forma|1,FRM-CP-2026-TRAB-0047,minas-forma-mg,MG,Minas Forma,1,2026-05-01,2026-10-05,cd5109f18b67368b,True
MG|fundacao de educacao para o trabalho de minas gerais utramig|1,FRM-CP-2026-TRAB-0048,fundacao-de-educacao-para-o-trabalho-de-minas-gerais-utramig-mg,MG,Fundação de Educação para o Trabalho de Minas Gerais (Utramig),1,2026-05-01,2026-05-01,38b5e39cccaf7403,True
MG|minas livre para crescer|1,FRM-CP-2026-TRAB-0049,minas-livre-para-crescer-mg,MG,Minas Livre para Crescer,1,2026-05-01,2026-05-01,81c3dfab53789243,True
MG|programa de incentivo a aprendizagem de minas gerais descubra|1,FRM-CP-2026-TRAB-0050,programa-de-incentivo-a-aprendizagem-de-minas-gerais-descubra-mg,MG,Programa de Incentivo à Aprendizagem de Minas Gerais – Descubra,1,2026-05-01,2026-05-01,0465a80907b1cbd9,True
MG|minas programando|1,FRM-CP-2026-TRAB-0051,minas-programando-mg,MG,Minas Programando,1,2026-05-01,2026-10-05,026f5fd994c6dc6d,True
MG|programa pe de meia|1,FRM-CP-2026-PSOC-0039,programa-pe-de-meia-mg,MG,Programa Pé de Meia,1,2026-05-01,2026-05-01,14a3955006c42f5e,True
MG|programa do seguro desemprego|1,FRM-CP-2026-TRAB-0052,programa-do-seguro-desemprego-mg,MG,Programa do Seguro-Desemprego ,1,2026-05-01,2026-05-01,5ed5228ce669d901,True
MG|programa nacional de estimulo ao primeiro emprego pnpe|1,FRM-CP-2026-TRAB-0053,programa-nacional-de-estimulo-ao-primeiro-emprego-pnpe-mg,MG,Programa Nacional de Estímulo ao Primeiro Emprego (PNPE),1,2026-05-01,2026-05-01,fa5ce58ef150419a,True
MG|consorcio social da juventude|1,FRM-CP-2026-TRAB-0054,consorcio-social-da-juventude-mg,MG, Consórcio Social da Juventude ,1,2026-05-01,2026-05-01,888cadc49f9d76c7,True
MG|novos caminhos mec|1,FRM-CP-2026-TRAB-0055,novos-caminhos-mec-mg,MG,Novos Caminhos (MEC),1,2026-05-01,2026-05-01,6926790fce85147d,True
MG|aprendizagem profissional jovem aprendiz|1,FRM-CP-2026-TRAB-0056,aprendizagem-profissional-jovem-aprendiz-mg,MG,Aprendizagem Profissional (Jovem Aprendiz),1,2026-05-01,2026-05-01,f70c7347b0ae72ad,True
MG|programa nacional de acesso ao ensino tecnico e emprego pronatec|1,FRM-CP-2026-TRAB-0057,programa-nacional-de-acesso-ao-ensino-tecnico-e-emprego-pronatec-mg,MG,Programa Nacional de Acesso ao Ensino Técnico e Emprego (PRONATEC),1,2026-05-01,2026-10-05,c7678e76b4f5c46c,True
MG|pronatec aprendiz na micro e pequena empresa|1,FRM-CP-2026-TRAB-0058,pronatec-aprendiz-na-micro-e-pequena-empresa-mg,MG,Pronatec Aprendiz na Micro e Pequena Empresa,1,2026-05-01,2026-05-01,2593dfca0bfa88c8,True
MG|sistema nacional de emprego sine|1,FRM-CP-2026-TRAB-0059,sistema-nacional-de-emprego-sine-mg,MG,Sistema Nacional de Emprego (SINE),1,2026-05-01,2026-05-01,f26ff506af027d50,True
MG|lei da liberdade economica|1,FRM-CP-2026-TRAB-0060,lei-da-liberdade-economica-mg,MG,Lei da Liberdade Econômica,1,2026-05-01,2026-05-01,ba3a45748b04ae53,True
MG|cadastro da eja cadeja|1,FRM-CP-2026-EDU-0067,cadastro-da-eja-cadeja-mg,MG,Cadastro da EJA (CADEJA),1,2026-05-01,2026-05-01,a9559cb5ec6877e6,True
MG|programa emprega mulheres e jovens|1,FRM-CP-2026-TRAB-0061,programa-emprega-mulheres-e-jovens-mg,MG,Programa Emprega + Mulheres e Jovens,1,2026-05-01,2026-10-05,a978d3757ab21590,True
MG|programa ensino medio inovador proemi|1,FRM-CP-2026-EDU-0068,programa-ensino-medio-inovador-proemi-mg,MG,Programa Ensino Médio Inovador (ProEmi),1,2026-05-01,2026-05-01,b5214c914599e741,True
MG|programa ensino medio inovador jovem de futuro proemi jf|1,FRM-CP-2026-EDU-0069,programa-ensino-medio-inovador-jovem-de-futuro-proemi-jf-mg,MG,Programa Ensino Médio Inovador/Jovem de Futuro (ProEMI/JF),1,2026-05-01,2026-05-01,a844d847e56774a8,True
MG|politica de fomento a implementacao de escolas de ensino medio em tempo integral emti|1,FRM-CP-2026-EDU-0070,politica-de-fomento-a-implementacao-de-escolas-de-ensino-medio-em-tempo-integral-emti-mg,MG,Política de Fomento à Implementação de Escolas de Ensino Médio em Tempo Integral (EMTI),1,2026-05-01,2026-05-01,686ec45ab75be020,True
MG|politica nacional de migracoes refugio e apatridia pnmra|1,FRM-CP-2026-PSOC-0040,politica-nacional-de-migracoes-refugio-e-apatridia-pnmra-mg,MG,"Política Nacional de Migrações, Refúgio e Apatridia (PNMRA)",1,2026-05-01,2026-05-01,28939c29cb0517a4,True
MG|programa minas forma delas|1,FRM-CP-2026-TRAB-0062,programa-minas-forma-delas-mg,MG,Programa Minas Forma Delas,1,2026-05-01,2026-10-05,b2c283288f21ac90,True
PR|educacao de jovens e adultos eja|1,FRM-CP-2026-EDU-0071,educacao-de-jovens-e-adultos-eja-pr,PR,Educação de Jovens e Adultos (EJA),1,2026-05-01,2026-10-05,94d29457424d30f7,True
PR|exames estaduais de eja on line|1,FRM-CP-2026-EDU-0072,exames-estaduais-de-eja-on-line-pr,PR,Exames Estaduais de EJA On-line ,1,2026-05-01,2026-05-01,9b0d36d5668af4a1,True
PR|programa de combate ao abandono escolar pcae|1,FRM-CP-2026-EDU-0073,programa-de-combate-ao-abandono-escolar-pcae-pr,PR,Programa de Combate ao Abandono Escolar (PCAE),1,2026-05-01,2026-05-01,a1fb841872e8a4d3,True
PR|plano estadual de educacao em ambientes prisionais peesp 2025 2028|1,FRM-CP-2026-EDU-0074,plano-estadual-de-educacao-em-ambientes-prisionais-peesp-2025-2028-pr,PR,Plano Estadual de Educação em Ambientes Prisionais (PEESP) - 2025-2028,1,2026-05-01,2026-05-01,c35f75b782bb0281,True
PR|educacao escolar e eja em unidades socioeducativas pr|1,FRM-CP-2026-EDU-0075,educacao-escolar-e-eja-em-unidades-socioeducativas-pr-pr,PR,Educação Escolar e EJA em Unidades Socioeducativas (PR),1,2026-05-01,2026-05-01,22c2b5d3cfa93914,True
PR|programa brasil alfabetizado pba|1,FRM-CP-2026-EDU-0076,programa-brasil-alfabetizado-pba-pr,PR,Programa Brasil Alfabetizado (PBA),1,2026-05-01,2026-05-01,25b429c9a01fbca4,True
PR|programa nacional de integracao da educacao profissional com a educacao basica na eja proeja|1,FRM-CP-2026-EDU-0077,programa-nacional-de-integracao-da-educacao-profissional-com-a-educacao-basica-na-eja-proeja-pr,PR,Programa Nacional de Integração da Educação Profissional com a Educação Básica na EJA (PROEJA),1,2026-05-01,2026-05-01,248c803cbbb7c0de,True
PR|programa novos caminhos cnj programa nacional de apoio a desinstitucionalizacao de criancas e adolescentes acolhidos e a egressos de unidades de acolhimento|1,FRM-CP-2026-EDU-0078,programa-novos-caminhos-cnj-programa-nacional-de-apoio-a-desinstitucionalizacao-de-criancas-e-adolescentes-acolhid-pr,PR,Programa Novos Caminhos/CNJ (Programa Nacional de Apoio à Desinstitucionalização de Crianças e Adolescentes Acolhidos e a Egressos de Unidades de Acolhimento),1,2026-05-01,2026-05-01,84b4760c0a4dc72c,True
PR|pacto nacional pela superacao do analfabetismo e qualificacao da educacao de jovens e adultos eja|1,FRM-CP-2026-EDU-0079,pacto-nacional-pela-superacao-do-analfabetismo-e-qualificacao-da-educacao-de-jovens-e-adultos-eja-pr,PR,Pacto Nacional pela Superação do Analfabetismo e Qualificação da Educação de Jovens e Adultos (EJA),1,2026-05-01,2026-05-01,d743fb2699728488,True
PR|exame nacional para certificacao de competencias de jovens e adultos encceja|1,FRM-CP-2026-EDU-0080,exame-nacional-para-certificacao-de-competencias-de-jovens-e-adultos-encceja-pr,PR,Exame Nacional para Certificação de Competências de Jovens e Adultos (ENCCEJA) ,1,2026-05-01,2026-05-01,5bb92b95b49e5845,True
PR|ensino medio inovador|1,FRM-CP-2026-EDU-0081,ensino-medio-inovador-pr,PR, Ensino Médio Inovador,1,2026-05-01,2026-05-01,c580e2a49b858bd2,True
PR|programa juros pela educacao|1,FRM-CP-2026-EDU-0082,programa-juros-pela-educacao-pr,PR,Programa Juros pela Educação,1,2026-05-01,2026-05-01,a3d732000e36a8b0,True
PR|politica nacional de educacao profissional e tecnologica pnept|1,FRM-CP-2026-EDU-0083,politica-nacional-de-educacao-profissional-e-tecnologica-pnept-pr,PR,Política Nacional de Educação Profissional e Tecnológica (PNEPT),1,2026-05-01,2026-05-01,3508d4a62202cc46,True
PR|ensino medio mais|1,FRM-CP-2026-EDU-0084,ensino-medio-mais-pr,PR,Ensino Médio Mais,1,2026-05-01,2026-05-01,8e38fb846a40bdb3,True
PR|programa pe de meia|1,FRM-CP-2026-PSOC-0041,programa-pe-de-meia-pr,PR,Programa Pé de Meia,1,2026-05-01,2026-05-01,437509fbf3f6ce51,True
PR|programa nacional de inclusao de jovens projovem|1,FRM-CP-2026-PSOC-0042,programa-nacional-de-inclusao-de-jovens-projovem-pr,PR,Programa Nacional de Inclusão de Jovens (ProJovem),1,2026-05-01,2026-05-01,5561dacdc23cc7b3,True
PR|bolsa familia|1,FRM-CP-2026-PSOC-0043,bolsa-familia-pr,PR,Bolsa Família,1,2026-05-01,2026-05-01,5bd0f970d7ff96a7,True
PR|auxilio brasil|1,FRM-CP-2026-PSOC-0044,auxilio-brasil-pr,PR,Auxílio Brasil,1,2026-05-01,2026-10-05,51eeacc1a0fb0acb,True
PR|brasil sem miseria|1,FRM-CP-2026-PSOC-0045,brasil-sem-miseria-pr,PR, Brasil Sem Miséria,1,2026-05-01,2026-05-01,c99b6683993b3f50,True
PR|programa do seguro desemprego|1,FRM-CP-2026-TRAB-0063,programa-do-seguro-desemprego-pr,PR,Programa do Seguro-Desemprego ,1,2026-05-01,2026-05-01,7b58ad4c8f74c59a,True
PR|centros de artes e esportes unificados ceus das artes|1,FRM-CP-2026-PSOC-0046,centros-de-artes-e-esportes-unificados-ceus-das-artes-pr,PR,Centros de Artes e Esportes Unificados (CEUs das Artes) ,1,2026-05-01,2026-05-01,ca43d9c9eb4ef569,True
PR|programa nacional de acesso ao ensino tecnico e emprego pronatec|1,FRM-CP-2026-TRAB-0064,programa-nacional-de-acesso-ao-ensino-tecnico-e-emprego-pronatec-pr,PR,Programa Nacional de Acesso ao Ensino Técnico e Emprego (PRONATEC),1,2026-05-01,2026-10-05,0bac7f457f0d99a0,True
PR|sistema nacional de emprego sine|1,FRM-CP-2026-TRAB-0065,sistema-nacional-de-emprego-sine-pr,PR,Sistema Nacional de Emprego (SINE),1,2026-05-01,2026-05-01,1fe53ea7b1881fd5,True
PR|projeto qualifica parana|1,FRM-CP-2026-TRAB-0066,projeto-qualifica-parana-pr,PR,Projeto Qualifica Paraná,1,2026-05-01,2026-05-01,9762b1b859caec10,True
PR|carretas do conhecimento|1,FRM-CP-2026-TRAB-0067,carretas-do-conhecimento-pr,PR,Carretas do Conhecimento,1,2026-05-01,2026-10-05,dd4eecc201c230f0,True
PR|bora parana|1,FRM-CP-2026-TRAB-0068,bora-parana-pr,PR,Bora Paraná,1,2026-05-01,2026-10-05,1b06c9e584a60862,True
PR|banco da mulher paranaense|1,FRM-CP-2026-TRAB-0069,banco-da-mulher-paranaense-pr,PR,Banco da Mulher Paranaense,1,2026-05-01,2026-05-01,9844f79b258f2d62,True
PR|bora circular parana|1,FRM-CP-2026-TRAB-0070,bora-circular-parana-pr,PR,Bora Circular Paraná,1,2026-05-01,2026-05-01,da739be18af61f23,True
PR|lei da liberdade economica|1,FRM-CP-2026-TRAB-0071,lei-da-liberdade-economica-pr,PR,Lei da Liberdade Econômica,1,2026-05-01,2026-05-01,28170a784f04e49d,True
PR|projeto escola de fabrica|1,FRM-CP-2026-TRAB-0072,projeto-escola-de-fabrica-pr,PR,Projeto Escola de Fábrica,1,2026-05-01,2026-05-01,0a3bf61cf4a83b24,True
PR|programa nacional de estimulo ao primeiro emprego pnpe|1,FRM-CP-2026-TRAB-0073,programa-nacional-de-estimulo-ao-primeiro-emprego-pnpe-pr,PR,Programa Nacional de Estímulo ao Primeiro Emprego (PNPE),1,2026-05-01,2026-05-01,91eb356c718ef90a,True
PR|consorcio social da juventude|1,FRM-CP-2026-TRAB-0074,consorcio-social-da-juventude-pr,PR, Consórcio Social da Juventude ,1,2026-05-01,2026-05-01,67ebe77498ab337d,True
PR|aprendizagem profissional jovem aprendiz|1,FRM-CP-2026-TRAB-0075,aprendizagem-profissional-jovem-aprendiz-pr,PR, Aprendizagem Profissional (Jovem Aprendiz) ,1,2026-05-01,2026-05-01,99cc7022a76d9546,True
PR|pronatec aprendiz na micro e pequena empresa|1,FRM-CP-2026-TRAB-0076,pronatec-aprendiz-na-micro-e-pequena-empresa-pr,PR,Pronatec Aprendiz na Micro e Pequena Empresa,1,2026-05-01,2026-05-01,d94ca642d009849a,True
PR|programa emprega mulheres e jovens|1,FRM-CP-2026-TRAB-0077,programa-emprega-mulheres-e-jovens-pr,PR,Programa Emprega + Mulheres e Jovens,1,2026-05-01,2026-10-05,36da72ea08b0a6f6,True
PR|novos caminhos mec|1,FRM-CP-2026-TRAB-0078,novos-caminhos-mec-pr,PR,Novos Caminhos (MEC),1,2026-05-01,2026-05-01,cad639212ece17e7,True
PR|programa de apoio ao novo ensino medio pronem|1,FRM-CP-2026-EDU-0085,programa-de-apoio-ao-novo-ensino-medio-pronem-pr,PR,Programa de Apoio ao Novo Ensino Médio (ProNem),1,2026-05-01,2026-05-01,b01d99e39b85fdc2,True
PR|programa estacao juventude|1,FRM-CP-2026-PSOC-0047,programa-estacao-juventude-pr,PR,Programa Estação Juventude,1,2026-05-01,2026-05-01,be97d933b5fdddf5,True
PR|cadastro da eja cadeja|1,FRM-CP-2026-EDU-0086,cadastro-da-eja-cadeja-pr,PR,Cadastro da EJA (CADEJA),1,2026-05-01,2026-05-01,26fbc3c29bfea8d8,True
PR|busca ativa escolar|1,FRM-CP-2026-EDU-0087,busca-ativa-escolar-pr,PR,Busca Ativa Escolar,1,2026-05-01,2026-10-05,d2af1b42bb9ff693,True
PR|politica de fomento a implementacao de escolas de ensino medio em tempo integral emti|1,FRM-CP-2026-EDU-0088,politica-de-fomento-a-implementacao-de-escolas-de-ensino-medio-em-tempo-integral-emti-pr,PR,Política de Fomento à Implementação de Escolas de Ensino Médio em Tempo Integral (EMTI),1,2026-05-01,2026-05-01,b557860dee8a00ea,True
PR|politica nacional de migracoes refugio e apatridia pnmra|1,FRM-CP-2026-PSOC-0048,politica-nacional-de-migracoes-refugio-e-apatridia-pnmra-pr,PR,"Política Nacional de Migrações, Refúgio e Apatridia (PNMRA)",1,2026-05-01,2026-05-01,498d40d6a166017f,True
PR|emti politica de fomento a implementacao de escolas de ensino medio em tempo integral|1,FRM-CP-2026-EDU-0089,emti-politica-de-fomento-a-implementacao-de-escolas-de-ensino-medio-em-tempo-integral-pr,PR,EMTI – Política de Fomento à Implementação de Escolas de Ensino Médio em Tempo Integral,1,2026-05-01,2026-05-01,0478e164ae8534da,True
RS|educacao de jovens e adultos eja|1,FRM-CP-2026-EDU-0090,educacao-de-jovens-e-adultos-eja-rs,RS,Educação de Jovens e Adultos (EJA),1,2026-05-01,2026-10-05,11c0175077e76611,True
RS|neejas e exames supletivos de certificacao|1,FRM-CP-2026-EDU-0091,neejas-e-exames-supletivos-de-certificacao-rs,RS,NEEJAs e Exames Supletivos de Certificação,1,2026-05-01,2026-05-01,1b9e9b96192fa4c9,True
RS|educacao profissional e tecnica ept rede estadual do rio grande do sul portal de matriculas escola rs|1,FRM-CP-2026-EDU-0092,educacao-profissional-e-tecnica-ept-rede-estadual-do-rio-grande-do-sul-portal-de-matriculas-escola-rs-rs,RS,Educação Profissional e Técnica (EPT) – Rede Estadual do Rio Grande do Sul (Portal de Matrículas/Escola RS),1,2026-05-01,2026-05-01,0e7aa3e985d3989a,True
RS|exame nacional para certificacao de competencias de jovens e adultos encceja|1,FRM-CP-2026-EDU-0093,exame-nacional-para-certificacao-de-competencias-de-jovens-e-adultos-encceja-rs,RS,Exame Nacional para Certificação de Competências de Jovens e Adultos  (ENCCEJA),1,2026-05-01,2026-05-01,1d1ef63fcc9c3478,True
RS|pacto nacional pela superacao do analfabetismo e qualificacao da eja pacto eja|1,FRM-CP-2026-EDU-0094,pacto-nacional-pela-superacao-do-analfabetismo-e-qualificacao-da-eja-pacto-eja-rs,RS,Pacto Nacional pela Superação do Analfabetismo e Qualificação da EJA (Pacto EJA),1,2026-05-01,2026-05-01,365bb75a8dab77d1,True
RS|programa brasil alfabetizado pba|1,FRM-CP-2026-EDU-0095,programa-brasil-alfabetizado-pba-rs,RS,Programa Brasil Alfabetizado (PBA),1,2026-05-01,2026-05-01,b85527a87cde1d4b,True
RS|plano estadual de educacao do rio grande do sul pee rs lei no 14 705 2015|1,FRM-CP-2026-EDU-0096,plano-estadual-de-educacao-do-rio-grande-do-sul-pee-rs-lei-no-14-705-2015-rs,RS,Plano Estadual de Educação do Rio Grande do Sul (PEE/RS) – Lei nº 14.705/2015,1,2026-05-01,2026-05-01,d947c7ec977d2dcb,True
RS|programa juros por educacao|1,FRM-CP-2026-EDU-0097,programa-juros-por-educacao-rs,RS,Programa Juros por Educação,1,2026-05-01,2026-05-01,d885cdd7f9abb392,True
RS|programa novos caminhos cnj programa nacional de apoio a desinstitucionalizacao de criancas e adolescentes acolhidos e a egressos de unidades de acolhimento|1,FRM-CP-2026-EDU-0098,programa-novos-caminhos-cnj-programa-nacional-de-apoio-a-desinstitucionalizacao-de-criancas-e-adolescentes-acolhid-rs,RS,Programa Novos Caminhos/CNJ (Programa Nacional de Apoio à Desinstitucionalização de Crianças e Adolescentes Acolhidos e a Egressos de Unidades de Acolhimento),1,2026-05-01,2026-05-01,244fafbbf7fd63ed,True
RS|politica nacional de educacao profissional e tecnologica pnept|1,FRM-CP-2026-EDU-0099,politica-nacional-de-educacao-profissional-e-tecnologica-pnept-rs,RS,Política Nacional de Educação Profissional e Tecnológica (PNEPT),1,2026-05-01,2026-05-01,22a85e7bd7ea092b,True
RS|programa nacional de integracao da educacao profissional com a educacao basica na modalidade de educacao de jovens e adultos proeja|1,FRM-CP-2026-EDU-0100,programa-nacional-de-integracao-da-educacao-profissional-com-a-educacao-basica-na-modalidade-de-educacao-de-jovens-rs,RS,Programa Nacional de Integração da Educação Profissional com a Educação Básica na Modalidade de Educação de Jovens e Adultos (PROEJA),1,2026-05-01,2026-05-01,39dc45541f8a6dc2,True
RS|programa de apoio ao novo ensino medio pronem|1,FRM-CP-2026-EDU-0101,programa-de-apoio-ao-novo-ensino-medio-pronem-rs,RS,Programa de Apoio ao Novo Ensino Médio (ProNem),1,2026-05-01,2026-05-01,8b81ac70c3a1e7d2,True
RS|ensino medio mais|1,FRM-CP-2026-EDU-0102,ensino-medio-mais-rs,RS,Ensino Médio Mais,1,2026-05-01,2026-05-01,42796f30d910dc3f,True
RS|plano rio grande lei no 16 134 2024 reconstrucao adaptacao e resiliencia climatica|1,FRM-CP-2026-PSOC-0049,plano-rio-grande-lei-no-16-134-2024-reconstrucao-adaptacao-e-resiliencia-climatica-rs,RS,"Plano Rio Grande (Lei nº 16.134/2024) – Reconstrução, Adaptação e Resiliência Climática",1,2026-05-01,2026-05-01,6c2b84a66bc74fbd,True
RS|centros de artes e esportes unificados ceus das artes|1,FRM-CP-2026-PSOC-0050,centros-de-artes-e-esportes-unificados-ceus-das-artes-rs,RS,Centros de Artes e Esportes Unificados (CEUs das Artes) ,1,2026-05-01,2026-05-01,da14b12bdb055dd6,True
RS|programa nacional de inclusao de jovens projovem|1,FRM-CP-2026-PSOC-0051,programa-nacional-de-inclusao-de-jovens-projovem-rs,RS,Programa Nacional de Inclusão de Jovens (ProJovem),1,2026-05-01,2026-05-01,925819e6c2442fb9,True
RS|programa estacao juventude federal|1,FRM-CP-2026-PSOC-0052,programa-estacao-juventude-federal-rs,RS,Programa Estação Juventude (Federal) ,1,2026-05-01,2026-05-01,08da52bef819afd3,True
RS|bolsa familia|1,FRM-CP-2026-PSOC-0053,bolsa-familia-rs,RS, Bolsa Família,1,2026-05-01,2026-05-01,b33902fc16002ed0,True
RS|auxilio brasil|1,FRM-CP-2026-PSOC-0054,auxilio-brasil-rs,RS,Auxílio Brasil,1,2026-05-01,2026-10-05,aa3ab6a9929c2864,True
RS|brasil sem miseria|1,FRM-CP-2026-PSOC-0055,brasil-sem-miseria-rs,RS, Brasil Sem Miséria,1,2026-05-01,2026-05-01,8a61bb4508f64d0a,True
RS|programa pe de meia|1,FRM-CP-2026-PSOC-0056,programa-pe-de-meia-rs,RS,Programa Pé de Meia,1,2026-05-01,2026-05-01,93d1bcc4b52046f7,True
RS|programa do seguro desemprego|1,FRM-CP-2026-TRAB-0079,programa-do-seguro-desemprego-rs,RS,Programa do Seguro-Desemprego ,1,2026-05-01,2026-05-01,d0f551bb49fa5e7c,True
RS|sistema nacional de emprego sine rede fgtas sine rs|1,FRM-CP-2026-TRAB-0080,sistema-nacional-de-emprego-sine-rede-fgtas-sine-rs-rs,RS,Sistema Nacional de Emprego (SINE) – Rede FGTAS/SINE/RS,1,2026-05-01,2026-05-01,7e9dc7eed9b1b7d3,True
RS|rs qualificacao|1,FRM-CP-2026-TRAB-0081,rs-qualificacao-rs,RS,RS Qualificação,1,2026-05-01,2026-05-01,a6f58dc555e0d462,True
RS|rs qualificacao recomecar 2025|1,FRM-CP-2026-TRAB-0082,rs-qualificacao-recomecar-2025-rs,RS,RS Qualificação Recomeçar (2025),1,2026-05-01,2026-05-01,12669434568a77ad,True
RS|pronatec programa nacional de acesso ao ensino tecnico e emprego|1,FRM-CP-2026-TRAB-0083,pronatec-programa-nacional-de-acesso-ao-ensino-tecnico-e-emprego-rs,RS,Pronatec (Programa Nacional de Acesso ao Ensino Técnico e Emprego),1,2026-05-01,2026-05-01,e23b468cc84e90eb,True
RS|lei da liberdade economica|1,FRM-CP-2026-TRAB-0084,lei-da-liberdade-economica-rs,RS,Lei da Liberdade Econômica,1,2026-05-01,2026-05-01,1cff6b3935a14508,True
RS|programa nacional de estimulo ao primeiro emprego pnpe|1,FRM-CP-2026-TRAB-0085,programa-nacional-de-estimulo-ao-primeiro-emprego-pnpe-rs,RS,Programa Nacional de Estímulo ao Primeiro Emprego (PNPE),1,2026-05-01,2026-05-01,acdfa60e0322b1f2,True
RS|consorcio social da juventude|1,FRM-CP-2026-TRAB-0086,consorcio-social-da-juventude-rs,RS, Consórcio Social da Juventude ,1,2026-05-01,2026-05-01,3531b98a78c0b2ec,True
RS|novos caminhos mec|1,FRM-CP-2026-TRAB-0087,novos-caminhos-mec-rs,RS,Novos Caminhos (MEC),1,2026-05-01,2026-05-01,2bb8641c0abdedf4,True
RS|aprendizagem profissional jovem aprendiz|1,FRM-CP-2026-TRAB-0088,aprendizagem-profissional-jovem-aprendiz-rs,RS,Aprendizagem Profissional (Jovem Aprendiz),1,2026-05-01,2026-05-01,b6e7ed84ad222915,True
RS|pronatec aprendiz na micro e pequena empresa|1,FRM-CP-2026-TRAB-0089,pronatec-aprendiz-na-micro-e-pequena-empresa-rs,RS,Pronatec Aprendiz na Micro e Pequena Empresa,1,2026-05-01,2026-05-01,ade82d1b3c02cbd1,True
RS|rede casa do trabalhador|1,FRM-CP-2026-TRAB-0090,rede-casa-do-trabalhador-rs,RS,Rede Casa do Trabalhador,1,2026-05-01,2026-05-01,b85a31d6e6069324,True
RS|programa emprega mulheres e jovens|1,FRM-CP-2026-TRAB-0091,programa-emprega-mulheres-e-jovens-rs,RS,Programa Emprega + Mulheres e Jovens,1,2026-05-01,2026-10-05,23e21d9c07a62898,True
RS|programa ensino medio inovador proemi|1,FRM-CP-2026-EDU-0103,programa-ensino-medio-inovador-proemi-rs,RS,Programa Ensino Médio Inovador (ProEmi),1,2026-05-01,2026-05-01,75c06cde0dd74df2,True
RS|politica nacional de migracoes refugio e apatridia pnmra|1,FRM-CP-2026-PSOC-0057,politica-nacional-de-migracoes-refugio-e-apatridia-pnmra-rs,RS,"Política Nacional de Migrações, Refúgio e Apatridia (PNMRA)",1,2026-05-01,2026-05-01,e14e7b491cec8b71,True
RS|busca ativa escolar|1,FRM-CP-2026-EDU-0104,busca-ativa-escolar-rs,RS, Busca Ativa Escolar,1,2026-05-01,2026-10-05,f439ad04af238a4c,True
RS|cadastro da eja cadeja|1,FRM-CP-2026-EDU-0105,cadastro-da-eja-cadeja-rs,RS,Cadastro da EJA (CADEJA),1,2026-05-01,2026-05-01,67303349de4cc6cf,True
RS|plano estadual de educacao para pessoas privadas de liberdade peep do rs 2025 2028|1,FRM-CP-2026-EDU-0106,plano-estadual-de-educacao-para-pessoas-privadas-de-liberdade-peep-do-rs-2025-2028-rs,RS,Plano Estadual de Educação para Pessoas Privadas de Liberdade (PEEP) do RS (2025-2028),1,2026-05-01,2026-05-01,31cb3c9541c5de68,True
RS|politica de protecao a trajetoria do estudante rs|1,FRM-CP-2026-EDU-0107,politica-de-protecao-a-trajetoria-do-estudante-rs-rs,RS,Política de Proteção à Trajetória do Estudante – RS,1,2026-05-01,2026-10-05,5f9dd4338b153b98,True
BA|educacao de jovens e adultos eja|1,FRM-CP-2026-EDU-0108,educacao-de-jovens-e-adultos-eja-ba,BA,Educação de Jovens e Adultos (EJA),1,2026-05-01,2026-10-05,3fe320108560da56,True
BA|programa brasil alfabetizado pba|1,FRM-CP-2026-EDU-0109,programa-brasil-alfabetizado-pba-ba,BA,Programa Brasil Alfabetizado (PBA),1,2026-05-01,2026-05-01,32a766b65260b28c,True
BA|plano estadual de educacao para pessoas privadas de liberdade e egressas do sistema prisional bahia 2021 2024|1,FRM-CP-2026-EDU-0110,plano-estadual-de-educacao-para-pessoas-privadas-de-liberdade-e-egressas-do-sistema-prisional-bahia-2021-2024-ba,BA,Plano Estadual de Educação para Pessoas Privadas de Liberdade e Egressas do Sistema Prisional Bahia (2021-2024),1,2026-05-01,2026-10-05,ee6cf22ddf6875ac,True
BA|emitec programa de ensino medio com intermediacao tecnologica bahia|1,FRM-CP-2026-EDU-0111,emitec-programa-de-ensino-medio-com-intermediacao-tecnologica-bahia-ba,BA,EMITec – Programa de Ensino Médio com Intermediação Tecnológica (Bahia),1,2026-05-01,2026-05-01,4ff113235b0697e0,True
BA|programa nacional de integracao da educacao profissional com a educacao basica proeja|1,FRM-CP-2026-EDU-0112,programa-nacional-de-integracao-da-educacao-profissional-com-a-educacao-basica-proeja-ba,BA,Programa Nacional de Integração da Educação Profissional com a Educação Básica (PROEJA),1,2026-05-01,2026-10-05,aeb6277270ce9cf0,True
BA|programa bahia alfabetizada|1,FRM-CP-2026-EDU-0113,programa-bahia-alfabetizada-ba,BA,Programa Bahia Alfabetizada,1,2026-05-01,2026-05-01,b18f91d73ae3208a,True
BA|busca ativa escolar|1,FRM-CP-2026-EDU-0114,busca-ativa-escolar-ba,BA,Busca Ativa Escolar,1,2026-05-01,2026-10-05,1aa7ae461bda0bff,True
BA|escolas familias agricolas efa e casas familiares rurais cfr bahia|1,FRM-CP-2026-EDU-0115,escolas-familias-agricolas-efa-e-casas-familiares-rurais-cfr-bahia-ba,BA,Escolas Famílias Agrícolas (EFA) e Casas Familiares Rurais (CFR) – Bahia,1,2026-05-01,2026-05-01,4e7ec64d646810b9,True
BA|pacto nacional pela superacao do analfabetismo e qualificacao da eja pacto nacional da eja|1,FRM-CP-2026-EDU-0116,pacto-nacional-pela-superacao-do-analfabetismo-e-qualificacao-da-eja-pacto-nacional-da-eja-ba,BA,Pacto Nacional pela Superação do Analfabetismo e Qualificação da EJA (Pacto Nacional da EJA),1,2026-05-01,2026-05-01,d796ba81a7add6b7,True
BA|exame nacional para certificacao de competencias de jovens e adultos encceja|1,FRM-CP-2026-EDU-0117,exame-nacional-para-certificacao-de-competencias-de-jovens-e-adultos-encceja-ba,BA,Exame Nacional para Certificação de Competências de Jovens e Adultos  (ENCCEJA),1,2026-05-01,2026-05-01,ccc90c528b76bcfb,True
BA|politica nacional de educacao profissional e tecnologica pnept|1,FRM-CP-2026-EDU-0118,politica-nacional-de-educacao-profissional-e-tecnologica-pnept-ba,BA,Política Nacional de Educação Profissional e Tecnológica (PNEPT),1,2026-05-01,2026-05-01,9639605bd2c34dd6,True
BA|programa juros por educacao|1,FRM-CP-2026-EDU-0119,programa-juros-por-educacao-ba,BA,Programa Juros por Educação,1,2026-05-01,2026-05-01,26a0f7f079c573a1,True
BA|programa novos caminhos cnj programa nacional de apoio a desinstitucionalizacao de criancas e adolescentes acolhidos e a egressos de unidades de acolhimento|1,FRM-CP-2026-EDU-0120,programa-novos-caminhos-cnj-programa-nacional-de-apoio-a-desinstitucionalizacao-de-criancas-e-adolescentes-acolhid-ba,BA,Programa Novos Caminhos/CNJ (Programa Nacional de Apoio à Desinstitucionalização de Crianças e Adolescentes Acolhidos e a Egressos de Unidades de Acolhimento),1,2026-05-01,2026-05-01,b80e5e819a902ab8,True
BA|programa de apoio ao novo ensino medio pronem|1,FRM-CP-2026-EDU-0121,programa-de-apoio-ao-novo-ensino-medio-pronem-ba,BA,Programa de Apoio ao Novo Ensino Médio (ProNem),1,2026-05-01,2026-05-01,cad5632ff5891318,True
BA|ensino medio mais|1,FRM-CP-2026-EDU-0122,ensino-medio-mais-ba,BA,Ensino Médio Mais,1,2026-05-01,2026-05-01,5ba6b8a5fc551531,True
BA|programa ensino medio inovador proemi|1,FRM-CP-2026-EDU-0123,programa-ensino-medio-inovador-proemi-ba,BA,Programa Ensino Médio Inovador (ProEmi),1,2026-05-01,2026-05-01,21d8a49d7e12b69c,True
BA|politica de fomento a implementacao de escolas de ensino medio em tempo integral emti|1,FRM-CP-2026-EDU-0124,politica-de-fomento-a-implementacao-de-escolas-de-ensino-medio-em-tempo-integral-emti-ba,BA,Política de Fomento à Implementação de Escolas de Ensino Médio em Tempo Integral (EMTI),1,2026-05-01,2026-05-01,c0046f7a4d65ea74,True
BA|cadastro da eja cadeja|1,FRM-CP-2026-EDU-0125,cadastro-da-eja-cadeja-ba,BA,Cadastro da EJA (CADEJA),1,2026-05-01,2026-05-01,39ba8241c6f2247e,True
BA|programa estacao juventude|1,FRM-CP-2026-PSOC-0058,programa-estacao-juventude-ba,BA,Programa Estação Juventude,1,2026-05-01,2026-05-01,6737be47059256dd,True
BA|politica nacional de migracoes refugio e apatridia pnmra|1,FRM-CP-2026-PSOC-0059,politica-nacional-de-migracoes-refugio-e-apatridia-pnmra-ba,BA,"Política Nacional de Migrações, Refúgio e Apatridia (PNMRA)",1,2026-05-01,2026-05-01,c21c3be59f91ad21,True
BA|programa do seguro desemprego|1,FRM-CP-2026-TRAB-0092,programa-do-seguro-desemprego-ba,BA,Programa do Seguro-Desemprego,1,2026-05-01,2026-05-01,0dcffd3c603f6b58,True
BA|programa bolsa presenca|1,FRM-CP-2026-PSOC-0060,programa-bolsa-presenca-ba,BA,Programa Bolsa Presença,1,2026-05-01,2026-05-01,3ad82e6396bf4e74,True
BA|bolsa familia|1,FRM-CP-2026-PSOC-0061,bolsa-familia-ba,BA, Bolsa Família,1,2026-05-01,2026-05-01,6b6d6a47b7d94bbb,True
BA|auxilio brasil|1,FRM-CP-2026-PSOC-0062,auxilio-brasil-ba,BA,Auxílio Brasil,1,2026-05-01,2026-10-05,b735a1bc5ad2bfa6,True
BA|brasil sem miseria|1,FRM-CP-2026-PSOC-0063,brasil-sem-miseria-ba,BA, Brasil Sem Miséria,1,2026-05-01,2026-05-01,e95d70dd7deade1b,True
BA|programa pe de meia|1,FRM-CP-2026-PSOC-0064,programa-pe-de-meia-ba,BA,Programa Pé de Meia,1,2026-05-01,2026-05-01,6d075ed3e2267824,True
BA|programa nacional de inclusao de jovens projovem|1,FRM-CP-2026-PSOC-0065,programa-nacional-de-inclusao-de-jovens-projovem-ba,BA,Programa Nacional de Inclusão de Jovens (ProJovem),1,2026-05-01,2026-05-01,8ed68c64e6326590,True
BA|rede estadual de educacao profissional e tecnologica ept|1,FRM-CP-2026-TRAB-0093,rede-estadual-de-educacao-profissional-e-tecnologica-ept-ba,BA,Rede Estadual de Educação Profissional e Tecnológica (EPT),1,2026-05-01,2026-05-01,8abfba3a06e147a2,True
BA|programa nacional de acesso ao ensino tecnico e emprego pronatec|1,FRM-CP-2026-TRAB-0094,programa-nacional-de-acesso-ao-ensino-tecnico-e-emprego-pronatec-ba,BA,Programa Nacional de Acesso ao Ensino Técnico e Emprego (PRONATEC),1,2026-05-01,2026-10-05,80c19a4d9aa105b2,True
BA|aprendizagem profissional jovem aprendiz|1,FRM-CP-2026-TRAB-0095,aprendizagem-profissional-jovem-aprendiz-ba,BA,Aprendizagem Profissional (Jovem Aprendiz),1,2026-05-01,2026-05-01,a186bb606839464d,True
BA|programa nacional de acesso ao ensino tecnico e emprego pronatec|2,FRM-CP-2026-TRAB-0096,programa-nacional-de-acesso-ao-ensino-tecnico-e-emprego-pronatec-ba-2,BA,Programa Nacional de Acesso ao Ensino Técnico e Emprego (PRONATEC),1,2026-05-01,2026-10-05,bb7463ad8bd39c5e,True
BA|sistema nacional de emprego sine|1,FRM-CP-2026-TRAB-0097,sistema-nacional-de-emprego-sine-ba,BA, Sistema Nacional de Emprego (SINE),1,2026-05-01,2026-05-01,7dd915e592cc6405,True
BA|qualifica bahia|1,FRM-CP-2026-TRAB-0098,qualifica-bahia-ba,BA,Qualifica Bahia,1,2026-05-01,2026-05-01,0f24280795b98426,True
BA|programa manuel querino de qualificacao social e profissional pmq|1,FRM-CP-2026-TRAB-0099,programa-manuel-querino-de-qualificacao-social-e-profissional-pmq-ba,BA,Programa Manuel Querino de Qualificação Social e Profissional (PMQ),1,2026-05-01,2026-05-01,c2666bdf3218c2a9,True
BA|programa trilha juventude baiana no caminho do trabalho|1,FRM-CP-2026-TRAB-0100,programa-trilha-juventude-baiana-no-caminho-do-trabalho-ba,BA,Programa Trilha – Juventude Baiana no Caminho do Trabalho,1,2026-05-01,2026-05-01,bc6edd4d4d289b70,True
BA|novos caminhos mec|1,FRM-CP-2026-TRAB-0101,novos-caminhos-mec-ba,BA,Novos Caminhos (MEC),1,2026-05-01,2026-05-01,731792277199f275,True
BA|projeto conectar qualificacao e trabalho|1,FRM-CP-2026-TRAB-0102,projeto-conectar-qualificacao-e-trabalho-ba,BA,Projeto Conectar – Qualificação e Trabalho ,1,2026-05-01,2026-10-05,bb0fbf1c7aa01524,True
BA|programa conectar educacao|1,FRM-CP-2026-TRAB-0103,programa-conectar-educacao-ba,BA,Programa Conectar Educação,1,2026-05-01,2026-05-01,c90d6bf56e1d00e7,True
BA|programa educar para trabalhar|1,FRM-CP-2026-TRAB-0104,programa-educar-para-trabalhar-ba,BA,Programa Educar para Trabalhar,1,2026-05-01,2026-05-01,1efb617605ca1fa7,True
BA|projeto conectar ead|1,FRM-CP-2026-TRAB-0105,projeto-conectar-ead-ba,BA,Projeto Conectar EaD,1,2026-05-01,2026-05-01,26dd6f4fca3e178e,True
BA|capacitacao senac|1,FRM-CP-2026-TRAB-0106,capacitacao-senac-ba,BA,Capacitação Senac,1,2026-05-01,2026-05-01,f61d9273cb3ad017,True
BA|qualifica sinebahia|1,FRM-CP-2026-TRAB-0107,qualifica-sinebahia-ba,BA,Qualifica SINEBahia,1,2026-05-01,2026-05-01,5f7e80bc9088cb23,True
BA|escola do trabalhador 4 0|1,FRM-CP-2026-TRAB-0108,escola-do-trabalhador-4-0-ba,BA,Escola do Trabalhador 4.0,1,2026-05-01,2026-05-01,7b331311debab5d1,True
BA|saber para crescer aprender e o melhor negocio|1,FRM-CP-2026-TRAB-0109,saber-para-crescer-aprender-e-o-melhor-negocio-ba,BA,Saber para Crescer - Aprender é o Melhor Negócio,1,2026-05-01,2026-05-01,edbae3aad772f366,True
BA|gestao jovem|1,FRM-CP-2026-TRAB-0110,gestao-jovem-ba,BA,Gestão Jovem,1,2026-05-01,2026-05-01,51fc8b9b94e421e4,True
BA|jovem empreendedor|1,FRM-CP-2026-TRAB-0111,jovem-empreendedor-ba,BA,Jovem Empreendedor,1,2026-05-01,2026-05-01,7648f1440f53b903,True
BA|programa forca jovem|1,FRM-CP-2026-TRAB-0112,programa-forca-jovem-ba,BA,Programa Força Jovem,1,2026-05-01,2026-05-01,901fd29f0b96f390,True
BA|acelerando seu corre bahia|1,FRM-CP-2026-TRAB-0113,acelerando-seu-corre-bahia-ba,BA,Acelerando seu Corre Bahia,1,2026-05-01,2026-05-01,2599f362095c81fc,True
BA|com as maos eu recomeco|1,FRM-CP-2026-TRAB-0114,com-as-maos-eu-recomeco-ba,BA,"Com as Mãos, Eu Recomeço",1,2026-05-01,2026-05-01,b54467906b0dd13a,True
BA|lei da liberdade economica|1,FRM-CP-2026-TRAB-0115,lei-da-liberdade-economica-ba,BA,Lei da Liberdade Econômica,1,2026-05-01,2026-05-01,364bdafb8ab3e2bc,True
BA|programa emprega mulheres e jovens|1,FRM-CP-2026-TRAB-0116,programa-emprega-mulheres-e-jovens-ba,BA,Programa Emprega + Mulheres e Jovens,1,2026-05-01,2026-10-05,933b6a35e47d04bf,True
BA|agencias do trabalho casas do trabalhador articuladas ao sine|1,FRM-CP-2026-TRAB-0117,agencias-do-trabalho-casas-do-trabalhador-articuladas-ao-sine-ba,BA,Agências do Trabalho/Casas do Trabalhador (articuladas ao Sine),1,2026-05-01,2026-10-05,ad40b13981cdddfa,True
BA|programa juros por educacao|2,FRM-CP-2026-EDU-0126,programa-juros-por-educacao-ba-2,BA,Programa Juros por Educação,1,2026-05-01,2026-05-01,0c9ebb86b5ceb56c,True
PA|plano estadual de educacao do para pee|1,FRM-CP-2026-EDU-0127,plano-estadual-de-educacao-do-para-pee-pa,PA,Plano Estadual de Educação do Pará (PEE),1,2026-05-01,2026-10-05,a5c885bc4e33240e,True
PA|ensino personalizado ceejas neejas do para|1,FRM-CP-2026-EDU-0128,ensino-personalizado-ceejas-neejas-do-para-pa,PA,Ensino Personalizado – CEEJAs/NEEJAs do Pará,1,2026-05-01,2026-05-01,7a9822a24661e29f,True
PA|exame estadual permanente para|1,FRM-CP-2026-EDU-0129,exame-estadual-permanente-para-pa,PA,Exame Estadual Permanente – Pará,1,2026-05-01,2026-05-01,822215889b5cdfbd,True
PA|projeto mundiar|1,FRM-CP-2026-EDU-0130,projeto-mundiar-pa,PA,Projeto Mundiar,1,2026-05-01,2026-05-01,97b2392790237f40,True
PA|planos estaduais de educacao para pessoas privadas de liberdade e egressos do sistema prisional peesp|1,FRM-CP-2026-EDU-0131,planos-estaduais-de-educacao-para-pessoas-privadas-de-liberdade-e-egressos-do-sistema-prisional-peesp-pa,PA,Planos Estaduais de Educação para pessoas privadas de liberdade e egressos do sistema prisional (PEESP),1,2026-05-01,2026-05-01,47098f7f1f583dbc,True
PA|qualifica para|1,FRM-CP-2026-TRAB-0118,qualifica-para-pa,PA,Qualifica Pará,1,2026-05-01,2026-05-01,3179cebc5677e965,True
PA|busca ativa escolar|1,FRM-CP-2026-EDU-0132,busca-ativa-escolar-pa,PA,Busca Ativa Escolar,1,2026-05-01,2026-10-05,4ba7d4fce273208e,True
PA|educacao de jovens e adultos eja|1,FRM-CP-2026-EDU-0133,educacao-de-jovens-e-adultos-eja-pa,PA,Educação de Jovens e Adultos (EJA),1,2026-05-01,2026-10-05,6413b41939732b31,True
PA|programa brasil alfabetizado|1,FRM-CP-2026-EDU-0134,programa-brasil-alfabetizado-pa,PA,Programa Brasil Alfabetizado,1,2026-05-01,2026-05-01,620b1a0ba2072011,True
PA|pacto nacional pela superacao do analfabetismo e qualificacao da eja pacto nacional da eja|1,FRM-CP-2026-EDU-0135,pacto-nacional-pela-superacao-do-analfabetismo-e-qualificacao-da-eja-pacto-nacional-da-eja-pa,PA,Pacto Nacional pela Superação do Analfabetismo e Qualificação da EJA (Pacto Nacional da EJA),1,2026-05-01,2026-05-01,a1a50ab215fa2e61,True
PA|exame nacional para certificacao de competencias de jovens e adultos encceja|1,FRM-CP-2026-EDU-0136,exame-nacional-para-certificacao-de-competencias-de-jovens-e-adultos-encceja-pa,PA,Exame Nacional para Certificação de Competências de Jovens e Adultos  (ENCCEJA),1,2026-05-01,2026-05-01,8457d470da0295d4,True
PA|programa nacional de integracao da educacao profissional com a educacao basica na modalidade de educacao de jovens e adultos proeja|1,FRM-CP-2026-EDU-0137,programa-nacional-de-integracao-da-educacao-profissional-com-a-educacao-basica-na-modalidade-de-educacao-de-jovens-pa,PA,Programa Nacional de Integração da Educação Profissional com a Educação Básica na Modalidade de Educação de Jovens e Adultos (PROEJA),1,2026-05-01,2026-05-01,1faac0f1ff9f50f0,True
PA|politica nacional de educacao profissional e tecnologica pnept|1,FRM-CP-2026-EDU-0138,politica-nacional-de-educacao-profissional-e-tecnologica-pnept-pa,PA,Política Nacional de Educação Profissional e Tecnológica (PNEPT),1,2026-05-01,2026-05-01,99554454e2729c3f,True
PA|programa novos caminhos cnj programa nacional de apoio a desinstitucionalizacao de criancas e adolescentes acolhidos e a egressos de unidades de acolhimento|1,FRM-CP-2026-EDU-0139,programa-novos-caminhos-cnj-programa-nacional-de-apoio-a-desinstitucionalizacao-de-criancas-e-adolescentes-acolhid-pa,PA,Programa Novos Caminhos/CNJ (Programa Nacional de Apoio à Desinstitucionalização de Crianças e Adolescentes Acolhidos e a Egressos de Unidades de Acolhimento),1,2026-05-01,2026-05-01,ad25d90bc31a68d0,True
PA|programa de apoio ao novo ensino medio pronem|1,FRM-CP-2026-EDU-0140,programa-de-apoio-ao-novo-ensino-medio-pronem-pa,PA,Programa de Apoio ao Novo Ensino Médio (ProNem),1,2026-05-01,2026-05-01,b56a90436d8aa277,True
PA|ensino medio mais|1,FRM-CP-2026-EDU-0141,ensino-medio-mais-pa,PA,Ensino Médio Mais,1,2026-05-01,2026-05-01,e2a8babddec540ce,True
PA|programa nacional de inclusao de jovens projovem|1,FRM-CP-2026-PSOC-0066,programa-nacional-de-inclusao-de-jovens-projovem-pa,PA,Programa Nacional de Inclusão de Jovens (ProJovem),1,2026-05-01,2026-05-01,808f723daf14b349,True
PA|programa estacao juventude federal|1,FRM-CP-2026-PSOC-0067,programa-estacao-juventude-federal-pa,PA,Programa Estação Juventude (Federal) ,1,2026-05-01,2026-05-01,925278cad617dd6d,True
PA|centros de artes e esportes unificados ceus das artes|1,FRM-CP-2026-PSOC-0068,centros-de-artes-e-esportes-unificados-ceus-das-artes-pa,PA,Centros de Artes e Esportes Unificados (CEUs das Artes) ,1,2026-05-01,2026-05-01,940561a91d23a354,True
PA|bolsa familia|1,FRM-CP-2026-PSOC-0069,bolsa-familia-pa,PA, Bolsa Família,1,2026-05-01,2026-05-01,7143ebd6dc5a9f9b,True
PA|auxilio brasil|1,FRM-CP-2026-PSOC-0070,auxilio-brasil-pa,PA,Auxílio Brasil,1,2026-05-01,2026-10-05,603c0af87f788a52,True
PA|brasil sem miseria|1,FRM-CP-2026-PSOC-0071,brasil-sem-miseria-pa,PA, Brasil Sem Miséria,1,2026-05-01,2026-05-01,9dcb1a546062b33a,True
PA|programa pe de meia|1,FRM-CP-2026-PSOC-0072,programa-pe-de-meia-pa,PA,Programa Pé de Meia,1,2026-05-01,2026-05-01,38baf1b859da3f83,True
PA|programa do seguro desemprego|1,FRM-CP-2026-TRAB-0119,programa-do-seguro-desemprego-pa,PA,Programa do Seguro-Desemprego ,1,2026-05-01,2026-05-01,11b0f06fabf2910b,True
PA|programa nacional de estimulo ao primeiro emprego pnpe|1,FRM-CP-2026-TRAB-0120,programa-nacional-de-estimulo-ao-primeiro-emprego-pnpe-pa,PA,Programa Nacional de Estímulo ao Primeiro Emprego (PNPE),1,2026-05-01,2026-05-01,bcde61a5b9f494ce,True
PA|consorcio social da juventude|1,FRM-CP-2026-TRAB-0121,consorcio-social-da-juventude-pa,PA, Consórcio Social da Juventude ,1,2026-05-01,2026-05-01,eeee68823075d827,True
PA|novos caminhos mec|1,FRM-CP-2026-TRAB-0122,novos-caminhos-mec-pa,PA,Novos Caminhos (MEC),1,2026-05-01,2026-05-01,36bd15478430de54,True
PA|aprendizagem profissional jovem aprendiz|1,FRM-CP-2026-TRAB-0123,aprendizagem-profissional-jovem-aprendiz-pa,PA,Aprendizagem Profissional (Jovem Aprendiz),1,2026-05-01,2026-05-01,dd2e5f95f7f87413,True
PA|programa nacional de acesso ao ensino tecnico e emprego pronatec|1,FRM-CP-2026-TRAB-0124,programa-nacional-de-acesso-ao-ensino-tecnico-e-emprego-pronatec-pa,PA,Programa Nacional de Acesso ao Ensino Técnico e Emprego (PRONATEC),1,2026-05-01,2026-10-05,8368a1ee4b0fc234,True
PA|pronatec aprendiz na micro e pequena empresa|1,FRM-CP-2026-TRAB-0125,pronatec-aprendiz-na-micro-e-pequena-empresa-pa,PA,Pronatec Aprendiz na Micro e Pequena Empresa,1,2026-05-01,2026-05-01,bc7219980bd1ca69,True
PA|sistema nacional de emprego sine|1,FRM-CP-2026-TRAB-0126,sistema-nacional-de-emprego-sine-pa,PA,Sistema Nacional de Emprego (SINE),1,2026-05-01,2026-05-01,25273609c6948528,True
PA|lei da liberdade economica|1,FRM-CP-2026-TRAB-0127,lei-da-liberdade-economica-pa,PA,Lei da Liberdade Econômica,1,2026-05-01,2026-05-01,14aead4a5a010604,True
PA|programa emprega mulheres e jovens|1,FRM-CP-2026-TRAB-0128,programa-emprega-mulheres-e-jovens-pa,PA,Programa Emprega + Mulheres e Jovens,1,2026-05-01,2026-10-05,6e05306ce36a207c,True
PA|fabrica de esperanca associacao polo produtivo para|1,FRM-CP-2026-TRAB-0129,fabrica-de-esperanca-associacao-polo-produtivo-para-pa,PA,Fabrica de Esperança (Associação Polo Produtivo Pará),1,2026-05-01,2026-05-01,81b9802b21c7527a,True
PA|politica estadual para migrantes refugiados e apatridas do para 2022|1,FRM-CP-2026-PSOC-0073,politica-estadual-para-migrantes-refugiados-e-apatridas-do-para-2022-pa,PA,"Política Estadual para Migrantes, Refugiados e Apátridas do Pará (2022)",1,2026-05-01,2026-05-01,9981d165b2f3a500,True
PA|programa saberes da eja|1,FRM-CP-2026-EDU-0142,programa-saberes-da-eja-pa,PA,Programa Saberes da EJA,1,2026-05-01,2026-05-01,a50bdcaacd94d348,True
PA|programa ensino medio inovador proemi|1,FRM-CP-2026-EDU-0143,programa-ensino-medio-inovador-proemi-pa,PA,Programa Ensino Médio Inovador (ProEmi),1,2026-05-01,2026-05-01,d4e5f372687f2044,True
PA|cadastro da eja cadeja|1,FRM-CP-2026-EDU-0144,cadastro-da-eja-cadeja-pa,PA,Cadastro da EJA (CADEJA),1,2026-05-01,2026-05-01,3ff6d122685e257d,True
PA|politica nacional de migracoes refugio e apatridia pnmra|1,FRM-CP-2026-PSOC-0074,politica-nacional-de-migracoes-refugio-e-apatridia-pnmra-pa,PA,"Política Nacional de Migrações, Refúgio e Apatridia (PNMRA)",1,2026-05-01,2026-05-01,b05f2e8ffaf7b196,True
PA|rede casa do trabalhador|1,FRM-CP-2026-TRAB-0130,rede-casa-do-trabalhador-pa,PA,Rede Casa do Trabalhador,1,2026-05-01,2026-05-01,c5db306aa2c36f0f,True
PA|emti politica de fomento a implementacao de escolas de ensino medio em tempo integral|1,FRM-CP-2026-EDU-0145,emti-politica-de-fomento-a-implementacao-de-escolas-de-ensino-medio-em-tempo-integral-pa,PA,EMTI – Política de Fomento à Implementação de Escolas de Ensino Médio em Tempo Integral,1,2026-05-01,2026-10-05,1690d0c86be19090,True
PA|trilhas no para|1,FRM-CP-2026-EDU-0146,trilhas-no-para-pa,PA,Trilhas no Pará,1,2026-05-01,2026-05-01,67d8f569aa4b8b16,True
PE|plano estadual de educacao de pernambuco pee|1,FRM-CP-2026-EDU-0147,plano-estadual-de-educacao-de-pernambuco-pee-pe,PE,Plano Estadual de Educação de Pernambuco (PEE),1,2026-05-01,2026-05-01,b78ed4775cfaefd4,True
PE|educacao de jovens e adultos eja rede estadual de pernambuco|1,FRM-CP-2026-EDU-0148,educacao-de-jovens-e-adultos-eja-rede-estadual-de-pernambuco-pe,PE,Educação de Jovens e Adultos (EJA) - Rede Estadual de Pernambuco,1,2026-05-01,2026-10-05,bb9ed3a0fc2d95d6,True
PE|eja campo|1,FRM-CP-2026-EDU-0149,eja-campo-pe,PE,EJA Campo,1,2026-05-01,2026-10-05,20e0172c50bd065e,True
PE|plano estadual de educacao para pessoas privadas de liberdade do sistema prisional de pernambuco|1,FRM-CP-2026-EDU-0150,plano-estadual-de-educacao-para-pessoas-privadas-de-liberdade-do-sistema-prisional-de-pernambuco-pe,PE,Plano Estadual De Educação Para Pessoas Privadas De Liberdade Do Sistema Prisional De Pernambuco ,1,2026-05-01,2026-05-01,9183f798d7f9512d,True
PE|exame supletivo anual pernambuco|1,FRM-CP-2026-EDU-0151,exame-supletivo-anual-pernambuco-pe,PE,Exame Supletivo Anual – Pernambuco,1,2026-05-01,2026-05-01,2853c411a395ed75,True
PE|projeto travessia programa de correcao do fluxo escolar|1,FRM-CP-2026-EDU-0152,projeto-travessia-programa-de-correcao-do-fluxo-escolar-pe,PE,Projeto Travessia – Programa de Correção do Fluxo Escolar,1,2026-05-01,2026-05-01,625bf4d8167f80bb,True
PE|novo projeto de correcao do fluxo escolar pernambuco|1,FRM-CP-2026-EDU-0153,novo-projeto-de-correcao-do-fluxo-escolar-pernambuco-pe,PE,Novo Projeto de Correção do Fluxo Escolar – Pernambuco,1,2026-05-01,2026-05-01,53ad80dce9284f3e,True
PE|pe alfabetizado|1,FRM-CP-2026-EDU-0154,pe-alfabetizado-pe,PE,PE+ Alfabetizado,1,2026-05-01,2026-05-01,d3d41581f51fba8c,True
PE|programa crianca alfabetizada pca|1,FRM-CP-2026-EDU-0155,programa-crianca-alfabetizada-pca-pe,PE,Programa Criança Alfabetizada (PCA),1,2026-05-01,2026-05-01,728a0e24e5dcd63b,True
PE|programa brasil alfabetizado|1,FRM-CP-2026-EDU-0156,programa-brasil-alfabetizado-pe,PE,Programa Brasil Alfabetizado,1,2026-05-01,2026-05-01,fdb72f0a3640c6bc,True
PE|pacto nacional pela superacao do analfabetismo e qualificacao da eja pacto nacional da eja|1,FRM-CP-2026-EDU-0157,pacto-nacional-pela-superacao-do-analfabetismo-e-qualificacao-da-eja-pacto-nacional-da-eja-pe,PE,Pacto Nacional pela Superação do Analfabetismo e Qualificação da EJA (Pacto Nacional da EJA),1,2026-05-01,2026-05-01,0e12ff5782c70a4e,True
PE|programa nacional de integracao da educacao profissional com a educacao basica na modalidade eja proeja|1,FRM-CP-2026-EDU-0158,programa-nacional-de-integracao-da-educacao-profissional-com-a-educacao-basica-na-modalidade-eja-proeja-pe,PE,Programa Nacional de Integração da Educação Profissional com a Educação Básica na Modalidade EJA (PROEJA),1,2026-05-01,2026-05-01,f61b6077af405a38,True
PE|exame nacional para certificacao de competencias de jovens e adultos encceja|1,FRM-CP-2026-EDU-0159,exame-nacional-para-certificacao-de-competencias-de-jovens-e-adultos-encceja-pe,PE,Exame Nacional para Certificação de Competências de Jovens e Adultos  (ENCCEJA),1,2026-05-01,2026-05-01,f722eef7b9569261,True
PE|politica nacional de educacao profissional e tecnologica pnept|1,FRM-CP-2026-EDU-0160,politica-nacional-de-educacao-profissional-e-tecnologica-pnept-pe,PE,Política Nacional de Educação Profissional e Tecnológica (PNEPT),1,2026-05-01,2026-05-01,3be24eac3d40cd00,True
PE|projovem urbano|1,FRM-CP-2026-EDU-0161,projovem-urbano-pe,PE,Projovem Urbano,1,2026-05-01,2026-05-01,267f047aba2c139a,True
PE|programa juros por educacao|1,FRM-CP-2026-EDU-0162,programa-juros-por-educacao-pe,PE,Programa Juros por Educação,1,2026-05-01,2026-05-01,b1f41ef27ca505d3,True
PE|programa novos caminhos cnj programa nacional de apoio a desinstitucionalizacao de criancas e adolescentes acolhidos e a egressos de unidades de acolhimento|1,FRM-CP-2026-EDU-0163,programa-novos-caminhos-cnj-programa-nacional-de-apoio-a-desinstitucionalizacao-de-criancas-e-adolescentes-acolhid-pe,PE,Programa Novos Caminhos/CNJ (Programa Nacional de Apoio à Desinstitucionalização de Crianças e Adolescentes Acolhidos e a Egressos de Unidades de Acolhimento),1,2026-05-01,2026-05-01,8828229eab0590fc,True
PE|programa de apoio ao novo ensino medio pronem|1,FRM-CP-2026-EDU-0164,programa-de-apoio-ao-novo-ensino-medio-pronem-pe,PE,Programa de Apoio ao Novo Ensino Médio (ProNem),1,2026-05-01,2026-05-01,4c833fe83377e051,True
PE|ensino medio mais|1,FRM-CP-2026-EDU-0165,ensino-medio-mais-pe,PE,Ensino Médio Mais,1,2026-05-01,2026-05-01,90564cd0ddb837fa,True
PE|programa ensino medio inovador proemi|1,FRM-CP-2026-EDU-0166,programa-ensino-medio-inovador-proemi-pe,PE,Programa Ensino Médio Inovador (ProEmi),1,2026-05-01,2026-05-01,d92127efcb5ef13d,True
PE|politica de fomento a implementacao de escolas de ensino medio em tempo integral emti|1,FRM-CP-2026-EDU-0167,politica-de-fomento-a-implementacao-de-escolas-de-ensino-medio-em-tempo-integral-emti-pe,PE,Política de Fomento à Implementação de Escolas de Ensino Médio em Tempo Integral (EMTI),1,2026-05-01,2026-05-01,00866c956bb598d1,True
PE|cadastro da eja cadeja|1,FRM-CP-2026-EDU-0168,cadastro-da-eja-cadeja-pe,PE,Cadastro da EJA (CADEJA),1,2026-05-01,2026-05-01,88fea0a9aebcc303,True
PE|bolsa familia|1,FRM-CP-2026-PSOC-0075,bolsa-familia-pe,PE, Bolsa Família,1,2026-05-01,2026-05-01,e22748b9edb42e52,True
PE|auxilio brasil|1,FRM-CP-2026-PSOC-0076,auxilio-brasil-pe,PE,Auxílio Brasil,1,2026-05-01,2026-10-05,26ff7f26f2da896a,True
PE|brasil sem miseria|1,FRM-CP-2026-PSOC-0077,brasil-sem-miseria-pe,PE, Brasil Sem Miséria,1,2026-05-01,2026-05-01,8c54dd344121d834,True
PE|pe de meia|1,FRM-CP-2026-PSOC-0078,pe-de-meia-pe,PE,Pé-de-Meia,1,2026-05-01,2026-05-01,491d78a39e40959f,True
PE|programa estacao juventude federal|1,FRM-CP-2026-PSOC-0079,programa-estacao-juventude-federal-pe,PE,Programa Estação Juventude (Federal) ,1,2026-05-01,2026-05-01,44ba083234a7f35e,True
PE|centros de artes e esportes unificados ceus das artes|1,FRM-CP-2026-PSOC-0080,centros-de-artes-e-esportes-unificados-ceus-das-artes-pe,PE,Centros de Artes e Esportes Unificados (CEUs das Artes) ,1,2026-05-01,2026-05-01,634cdecf34e76020,True
PE|politica nacional de migracoes refugio e apatridia pnmra|1,FRM-CP-2026-PSOC-0081,politica-nacional-de-migracoes-refugio-e-apatridia-pnmra-pe,PE,"Política Nacional de Migrações, Refúgio e Apatridia (PNMRA)",1,2026-05-01,2026-05-01,2f311c3bca349670,True
PE|programa do seguro desemprego|1,FRM-CP-2026-TRAB-0131,programa-do-seguro-desemprego-pe,PE,Programa do Seguro-Desemprego ,1,2026-05-01,2026-05-01,afeeef613bc2a120,True
PE|sistema nacional de emprego sine|1,FRM-CP-2026-TRAB-0132,sistema-nacional-de-emprego-sine-pe,PE,Sistema Nacional de Emprego (SINE),1,2026-05-01,2026-05-01,f849447dccc6d213,True
PE|agencias do trabalho casas do trabalhador articuladas ao sine|1,FRM-CP-2026-TRAB-0133,agencias-do-trabalho-casas-do-trabalhador-articuladas-ao-sine-pe,PE,Agências do Trabalho/Casas do Trabalhador (articuladas ao Sine),1,2026-05-01,2026-05-01,c15b4eaf75b2698b,True
PE|qualifica pe|1,FRM-CP-2026-TRAB-0134,qualifica-pe-pe,PE,Qualifica PE,1,2026-05-01,2026-05-01,ca56d58b5a02daa5,True
PE|programa nacional de acesso ao ensino tecnico e emprego pronatec|1,FRM-CP-2026-TRAB-0135,programa-nacional-de-acesso-ao-ensino-tecnico-e-emprego-pronatec-pe,PE,Programa Nacional de Acesso ao Ensino Técnico e Emprego (Pronatec),1,2026-05-01,2026-10-05,0dc05c3f55294b5f,True
PE|trilhatec|1,FRM-CP-2026-TRAB-0136,trilhatec-pe,PE,Trilhatec,1,2026-05-01,2026-05-01,26e4477b50339804,True
PE|programa nacional de estimulo ao primeiro emprego pnpe|1,FRM-CP-2026-TRAB-0137,programa-nacional-de-estimulo-ao-primeiro-emprego-pnpe-pe,PE,Programa Nacional de Estímulo ao Primeiro Emprego (PNPE),1,2026-05-01,2026-05-01,6d98f3998bd9969b,True
PE|consorcio social da juventude|1,FRM-CP-2026-TRAB-0138,consorcio-social-da-juventude-pe,PE, Consórcio Social da Juventude ,1,2026-05-01,2026-05-01,5994951ffb745ac1,True
PE|novos caminhos mec|1,FRM-CP-2026-TRAB-0139,novos-caminhos-mec-pe,PE,Novos Caminhos (MEC),1,2026-05-01,2026-05-01,1e3864b1d409a601,True
PE|aprendizagem profissional jovem aprendiz|1,FRM-CP-2026-TRAB-0140,aprendizagem-profissional-jovem-aprendiz-pe,PE,Aprendizagem Profissional (Jovem Aprendiz),1,2026-05-01,2026-05-01,9f6237efcf492afb,True
PE|pronatec aprendiz na micro e pequena empresa|1,FRM-CP-2026-TRAB-0141,pronatec-aprendiz-na-micro-e-pequena-empresa-pe,PE,Pronatec Aprendiz na Micro e Pequena Empresa,1,2026-05-01,2026-05-01,85a6418507df0377,True
PE|lei da liberdade economica|1,FRM-CP-2026-TRAB-0142,lei-da-liberdade-economica-pe,PE,Lei da Liberdade Econômica,1,2026-05-01,2026-05-01,7eefbc20ad407ebe,True
PE|programa emprega mulheres e jovens|1,FRM-CP-2026-TRAB-0143,programa-emprega-mulheres-e-jovens-pe,PE,Programa Emprega + Mulheres e Jovens,1,2026-05-01,2026-10-05,45ebbeeb96f97b23,True
PE|seja pro trabalho e emprego|1,FRM-CP-2026-TRAB-0144,seja-pro-trabalho-e-emprego-pe,PE,SEJA Pro+ Trabalho e Emprego,1,2026-05-01,2026-05-01,c041456ac3dbf223,True
PE|pernambuco sem fome|1,FRM-CP-2026-PSOC-0082,pernambuco-sem-fome-pe,PE,Pernambuco Sem Fome ,1,2026-05-01,2026-05-01,309add99576907b8,True
CE|educacao de jovens e adultos eja|1,FRM-CP-2026-EDU-0169,educacao-de-jovens-e-adultos-eja-ce,CE,Educação de Jovens e Adultos (EJA),1,2026-05-01,2026-10-05,362b7d4587767ff9,True
CE|programa novos caminhos cnj programa nacional de apoio a desinstitucionalizacao de criancas e adolescentes acolhidos e a egressos de unidades de acolhimento|1,FRM-CP-2026-EDU-0170,programa-novos-caminhos-cnj-programa-nacional-de-apoio-a-desinstitucionalizacao-de-criancas-e-adolescentes-acolhid-ce,CE,Programa Novos Caminhos/CNJ (Programa Nacional de Apoio à Desinstitucionalização de Crianças e Adolescentes Acolhidos e a Egressos de Unidades de Acolhimento),1,2026-05-01,2026-05-01,e89a2b12b4ddbae5,True
CE|eja semipresencial centros de educacao de jovens e adultos cejas|1,FRM-CP-2026-EDU-0171,eja-semipresencial-centros-de-educacao-de-jovens-e-adultos-cejas-ce,CE,EJA semipresencial – Centros de Educação de Jovens e Adultos (CEJAs),1,2026-05-01,2026-05-01,56b438f952b5d37d,True
CE|exame nacional para certificacao de competencias de jovens e adultos encceja|1,FRM-CP-2026-EDU-0172,exame-nacional-para-certificacao-de-competencias-de-jovens-e-adultos-encceja-ce,CE,Exame Nacional para Certificação de Competências de Jovens e Adultos (ENCCEJA),1,2026-05-01,2026-05-01,2138d49b771eaaa1,True
CE|encceja ppl|1,FRM-CP-2026-EDU-0173,encceja-ppl-ce,CE,Encceja PPL,1,2026-05-01,2026-05-01,6fa307c376fead11,True
CE|plano estadual de educacao do ceara pee|1,FRM-CP-2026-EDU-0174,plano-estadual-de-educacao-do-ceara-pee-ce,CE,Plano Estadual de Educação do Ceará (PEE),1,2026-05-01,2026-05-01,22b52416ed18a038,True
CE|projeto professor diretor de turma ppdt|1,FRM-CP-2026-EDU-0175,projeto-professor-diretor-de-turma-ppdt-ce,CE,Projeto Professor Diretor de Turma (PPDT),1,2026-05-01,2026-05-01,46721f3f2e63963d,True
CE|programa ceara educa mais|1,FRM-CP-2026-EDU-0176,programa-ceara-educa-mais-ce,CE,Programa Ceará Educa Mais,1,2026-05-01,2026-05-01,bb2b9b05ec2a19d8,True
CE|programa brasil alfabetizado|1,FRM-CP-2026-EDU-0177,programa-brasil-alfabetizado-ce,CE,Programa Brasil Alfabetizado ,1,2026-05-01,2026-05-01,d48e89dae694538b,True
CE|pacto nacional pela superacao do analfabetismo e qualificacao da eja pacto nacional da eja|1,FRM-CP-2026-EDU-0178,pacto-nacional-pela-superacao-do-analfabetismo-e-qualificacao-da-eja-pacto-nacional-da-eja-ce,CE,Pacto Nacional pela Superação do Analfabetismo e Qualificação da EJA  (Pacto Nacional da EJA),1,2026-05-01,2026-05-01,c2d1f01ce755867f,True
CE|busca ativa escolar|1,FRM-CP-2026-EDU-0179,busca-ativa-escolar-ce,CE, Busca Ativa Escolar,1,2026-05-01,2026-10-05,771d50663e7e7dd1,True
CE|programa ensino medio inovador proemi|1,FRM-CP-2026-EDU-0180,programa-ensino-medio-inovador-proemi-ce,CE,Programa Ensino Médio Inovador (ProEmi),1,2026-05-01,2026-05-01,c89744c060b15869,True
CE|programa ensino medio inovador jovem de futuro proemi jf|1,FRM-CP-2026-EDU-0181,programa-ensino-medio-inovador-jovem-de-futuro-proemi-jf-ce,CE,Programa Ensino Médio Inovador/Jovem de Futuro (ProEMI/JF),1,2026-05-01,2026-05-01,48c2e51cf1d66d52,True
CE|politica nacional de educacao profissional e tecnologica pnept|1,FRM-CP-2026-EDU-0182,politica-nacional-de-educacao-profissional-e-tecnologica-pnept-ce,CE,Política Nacional de Educação Profissional e Tecnológica (PNEPT),1,2026-05-01,2026-05-01,13409e25fea7af84,True
CE|programa juros por educacao|1,FRM-CP-2026-EDU-0183,programa-juros-por-educacao-ce,CE,Programa Juros por Educação,1,2026-05-01,2026-05-01,facbed4bef9be6ef,True
CE|cadastro da eja cadeja|1,FRM-CP-2026-EDU-0184,cadastro-da-eja-cadeja-ce,CE,Cadastro da EJA (CADEJA),1,2026-05-01,2026-05-01,a9d9899f94a2929d,True
CE|programa nacional de integracao da educacao profissional com a educacao basica na eja proeja|1,FRM-CP-2026-EDU-0185,programa-nacional-de-integracao-da-educacao-profissional-com-a-educacao-basica-na-eja-proeja-ce,CE,Programa Nacional de Integração da Educação Profissional com a Educação Básica na EJA (PROEJA),1,2026-05-01,2026-05-01,16a691867d22edd6,True
CE|ensino medio mais|1,FRM-CP-2026-EDU-0186,ensino-medio-mais-ce,CE,Ensino Médio Mais,1,2026-05-01,2026-05-01,59a8fe92ca75d612,True
CE|planos estaduais de educacao para pessoas privadas de liberdade e egressos do sistema prisional peesp 2025 2028|1,FRM-CP-2026-EDU-0187,planos-estaduais-de-educacao-para-pessoas-privadas-de-liberdade-e-egressos-do-sistema-prisional-peesp-2025-2028-ce,CE,Planos Estaduais de Educação para pessoas privadas de liberdade e egressos do sistema prisional (PEESP) - 2025-2028,1,2026-05-01,2026-05-01,23192694dbe96323,True
CE|programa de apoio ao novo ensino medio pronem|1,FRM-CP-2026-EDU-0188,programa-de-apoio-ao-novo-ensino-medio-pronem-ce,CE,Programa de Apoio ao Novo Ensino Médio (ProNem),1,2026-05-01,2026-05-01,63e8875dd99258cd,True
CE|programa estacao juventude|1,FRM-CP-2026-PSOC-0083,programa-estacao-juventude-ce,CE,Programa Estação Juventude,1,2026-05-01,2026-05-01,9d0faa40f053b225,True
CE|programa ceara sem fome|1,FRM-CP-2026-PSOC-0084,programa-ceara-sem-fome-ce,CE,Programa Ceará Sem Fome,1,2026-05-01,2026-05-01,7b8a47392d68fdc5,True
CE|programa pe de meia|1,FRM-CP-2026-PSOC-0085,programa-pe-de-meia-ce,CE,Programa Pé de Meia,1,2026-05-01,2026-05-01,4624b5111afed054,True
CE|programa nacional de inclusao de jovens projovem|1,FRM-CP-2026-PSOC-0086,programa-nacional-de-inclusao-de-jovens-projovem-ce,CE,Programa Nacional de Inclusão de Jovens (ProJovem),1,2026-05-01,2026-05-01,96a48b64eaea3463,True
CE|politica nacional de migracoes refugio e apatridia pnmra|1,FRM-CP-2026-PSOC-0087,politica-nacional-de-migracoes-refugio-e-apatridia-pnmra-ce,CE,"Política Nacional de Migrações, Refúgio e Apatridia (PNMRA)",1,2026-05-01,2026-05-01,2b58453b62f57234,True
CE|brasil sem miseria|1,FRM-CP-2026-PSOC-0088,brasil-sem-miseria-ce,CE, Brasil Sem Miséria,1,2026-05-01,2026-05-01,455ba1adf2c83bb4,True
CE|centros de artes e esportes unificados ceus das artes|1,FRM-CP-2026-PSOC-0089,centros-de-artes-e-esportes-unificados-ceus-das-artes-ce,CE,Centros de Artes e Esportes Unificados (CEUs das Artes),1,2026-05-01,2026-05-01,97298406acec9e5c,True
CE|auxilio brasil|1,FRM-CP-2026-PSOC-0090,auxilio-brasil-ce,CE,Auxílio Brasil,1,2026-05-01,2026-10-05,9061610b142cd6ac,True
CE|bolsa familia|1,FRM-CP-2026-PSOC-0091,bolsa-familia-ce,CE,Bolsa Família,1,2026-05-01,2026-05-01,62c19f38600389c5,True
CE|projeto primeiro passo|1,FRM-CP-2026-TRAB-0145,projeto-primeiro-passo-ce,CE,Projeto Primeiro Passo,1,2026-05-01,2026-05-01,06ad1c370601fffc,True
CE|projeto criando oportunidades|1,FRM-CP-2026-TRAB-0146,projeto-criando-oportunidades-ce,CE,Projeto Criando Oportunidades,1,2026-05-01,2026-05-01,246bd05d09789d3c,True
CE|programa capacita ceara|1,FRM-CP-2026-TRAB-0147,programa-capacita-ceara-ce,CE,Programa Capacita Ceará,1,2026-05-01,2026-05-01,56ca2bafd5fcee35,True
CE|sistema nacional de emprego sine|1,FRM-CP-2026-TRAB-0148,sistema-nacional-de-emprego-sine-ce,CE,Sistema Nacional de Emprego (SINE),1,2026-05-01,2026-05-01,1f51a25136afc228,True
CE|lei da liberdade economica|1,FRM-CP-2026-TRAB-0149,lei-da-liberdade-economica-ce,CE,Lei da Liberdade Econômica,1,2026-05-01,2026-05-01,e7b610c8334526a1,True
CE|programa nacional de acesso ao ensino tecnico e emprego pronatec|1,FRM-CP-2026-TRAB-0150,programa-nacional-de-acesso-ao-ensino-tecnico-e-emprego-pronatec-ce,CE,Programa Nacional de Acesso ao Ensino Técnico e Emprego (PRONATEC),1,2026-05-01,2026-10-05,2ec70f8637616e9f,True
CE|programa do seguro desemprego|1,FRM-CP-2026-TRAB-0151,programa-do-seguro-desemprego-ce,CE,Programa do Seguro-Desemprego ,1,2026-05-01,2026-05-01,58032927c6b2ac6b,True
CE|programa nacional de estimulo ao primeiro emprego pnpe|1,FRM-CP-2026-TRAB-0152,programa-nacional-de-estimulo-ao-primeiro-emprego-pnpe-ce,CE,Programa Nacional de Estímulo ao Primeiro Emprego (PNPE),1,2026-05-01,2026-05-01,4578ba018e9ee611,True
CE|consorcio social da juventude|1,FRM-CP-2026-TRAB-0153,consorcio-social-da-juventude-ce,CE, Consórcio Social da Juventude ,1,2026-05-01,2026-05-01,d0b963c6fefecbd1,True
CE|novos caminhos mec|1,FRM-CP-2026-TRAB-0154,novos-caminhos-mec-ce,CE,Novos Caminhos (MEC),1,2026-05-01,2026-05-01,3d26dd81caf49835,True
CE|aprendizagem profissional jovem aprendiz|1,FRM-CP-2026-TRAB-0155,aprendizagem-profissional-jovem-aprendiz-ce,CE,Aprendizagem Profissional (Jovem Aprendiz),1,2026-05-01,2026-05-01,010d9ed512d3f68a,True
CE|pronatec aprendiz na micro e pequena empresa|1,FRM-CP-2026-TRAB-0156,pronatec-aprendiz-na-micro-e-pequena-empresa-ce,CE,Pronatec Aprendiz na Micro e Pequena Empresa,1,2026-05-01,2026-05-01,ee5631ae156b7f8a,True
CE|programa emprega mulheres e jovens|1,FRM-CP-2026-TRAB-0157,programa-emprega-mulheres-e-jovens-ce,CE,Programa Emprega + Mulheres e Jovens,1,2026-05-01,2026-10-05,054607e4056d6f6b,True
CE|projeto qualificar ceara|1,FRM-CP-2026-TRAB-0158,projeto-qualificar-ceara-ce,CE,Projeto Qualificar + Ceará,1,2026-05-01,2026-05-01,9f28b984ff3fe870,True
CE|ceara sem fome qualificacao e renda|1,FRM-CP-2026-TRAB-0159,ceara-sem-fome-qualificacao-e-renda-ce,CE,Ceará Sem Fome + Qualificação e Renda,1,2026-05-01,2026-05-01,f560f3268a0b5ddb,True
CE|programa transformando vidas|1,FRM-CP-2026-TRAB-0160,programa-transformando-vidas-ce,CE,Programa Transformando Vidas,1,2026-05-01,2026-05-01,8dad7c508d9e097c,True
GO|educacao de jovens e adultos eja goias|1,FRM-CP-2026-EDU-0189,educacao-de-jovens-e-adultos-eja-goias-go,GO,Educação de Jovens e Adultos (EJA) – Goiás,2,2026-05-13,2026-05-13,c1531abe881b8bd7,True
GO|ejatec|1,FRM-CP-2026-EDU-0190,ejatec-go,GO,EJATec,2,2026-05-13,2026-05-13,3897819976c08df5,True
GO|plano estadual de educacao para pessoas privadas de liberdade do sistema prisional de goias 2025 2028|1,FRM-CP-2026-EDU-0191,plano-estadual-de-educacao-para-pessoas-privadas-de-liberdade-do-sistema-prisional-de-goias-2025-2028-go,GO, Plano Estadual de Educação para Pessoas Privadas de Liberdade do Sistema Prisional de Goiás (2025-2028) ,2,2026-05-13,2026-05-13,ae07b1a2e7864ac9,True
GO|goias tec ensino medio ao alcance de todos|1,FRM-CP-2026-EDU-0192,goias-tec-ensino-medio-ao-alcance-de-todos-go,GO,Goiás Tec – Ensino Médio ao Alcance de Todos,2,2026-05-13,2026-05-13,03994657235cc4e4,True
GO|busca ativa acolher para permanecer|1,FRM-CP-2026-EDU-0193,busca-ativa-acolher-para-permanecer-go,GO,Busca Ativa: Acolher para Permanecer,2,2026-05-13,2026-05-13,aa0a62b5e75a155a,True
GO|programa alfabetizacao e familia|1,FRM-CP-2026-EDU-0194,programa-alfabetizacao-e-familia-go,GO,Programa Alfabetização e Família,2,2026-05-13,2026-05-13,e95b842fb53e96b3,True
GO|programa alfamais goias|1,FRM-CP-2026-EDU-0195,programa-alfamais-goias-go,GO, Programa AlfaMais Goiás,2,2026-05-13,2026-05-13,ca0eaf682c39e10f,True
GO|programa brasil alfabetizado|1,FRM-CP-2026-EDU-0196,programa-brasil-alfabetizado-go,GO,Programa Brasil Alfabetizado,2,2026-05-13,2026-05-13,17aa0f2801472731,True
GO|pacto nacional pela superacao do analfabetismo e qualificacao da eja pacto nacional da eja|1,FRM-CP-2026-EDU-0197,pacto-nacional-pela-superacao-do-analfabetismo-e-qualificacao-da-eja-pacto-nacional-da-eja-go,GO,Pacto Nacional pela Superação do Analfabetismo e Qualificação da EJA (Pacto Nacional da EJA),2,2026-05-13,2026-05-13,05c4169ca2fd6782,True
GO|exame nacional para certificacao de competencias de jovens e adultos encceja|1,FRM-CP-2026-EDU-0198,exame-nacional-para-certificacao-de-competencias-de-jovens-e-adultos-encceja-go,GO,Exame Nacional para Certificação de Competências de Jovens e Adultos  (ENCCEJA),2,2026-05-13,2026-05-13,8128fbf561e1e656,True
GO|programa nacional de integracao da educacao profissional com a educacao basica na modalidade de educacao de jovens e adultos proeja|1,FRM-CP-2026-EDU-0199,programa-nacional-de-integracao-da-educacao-profissional-com-a-educacao-basica-na-modalidade-de-educacao-de-jovens-go,GO,Programa Nacional de Integração da Educação Profissional com a Educação Básica na Modalidade de Educação de Jovens e Adultos (PROEJA),2,2026-05-13,2026-05-13,16df4dd9f56c57e7,True
GO|politica nacional de educacao profissional e tecnologica pnept|1,FRM-CP-2026-EDU-0200,politica-nacional-de-educacao-profissional-e-tecnologica-pnept-go,GO,Política Nacional de Educação Profissional e Tecnológica (PNEPT),2,2026-05-13,2026-05-13,f588c7300581e285,True
GO|programa juros por educacao|1,FRM-CP-2026-EDU-0201,programa-juros-por-educacao-go,GO,Programa Juros por Educação,2,2026-05-13,2026-05-13,0a1167bbdbfe0071,True
GO|programa de apoio ao novo ensino medio pronem|1,FRM-CP-2026-EDU-0202,programa-de-apoio-ao-novo-ensino-medio-pronem-go,GO,Programa de Apoio ao Novo Ensino Médio (ProNem),2,2026-05-13,2026-05-13,262b87f723be22ba,True
GO|ensino medio mais|1,FRM-CP-2026-EDU-0203,ensino-medio-mais-go,GO,Ensino Médio Mais,2,2026-05-13,2026-05-13,cbd34ed4ed103a48,True
GO|programa ensino medio inovador proemi|1,FRM-CP-2026-EDU-0204,programa-ensino-medio-inovador-proemi-go,GO,Programa Ensino Médio Inovador (ProEmi),2,2026-05-13,2026-05-13,a0b94228f58df7bb,True
GO|politica de fomento a implementacao de escolas de ensino medio em tempo integral emti|1,FRM-CP-2026-EDU-0205,politica-de-fomento-a-implementacao-de-escolas-de-ensino-medio-em-tempo-integral-emti-go,GO,Política de Fomento à Implementação de Escolas de Ensino Médio em Tempo Integral (EMTI),2,2026-05-13,2026-05-13,a12af5eaf312fa2b,True
GO|cadastro da eja cadeja|1,FRM-CP-2026-EDU-0206,cadastro-da-eja-cadeja-go,GO,Cadastro da EJA (CADEJA),2,2026-05-13,2026-05-13,afb1818808fbfa58,True
GO|programa bolsa estudo|1,FRM-CP-2026-PSOC-0092,programa-bolsa-estudo-go,GO,Programa Bolsa Estudo,2,2026-05-13,2026-05-13,73ac35ae7f1567aa,True
GO|programa maes de goias|1,FRM-CP-2026-PSOC-0093,programa-maes-de-goias-go,GO,Programa Mães de Goiás,2,2026-05-13,2026-05-13,9e187724f64dc50b,True
GO|programa renda cidada|1,FRM-CP-2026-PSOC-0094,programa-renda-cidada-go,GO,Programa Renda Cidadã,2,2026-05-13,2026-05-13,bfd83d7ef5f1906a,True
GO|goias social|1,FRM-CP-2026-PSOC-0095,goias-social-go,GO,Goiás Social,2,2026-05-13,2026-05-13,56369b1dd3b9a267,True
GO|politica estadual de apoio a populacao migrante|1,FRM-CP-2026-PSOC-0096,politica-estadual-de-apoio-a-populacao-migrante-go,GO,Política Estadual de Apoio à População Migrante,2,2026-05-13,2026-05-13,d5d65475050cfe75,True
GO|programa novos caminhos cnj programa nacional de apoio a desinstitucionalizacao de criancas e adolescentes acolhidos e a egressos de unidades de acolhimento|1,FRM-CP-2026-PSOC-0097,programa-novos-caminhos-cnj-programa-nacional-de-apoio-a-desinstitucionalizacao-de-criancas-e-adolescentes-acolhid-go,GO,Programa Novos Caminhos/CNJ (Programa Nacional de Apoio à Desinstitucionalização de Crianças e Adolescentes Acolhidos e a Egressos de Unidades de Acolhimento),2,2026-05-13,2026-05-13,e94eff5ed5ac11b2,True
GO|programa nacional de inclusao de jovens projovem|1,FRM-CP-2026-PSOC-0098,programa-nacional-de-inclusao-de-jovens-projovem-go,GO,Programa Nacional de Inclusão de Jovens (ProJovem),2,2026-05-13,2026-05-13,db188d6fa3ed51df,True
GO|programa estacao juventude federal|1,FRM-CP-2026-PSOC-0099,programa-estacao-juventude-federal-go,GO,Programa Estação Juventude (Federal),2,2026-05-13,2026-05-13,d766455e67de5626,True
GO|centros de artes e esportes unificados ceus das artes|1,FRM-CP-2026-PSOC-0100,centros-de-artes-e-esportes-unificados-ceus-das-artes-go,GO,Centros de Artes e Esportes Unificados (CEUs das Artes),2,2026-05-13,2026-05-13,3e3e6dead9d28be9,True
GO|bolsa familia|1,FRM-CP-2026-PSOC-0101,bolsa-familia-go,GO,Bolsa Família,2,2026-05-13,2026-05-13,44dfc6c31bc3149a,True
GO|auxilio brasil|1,FRM-CP-2026-PSOC-0102,auxilio-brasil-go,GO,Auxílio Brasil,2,2026-05-13,2026-10-05,134dbf5f8e70d373,True
GO|brasil sem miseria|1,FRM-CP-2026-PSOC-0103,brasil-sem-miseria-go,GO,Brasil Sem Miséria,2,2026-05-13,2026-05-13,2293a4b1987529e0,True
GO|programa pe de meia|1,FRM-CP-2026-PSOC-0104,programa-pe-de-meia-go,GO,Programa Pé de Meia,2,2026-05-13,2026-05-13,aa60281d9391e2cb,True
GO|politica nacional de migracoes refugio e apatridia pnmra|1,FRM-CP-2026-PSOC-0105,politica-nacional-de-migracoes-refugio-e-apatridia-pnmra-go,GO,"Política Nacional de Migrações, Refúgio e Apatridia (PNMRA)",2,2026-05-13,2026-05-13,c9e1bbd38d2ca7be,True
GO|bolsa futuro|1,FRM-CP-2026-TRAB-0161,bolsa-futuro-go,GO,Bolsa Futuro,2,2026-05-13,2026-05-13,c8a1550c88132603,True
GO|escolas do futuro do estado de goias efg|1,FRM-CP-2026-TRAB-0162,escolas-do-futuro-do-estado-de-goias-efg-go,GO,Escolas do Futuro do Estado de Goiás (EFG),2,2026-05-13,2026-05-13,db0d804de977f603,True
GO|colegios tecnologicos do estado de goias cotec|1,FRM-CP-2026-TRAB-0163,colegios-tecnologicos-do-estado-de-goias-cotec-go,GO,Colégios Tecnológicos do Estado de Goiás (COTEC),2,2026-05-13,2026-05-13,decef362c324f995,True
GO|programa bolsa profissionalizante|1,FRM-CP-2026-TRAB-0164,programa-bolsa-profissionalizante-go,GO,Programa Bolsa Profissionalizante,2,2026-05-13,2026-05-13,419fe48a72fd638c,True
GO|programa mulheres mil|1,FRM-CP-2026-TRAB-0165,programa-mulheres-mil-go,GO,Programa Mulheres Mil,2,2026-05-13,2026-05-13,81b6160a9e857a32,True
GO|goias por elas|1,FRM-CP-2026-TRAB-0166,goias-por-elas-go,GO,Goiás Por Elas,2,2026-05-13,2026-05-13,a49b1bb10c7c4fc2,True
GO|aprendiz do futuro|1,FRM-CP-2026-TRAB-0167,aprendiz-do-futuro-go,GO,Aprendiz do Futuro,2,2026-05-13,2026-05-13,cd21dc57ed25def2,True
GO|programa do seguro desemprego|1,FRM-CP-2026-TRAB-0168,programa-do-seguro-desemprego-go,GO,Programa do Seguro-Desemprego,2,2026-05-13,2026-05-13,34be34e77e67e0a5,True
GO|programa nacional de estimulo ao primeiro emprego pnpe|1,FRM-CP-2026-TRAB-0169,programa-nacional-de-estimulo-ao-primeiro-emprego-pnpe-go,GO,Programa Nacional de Estímulo ao Primeiro Emprego (PNPE),2,2026-05-13,2026-05-13,7b540d3f47bcc4ff,True
GO|consorcio social da juventude|1,FRM-CP-2026-TRAB-0170,consorcio-social-da-juventude-go,GO,Consórcio Social da Juventude,2,2026-05-13,2026-05-13,e9168877be3098ce,True
GO|novos caminhos mec|1,FRM-CP-2026-TRAB-0171,novos-caminhos-mec-go,GO,Novos Caminhos (MEC),2,2026-05-13,2026-05-13,9a3a18c808b61f02,True
GO|aprendizagem profissional jovem aprendiz|1,FRM-CP-2026-TRAB-0172,aprendizagem-profissional-jovem-aprendiz-go,GO,Aprendizagem Profissional (Jovem Aprendiz),2,2026-05-13,2026-05-13,14fbf6108b5f86ae,True
GO|programa nacional de acesso ao ensino tecnico e emprego pronatec|1,FRM-CP-2026-TRAB-0173,programa-nacional-de-acesso-ao-ensino-tecnico-e-emprego-pronatec-go,GO,Programa Nacional de Acesso ao Ensino Técnico e Emprego (PRONATEC),2,2026-05-13,2026-10-05,3eff1383919ba214,True
GO|pronatec aprendiz na micro e pequena empresa|1,FRM-CP-2026-TRAB-0174,pronatec-aprendiz-na-micro-e-pequena-empresa-go,GO,Pronatec Aprendiz na Micro e Pequena Empresa,2,2026-05-13,2026-05-13,5f1ac3d2b857fe9f,True
GO|sistema nacional de emprego sine|1,FRM-CP-2026-TRAB-0175,sistema-nacional-de-emprego-sine-go,GO,Sistema Nacional de Emprego (SINE),2,2026-05-13,2026-05-13,64b413b8084a1ac1,True
GO|lei da liberdade economica|1,FRM-CP-2026-TRAB-0176,lei-da-liberdade-economica-go,GO,Lei da Liberdade Econômica,2,2026-05-13,2026-05-13,c2a4c5b8bc89a2c8,True
GO|programa emprega mulheres e jovens|1,FRM-CP-2026-TRAB-0177,programa-emprega-mulheres-e-jovens-go,GO,Programa Emprega + Mulheres e Jovens,2,2026-05-13,2026-10-05,86c71432cddf76ef,True
ES|educacao de jovens e adultos eja espirito santo|1,FRM-CP-2026-EDU-0207,educacao-de-jovens-e-adultos-eja-espirito-santo-es,ES,Educação de Jovens e Adultos (EJA) – Espírito Santo,2,2026-05-13,2026-05-13,f9a3413fd4470bc3,True
ES|centros estaduais de educacao de jovens e adultos ceejas|1,FRM-CP-2026-EDU-0208,centros-estaduais-de-educacao-de-jovens-e-adultos-ceejas-es,ES,Centros Estaduais de Educação de Jovens e Adultos (CEEJAs),2,2026-05-13,2026-05-13,174dd4b0742363e2,True
ES|nucleos estaduais de educacao de jovens e adultos neejas|1,FRM-CP-2026-EDU-0209,nucleos-estaduais-de-educacao-de-jovens-e-adultos-neejas-es,ES,Núcleos Estaduais de Educação de Jovens e Adultos (NEEJAs),2,2026-05-13,2026-05-13,6e8603ffa874574f,True
ES|projeto integrador de pesquisa e articulacao com o territorio pipat|1,FRM-CP-2026-EDU-0210,projeto-integrador-de-pesquisa-e-articulacao-com-o-territorio-pipat-es,ES,Projeto Integrador de Pesquisa e Articulação com o Território (PIPAT),2,2026-05-13,2026-05-13,6e19c5861d384e5b,True
ES|certificacao e regularizacao escolar da eja servicos estaduais|1,FRM-CP-2026-EDU-0211,certificacao-e-regularizacao-escolar-da-eja-servicos-estaduais-es,ES,Certificação e regularização escolar da EJA (serviços estaduais),2,2026-05-13,2026-05-13,b02abb3042d9e29d,True
ES|plano estadual de educacao para pessoas privadas de liberdade do espirito santo pepples 2025 2028|1,FRM-CP-2026-EDU-0212,plano-estadual-de-educacao-para-pessoas-privadas-de-liberdade-do-espirito-santo-pepples-2025-2028-es,ES,Plano Estadual de Educação para Pessoas Privadas de Liberdade do Espírito Santo (PEPPLES) - 2025-2028,2,2026-05-13,2026-05-13,0379f2a9851f33a1,True
ES|programa brasil alfabetizado|1,FRM-CP-2026-EDU-0213,programa-brasil-alfabetizado-es,ES,Programa Brasil Alfabetizado,2,2026-05-13,2026-05-13,f8ecaa7b562ff08a,True
ES|pacto nacional pela superacao do analfabetismo e qualificacao da eja pacto nacional da eja|1,FRM-CP-2026-EDU-0214,pacto-nacional-pela-superacao-do-analfabetismo-e-qualificacao-da-eja-pacto-nacional-da-eja-es,ES,Pacto Nacional pela Superação do Analfabetismo e Qualificação da EJA (Pacto Nacional da EJA),2,2026-05-13,2026-05-13,6ee2a1a56858c1b4,True
ES|exame nacional para certificacao de competencias de jovens e adultos encceja|1,FRM-CP-2026-EDU-0215,exame-nacional-para-certificacao-de-competencias-de-jovens-e-adultos-encceja-es,ES,Exame Nacional para Certificação de Competências de Jovens e Adultos  (ENCCEJA),2,2026-05-13,2026-05-13,927494c0c38591e5,True
ES|programa nacional de integracao da educacao profissional com a educacao basica na modalidade de educacao de jovens e adultos proeja|1,FRM-CP-2026-EDU-0216,programa-nacional-de-integracao-da-educacao-profissional-com-a-educacao-basica-na-modalidade-de-educacao-de-jovens-es,ES,Programa Nacional de Integração da Educação Profissional com a Educação Básica na Modalidade de Educação de Jovens e Adultos (PROEJA),2,2026-05-13,2026-05-13,3fd7fa2e437fbf8e,True
ES|cadastro da eja cadeja|1,FRM-CP-2026-EDU-0217,cadastro-da-eja-cadeja-es,ES,Cadastro da EJA (CADEJA),2,2026-05-13,2026-05-13,1ac5817c4a58c1a4,True
ES|politica nacional de educacao profissional e tecnologica pnept|1,FRM-CP-2026-EDU-0218,politica-nacional-de-educacao-profissional-e-tecnologica-pnept-es,ES,Política Nacional de Educação Profissional e Tecnológica (PNEPT),2,2026-05-13,2026-05-13,fbe60cad9d9881e8,True
ES|programa juros por educacao|1,FRM-CP-2026-EDU-0219,programa-juros-por-educacao-es,ES,Programa Juros por Educação,2,2026-05-13,2026-05-13,b493b7b4696c568d,True
ES|programa de apoio ao novo ensino medio pronem|1,FRM-CP-2026-EDU-0220,programa-de-apoio-ao-novo-ensino-medio-pronem-es,ES,Programa de Apoio ao Novo Ensino Médio (ProNem),2,2026-05-13,2026-05-13,af81e65170072e6b,True
ES|ensino medio mais|1,FRM-CP-2026-EDU-0221,ensino-medio-mais-es,ES,Ensino Médio Mais,2,2026-05-13,2026-05-13,461a2182b055b169,True
ES|busca ativa escolar|1,FRM-CP-2026-EDU-0222,busca-ativa-escolar-es,ES, Busca Ativa Escolar,2,2026-05-13,2026-10-05,d576d1e3b5ceae03,True
ES|programa ensino medio inovador proemi|1,FRM-CP-2026-EDU-0223,programa-ensino-medio-inovador-proemi-es,ES,Programa Ensino Médio Inovador (ProEmi),2,2026-05-13,2026-05-13,011c8f9a8d16bf9d,True
ES|programa ensino medio inovador jovem de futuro proemi jf|1,FRM-CP-2026-EDU-0224,programa-ensino-medio-inovador-jovem-de-futuro-proemi-jf-es,ES,Programa Ensino Médio Inovador/Jovem de Futuro (ProEMI/JF),2,2026-05-13,2026-05-13,45237521c60254bf,True
ES|programa empodera programa de trabalho digno educacao e geracao de renda para pessoas lgbtqia|1,FRM-CP-2026-PSOC-0106,programa-empodera-programa-de-trabalho-digno-educacao-e-geracao-de-renda-para-pessoas-lgbtqia-es,ES,"Programa Empodera+ (Programa de Trabalho Digno, Educação e Geração de Renda para Pessoas LGBTQIA+)",2,2026-05-13,2026-10-05,833b849a7b371867,True
ES|programa novos caminhos cnj programa nacional de apoio a desinstitucionalizacao de criancas e adolescentes acolhidos e a egressos de unidades de acolhimento|1,FRM-CP-2026-PSOC-0107,programa-novos-caminhos-cnj-programa-nacional-de-apoio-a-desinstitucionalizacao-de-criancas-e-adolescentes-acolhid-es,ES,Programa Novos Caminhos/CNJ (Programa Nacional de Apoio à Desinstitucionalização de Crianças e Adolescentes Acolhidos e a Egressos de Unidades de Acolhimento),2,2026-05-13,2026-05-13,ccab4cf994e916f5,True
ES|bolsa familia|1,FRM-CP-2026-PSOC-0108,bolsa-familia-es,ES, Bolsa Família,2,2026-05-13,2026-05-13,a5887895d6391474,True
ES|programa estacao juventude|1,FRM-CP-2026-PSOC-0109,programa-estacao-juventude-es,ES,Programa Estação Juventude,2,2026-05-13,2026-05-13,7eb06ef218cccf22,True
ES|centros de artes e esportes unificados ceus das artes|1,FRM-CP-2026-PSOC-0110,centros-de-artes-e-esportes-unificados-ceus-das-artes-es,ES,Centros de Artes e Esportes Unificados (CEUs das Artes) ,2,2026-05-13,2026-05-13,7d2db5e9fe551578,True
ES|programa nacional de inclusao de jovens projovem|1,FRM-CP-2026-PSOC-0111,programa-nacional-de-inclusao-de-jovens-projovem-es,ES,Programa Nacional de Inclusão de Jovens (ProJovem),2,2026-05-13,2026-05-13,37e5a1a51df1eacb,True
ES|programa pe de meia|1,FRM-CP-2026-PSOC-0112,programa-pe-de-meia-es,ES,Programa Pé de Meia,2,2026-05-13,2026-05-13,14fc8ae5be49319b,True
ES|auxilio brasil|1,FRM-CP-2026-PSOC-0113,auxilio-brasil-es,ES,Auxílio Brasil,2,2026-05-13,2026-10-05,6324da843b32edee,True
ES|brasil sem miseria|1,FRM-CP-2026-PSOC-0114,brasil-sem-miseria-es,ES, Brasil Sem Miséria,2,2026-05-13,2026-05-13,0621e7023bd13977,True
ES|politica nacional de migracoes refugio e apatridia pnmra|1,FRM-CP-2026-PSOC-0115,politica-nacional-de-migracoes-refugio-e-apatridia-pnmra-es,ES,"Política Nacional de Migrações, Refúgio e Apatridia (PNMRA)",2,2026-05-13,2026-05-13,33144df715a848cc,True
ES|estado presente eixo de inclusao social de jovens|1,FRM-CP-2026-PSOC-0116,estado-presente-eixo-de-inclusao-social-de-jovens-es,ES,Estado Presente – eixo de inclusão social de jovens,2,2026-05-13,2026-10-05,7d61ac7509491085,True
ES|eja profissional ensino medio integrado a qualificacao profissional|1,FRM-CP-2026-TRAB-0178,eja-profissional-ensino-medio-integrado-a-qualificacao-profissional-es,ES,EJA Profissional (Ensino Médio integrado à Qualificação Profissional),2,2026-05-13,2026-05-13,7f500c7441740254,True
ES|qualificar es|1,FRM-CP-2026-TRAB-0179,qualificar-es-es,ES,Qualificar ES,2,2026-05-13,2026-05-13,5c7ca99502f73526,True
ES|programa incluir eixo mundo do trabalho inclusao produtiva|1,FRM-CP-2026-TRAB-0180,programa-incluir-eixo-mundo-do-trabalho-inclusao-produtiva-es,ES,Programa Incluir – eixo Mundo do Trabalho / inclusão produtiva,2,2026-05-13,2026-05-13,a980abf9709ca9f6,True
ES|nossocredito|1,FRM-CP-2026-TRAB-0181,nossocredito-es,ES,Nossocrédito,2,2026-05-13,2026-05-13,b4d8760d4f08ffc4,True
ES|programa do seguro desemprego|1,FRM-CP-2026-TRAB-0182,programa-do-seguro-desemprego-es,ES,Programa do Seguro-Desemprego ,2,2026-05-13,2026-05-13,ba7b7beac6a68407,True
ES|programa nacional de estimulo ao primeiro emprego pnpe|1,FRM-CP-2026-TRAB-0183,programa-nacional-de-estimulo-ao-primeiro-emprego-pnpe-es,ES,Programa Nacional de Estímulo ao Primeiro Emprego (PNPE),2,2026-05-13,2026-05-13,f92e71cb29905934,True
ES|consorcio social da juventude|1,FRM-CP-2026-TRAB-0184,consorcio-social-da-juventude-es,ES, Consórcio Social da Juventude ,2,2026-05-13,2026-05-13,a75aaf878bf1a515,True
ES|novos caminhos mec|1,FRM-CP-2026-TRAB-0185,novos-caminhos-mec-es,ES,Novos Caminhos (MEC),2,2026-05-13,2026-05-13,0d8717736e2c6bb8,True
ES|aprendizagem profissional jovem aprendiz|1,FRM-CP-2026-TRAB-0186,aprendizagem-profissional-jovem-aprendiz-es,ES,Aprendizagem Profissional (Jovem Aprendiz),2,2026-05-13,2026-05-13,f7d4303e72b6a9ca,True
ES|programa nacional de acesso ao ensino tecnico e emprego pronatec|1,FRM-CP-2026-TRAB-0187,programa-nacional-de-acesso-ao-ensino-tecnico-e-emprego-pronatec-es,ES,Programa Nacional de Acesso ao Ensino Técnico e Emprego (PRONATEC),2,2026-05-13,2026-10-05,69e85251feab0d11,True
ES|pronatec aprendiz na micro e pequena empresa|1,FRM-CP-2026-TRAB-0188,pronatec-aprendiz-na-micro-e-pequena-empresa-es,ES,Pronatec Aprendiz na Micro e Pequena Empresa,2,2026-05-13,2026-05-13,53869de610e2b715,True
ES|sistema nacional de emprego sine|1,FRM-CP-2026-TRAB-0189,sistema-nacional-de-emprego-sine-es,ES,Sistema Nacional de Emprego (SINE),2,2026-05-13,2026-05-13,cce8b45f9730c270,True
ES|lei da liberdade economica|1,FRM-CP-2026-TRAB-0190,lei-da-liberdade-economica-es,ES,Lei da Liberdade Econômica,2,2026-05-13,2026-05-13,8e1f8c3e3214f7d0,True
ES|programa emprega mulheres e jovens|1,FRM-CP-2026-TRAB-0191,programa-emprega-mulheres-e-jovens-es,ES,Programa Emprega + Mulheres e Jovens,2,2026-05-13,2026-10-05,fb66cc739f1f4ded,True
SC|educacao de jovens e adultos eja santa catarina|1,FRM-CP-2026-EDU-0225,educacao-de-jovens-e-adultos-eja-santa-catarina-sc,SC,Educação de Jovens e Adultos (EJA) – Santa Catarina,2,2026-05-13,2026-05-13,799c910f3754e1e6,True
SC|centros de educacao de jovens e adultos cejas|1,FRM-CP-2026-EDU-0226,centros-de-educacao-de-jovens-e-adultos-cejas-sc,SC,Centros de Educação de Jovens e Adultos (CEJAs),2,2026-05-13,2026-05-13,5f58e70dc605270b,True
SC|certificacao e emissao de documentos escolares encceja enem exames supletivos|1,FRM-CP-2026-EDU-0227,certificacao-e-emissao-de-documentos-escolares-encceja-enem-exames-supletivos-sc,SC,Certificação e emissão de documentos escolares (ENCCEJA/ENEM/Exames Supletivos),2,2026-05-13,2026-05-13,74dbf7ec31c4759e,True
SC|programa santa catarina alfabetizada|1,FRM-CP-2026-EDU-0228,programa-santa-catarina-alfabetizada-sc,SC,Programa Santa Catarina Alfabetizada,2,2026-05-13,2026-05-13,b09a8bfccddf8c33,True
SC|programa de correcao do fluxo idade serie recuperacao dos saberes|1,FRM-CP-2026-EDU-0229,programa-de-correcao-do-fluxo-idade-serie-recuperacao-dos-saberes-sc,SC,Programa de correção do fluxo idade/série: Recuperação dos Saberes,2,2026-05-13,2026-05-13,b86505c84b9679dc,True
SC|programa avanca mais|1,FRM-CP-2026-EDU-0230,programa-avanca-mais-sc,SC,Programa Avança Mais,2,2026-05-13,2026-05-13,377a910cf717f77e,True
SC|plano estadual de educacao em prisoes 2025 2028|1,FRM-CP-2026-EDU-0231,plano-estadual-de-educacao-em-prisoes-2025-2028-sc,SC,Plano Estadual de Educação em Prisões (2025-2028),2,2026-05-13,2026-05-13,4be3ab13634de42e,True
SC|alfabetiza sc|1,FRM-CP-2026-EDU-0232,alfabetiza-sc-sc,SC,Alfabetiza SC,2,2026-05-13,2026-05-13,fa392dbd2156cf0c,True
SC|educacao de jovens e adultos eja|1,FRM-CP-2026-EDU-0233,educacao-de-jovens-e-adultos-eja-sc,SC,Educação de Jovens e Adultos (EJA),2,2026-05-13,2026-10-05,26b0baa0f9904f32,True
SC|programa brasil alfabetizado|1,FRM-CP-2026-EDU-0234,programa-brasil-alfabetizado-sc,SC,Programa Brasil Alfabetizado,2,2026-05-13,2026-05-13,799e9a9c518622c3,True
SC|pacto nacional pela superacao do analfabetismo e qualificacao da eja pacto nacional da eja|1,FRM-CP-2026-EDU-0235,pacto-nacional-pela-superacao-do-analfabetismo-e-qualificacao-da-eja-pacto-nacional-da-eja-sc,SC,Pacto Nacional pela Superação do Analfabetismo e Qualificação da EJA (Pacto Nacional da EJA),2,2026-05-13,2026-05-13,d092921ffe7a8f1b,True
SC|exame nacional para certificacao de competencias de jovens e adultos encceja|1,FRM-CP-2026-EDU-0236,exame-nacional-para-certificacao-de-competencias-de-jovens-e-adultos-encceja-sc,SC,Exame Nacional para Certificação de Competências de Jovens e Adultos  (ENCCEJA),2,2026-05-13,2026-05-13,48b4990ab120ecdb,True
SC|programa nacional de integracao da educacao profissional com a educacao basica na modalidade de educacao de jovens e adultos proeja|1,FRM-CP-2026-EDU-0237,programa-nacional-de-integracao-da-educacao-profissional-com-a-educacao-basica-na-modalidade-de-educacao-de-jovens-sc,SC,Programa Nacional de Integração da Educação Profissional com a Educação Básica na Modalidade de Educação de Jovens e Adultos (PROEJA),2,2026-05-13,2026-05-13,e3022250e5dd34f6,True
SC|politica nacional de educacao profissional e tecnologica pnept|1,FRM-CP-2026-EDU-0238,politica-nacional-de-educacao-profissional-e-tecnologica-pnept-sc,SC,Política Nacional de Educação Profissional e Tecnológica (PNEPT),2,2026-05-13,2026-05-13,7141ea44d5d68569,True
SC|programa de apoio ao novo ensino medio pronem|1,FRM-CP-2026-EDU-0239,programa-de-apoio-ao-novo-ensino-medio-pronem-sc,SC,Programa de Apoio ao Novo Ensino Médio (ProNem),2,2026-05-13,2026-05-13,c6c0ba19634784e4,True
SC|ensino medio mais|1,FRM-CP-2026-EDU-0240,ensino-medio-mais-sc,SC,Ensino Médio Mais,2,2026-05-13,2026-05-13,3e2cffa9ea668966,True
SC|programa ensino medio inovador proemi|1,FRM-CP-2026-EDU-0241,programa-ensino-medio-inovador-proemi-sc,SC,Programa Ensino Médio Inovador (ProEmi),2,2026-05-13,2026-05-13,53c5be81a7a2cf57,True
SC|programa ensino medio inovador proemi|2,FRM-CP-2026-EDU-0242,programa-ensino-medio-inovador-proemi-sc-2,SC,Programa Ensino Médio Inovador (ProEmi),2,2026-05-13,2026-05-13,4d82502866748eec,True
SC|programa ensino medio inovador proemi|3,FRM-CP-2026-EDU-0243,programa-ensino-medio-inovador-proemi-sc-3,SC,Programa Ensino Médio Inovador (ProEmi),2,2026-05-13,2026-05-13,cd5ce6273ccb4870,True
SC|cadastro da eja cadeja|1,FRM-CP-2026-EDU-0244,cadastro-da-eja-cadeja-sc,SC,Cadastro da EJA (CADEJA),2,2026-05-13,2026-05-13,4ed3e19b79813bc7,True
SC|programa novos caminhos cnj programa nacional de apoio a desinstitucionalizacao de criancas e adolescentes acolhidos e a egressos de unidades de acolhimento|1,FRM-CP-2026-PSOC-0117,programa-novos-caminhos-cnj-programa-nacional-de-apoio-a-desinstitucionalizacao-de-criancas-e-adolescentes-acolhid-sc,SC,Programa Novos Caminhos/CNJ (Programa Nacional de Apoio à Desinstitucionalização de Crianças e Adolescentes Acolhidos e a Egressos de Unidades de Acolhimento),2,2026-05-13,2026-05-13,76d6d86c831624f3,True
SC|programa nacional de inclusao de jovens projovem|1,FRM-CP-2026-PSOC-0118,programa-nacional-de-inclusao-de-jovens-projovem-sc,SC,Programa Nacional de Inclusão de Jovens (ProJovem),2,2026-05-13,2026-05-13,a0b2886e159fe292,True
SC|programa estacao juventude federal|1,FRM-CP-2026-PSOC-0119,programa-estacao-juventude-federal-sc,SC,Programa Estação Juventude (Federal),2,2026-05-13,2026-05-13,469574304c424ffd,True
SC|centros de artes e esportes unificados ceus das artes|1,FRM-CP-2026-PSOC-0120,centros-de-artes-e-esportes-unificados-ceus-das-artes-sc,SC,Centros de Artes e Esportes Unificados (CEUs das Artes),2,2026-05-13,2026-05-13,f1c555ca9e836934,True
SC|bolsa familia|1,FRM-CP-2026-PSOC-0121,bolsa-familia-sc,SC,Bolsa Família,2,2026-05-13,2026-05-13,ffc4a9f1b8bd543e,True
SC|auxilio brasil|1,FRM-CP-2026-PSOC-0122,auxilio-brasil-sc,SC,Auxílio Brasil,2,2026-05-13,2026-10-05,ab264ae2ba867a52,True
SC|brasil sem miseria|1,FRM-CP-2026-PSOC-0123,brasil-sem-miseria-sc,SC,Brasil Sem Miséria,2,2026-05-13,2026-05-13,70bdc2fd4d59a24c,True
SC|programa pe de meia|1,FRM-CP-2026-PSOC-0124,programa-pe-de-meia-sc,SC,Programa Pé de Meia,2,2026-05-13,2026-05-13,bdd9e53a1a4abc2f,True
SC|politica nacional de migracoes refugio e apatridia pnmra|1,FRM-CP-2026-PSOC-0125,politica-nacional-de-migracoes-refugio-e-apatridia-pnmra-sc,SC,"Política Nacional de Migrações, Refúgio e Apatridia (PNMRA)",2,2026-05-13,2026-05-13,24cff8a1e3bac99b,True
SC|politica nacional de migracoes refugio e apatridia pnmra|2,FRM-CP-2026-PSOC-0126,politica-nacional-de-migracoes-refugio-e-apatridia-pnmra-sc-2,SC,"Política Nacional de Migrações, Refúgio e Apatridia (PNMRA)",2,2026-05-13,2026-05-13,9a228a2eeb57dc1b,True
SC|politica nacional de migracoes refugio e apatridia pnmra|3,FRM-CP-2026-PSOC-0127,politica-nacional-de-migracoes-refugio-e-apatridia-pnmra-sc-3,SC,"Política Nacional de Migrações, Refúgio e Apatridia (PNMRA)",2,2026-05-13,2026-05-13,d672036ab3117ea6,True
SC|qualifica sc|1,FRM-CP-2026-TRAB-0192,qualifica-sc-sc,SC,Qualifica SC,2,2026-05-13,2026-10-05,6e23927a63f446fa,True
SC|programa do seguro desemprego|1,FRM-CP-2026-TRAB-0193,programa-do-seguro-desemprego-sc,SC,Programa do Seguro-Desemprego,2,2026-05-13,2026-05-13,a6aa12066215f9c3,True
SC|programa nacional de estimulo ao primeiro emprego pnpe|1,FRM-CP-2026-TRAB-0194,programa-nacional-de-estimulo-ao-primeiro-emprego-pnpe-sc,SC,Programa Nacional de Estímulo ao Primeiro Emprego (PNPE),2,2026-05-13,2026-05-13,58a2f02584788720,True
SC|consorcio social da juventude|1,FRM-CP-2026-TRAB-0195,consorcio-social-da-juventude-sc,SC,Consórcio Social da Juventude,2,2026-05-13,2026-05-13,cba0c18d40718581,True
SC|novos caminhos mec|1,FRM-CP-2026-TRAB-0196,novos-caminhos-mec-sc,SC,Novos Caminhos (MEC),2,2026-05-13,2026-05-13,a1a7e7b0a582e15a,True
SC|aprendizagem profissional jovem aprendiz|1,FRM-CP-2026-TRAB-0197,aprendizagem-profissional-jovem-aprendiz-sc,SC,Aprendizagem Profissional (Jovem Aprendiz),2,2026-05-13,2026-05-13,30157fdc09bbad36,True
SC|programa nacional de acesso ao ensino tecnico e emprego pronatec|1,FRM-CP-2026-TRAB-0198,programa-nacional-de-acesso-ao-ensino-tecnico-e-emprego-pronatec-sc,SC,Programa Nacional de Acesso ao Ensino Técnico e Emprego (PRONATEC),2,2026-05-13,2026-10-05,d1371f25bc43cccb,True
SC|pronatec aprendiz na micro e pequena empresa|1,FRM-CP-2026-TRAB-0199,pronatec-aprendiz-na-micro-e-pequena-empresa-sc,SC,Pronatec Aprendiz na Micro e Pequena Empresa,2,2026-05-13,2026-05-13,654eabaf3ed31812,True
SC|sistema nacional de emprego sine|1,FRM-CP-2026-TRAB-0200,sistema-nacional-de-emprego-sine-sc,SC,Sistema Nacional de Emprego (SINE),2,2026-05-13,2026-05-13,8acdebda41e00bc3,True
SC|lei da liberdade economica|1,FRM-CP-2026-TRAB-0201,lei-da-liberdade-economica-sc,SC,Lei da Liberdade Econômica,2,2026-05-13,2026-05-13,d38aebb31fb7b4b0,True
SC|programa emprega mulheres e jovens|1,FRM-CP-2026-TRAB-0202,programa-emprega-mulheres-e-jovens-sc,SC,Programa Emprega + Mulheres e Jovens,2,2026-05-13,2026-10-05,49303e546a5f2c89,True
MA|educacao de jovens e adultos eja|1,FRM-CP-2026-EDU-0245,educacao-de-jovens-e-adultos-eja-ma,MA,Educação de Jovens e Adultos (EJA),2,2026-05-13,2026-10-05,789729b2095f7427,True
MA|pacto nacional pela superacao do analfabetismo e qualificacao da eja pacto nacional da eja|1,FRM-CP-2026-EDU-0246,pacto-nacional-pela-superacao-do-analfabetismo-e-qualificacao-da-eja-pacto-nacional-da-eja-ma,MA,Pacto Nacional pela Superação do Analfabetismo e Qualificação da EJA (Pacto Nacional da EJA),2,2026-05-13,2026-05-13,5e653c8ab85ddab8,True
MA|exame nacional para certificacao de competencias de jovens e adultos encceja|1,FRM-CP-2026-EDU-0247,exame-nacional-para-certificacao-de-competencias-de-jovens-e-adultos-encceja-ma,MA,Exame Nacional para Certificação de Competências de Jovens e Adultos (ENCCEJA),2,2026-05-13,2026-05-13,d23d9a1ea94988fb,True
MA|educacao de jovens e adultos integrada a educacao profissional e tecnologica ejatec|1,FRM-CP-2026-EDU-0248,educacao-de-jovens-e-adultos-integrada-a-educacao-profissional-e-tecnologica-ejatec-ma,MA,Educação de Jovens e Adultos Integrada à Educação Profissional e Tecnológica (EJATEC),2,2026-05-13,2026-05-13,9f9403d33c6bd670,True
MA|programa brasil alfabetizado|1,FRM-CP-2026-EDU-0249,programa-brasil-alfabetizado-ma,MA,Programa Brasil Alfabetizado,2,2026-05-13,2026-05-13,bc735b672a3b42f2,True
MA|programa maranhao alfabetizado|1,FRM-CP-2026-EDU-0250,programa-maranhao-alfabetizado-ma,MA,Programa Maranhão Alfabetizado,2,2026-05-13,2026-05-13,918318b950f67f82,True
MA|pacto pelo fortalecimento da aprendizagem|1,FRM-CP-2026-EDU-0251,pacto-pelo-fortalecimento-da-aprendizagem-ma,MA,Pacto pelo Fortalecimento da Aprendizagem,2,2026-05-13,2026-05-13,83740d089d0120c4,True
MA|programa nacional de integracao da educacao profissional com a educacao basica na modalidade de educacao de jovens e adultos proeja|1,FRM-CP-2026-EDU-0252,programa-nacional-de-integracao-da-educacao-profissional-com-a-educacao-basica-na-modalidade-de-educacao-de-jovens-ma,MA,Programa Nacional de Integração da Educação Profissional com a Educação Básica na Modalidade de Educação de Jovens e Adultos (PROEJA),2,2026-05-13,2026-05-13,1449db8cc0a229e0,True
MA|cadastro da eja cadeja|1,FRM-CP-2026-EDU-0253,cadastro-da-eja-cadeja-ma,MA,Cadastro da EJA (CadEJA),2,2026-05-13,2026-05-13,f1fe4f553a4d0d24,True
MA|politica nacional de educacao profissional e tecnologica pnept|1,FRM-CP-2026-EDU-0254,politica-nacional-de-educacao-profissional-e-tecnologica-pnept-ma,MA,Política Nacional de Educação Profissional e Tecnológica (PNEPT),2,2026-05-13,2026-05-13,5c8d6a48b1da8d8a,True
MA|programa juros por educacao|1,FRM-CP-2026-EDU-0255,programa-juros-por-educacao-ma,MA,Programa Juros por Educação,2,2026-05-13,2026-05-13,f1e63052527af121,True
MA|programa de apoio ao novo ensino medio pronem|1,FRM-CP-2026-EDU-0256,programa-de-apoio-ao-novo-ensino-medio-pronem-ma,MA,Programa de Apoio ao Novo Ensino Médio (ProNem),2,2026-05-13,2026-05-13,749d8081c8a1851b,True
MA|programa ensino medio inovador proemi|1,FRM-CP-2026-EDU-0257,programa-ensino-medio-inovador-proemi-ma,MA,Programa Ensino Médio Inovador (ProEmi),2,2026-05-13,2026-05-13,ffad8b1d38e8838c,True
MA|politica de fomento a implementacao de escolas de ensino medio em tempo integral emti|1,FRM-CP-2026-EDU-0258,politica-de-fomento-a-implementacao-de-escolas-de-ensino-medio-em-tempo-integral-emti-ma,MA,Política de Fomento à Implementação de Escolas de Ensino Médio em Tempo Integral (EMTI),2,2026-05-13,2026-05-13,7fa180cd9c18b20e,True
MA|busca ativa escolar|1,FRM-CP-2026-EDU-0259,busca-ativa-escolar-ma,MA, Busca Ativa Escolar,2,2026-05-13,2026-10-05,8c6f5a885b023916,True
MA|ensino medio mais|1,FRM-CP-2026-EDU-0260,ensino-medio-mais-ma,MA,Ensino Médio Mais,2,2026-05-13,2026-05-13,d476946e49e34d78,True
MA|plano estadual de educacao em ambientes prisionais peesp 2025 2028|1,FRM-CP-2026-EDU-0261,plano-estadual-de-educacao-em-ambientes-prisionais-peesp-2025-2028-ma,MA,Plano Estadual de Educação em Ambientes Prisionais (PEESP) - 2025-2028,2,2026-05-13,2026-10-05,2173649e548caba6,True
MA|programa escola digna|1,FRM-CP-2026-EDU-0262,programa-escola-digna-ma,MA,Programa Escola Digna,2,2026-05-13,2026-05-13,03ea9a3d663cd374,True
MA|bolsa familia|1,FRM-CP-2026-PSOC-0128,bolsa-familia-ma,MA,Bolsa Família,2,2026-05-13,2026-05-13,4f98cb0bed802efe,True
MA|auxilio brasil|1,FRM-CP-2026-PSOC-0129,auxilio-brasil-ma,MA,Auxílio Brasil,2,2026-05-13,2026-10-05,33244514f0dd8342,True
MA|brasil sem miseria|1,FRM-CP-2026-PSOC-0130,brasil-sem-miseria-ma,MA,Brasil Sem Miséria,2,2026-05-13,2026-05-13,e1000e9047b411f7,True
MA|programa pe de meia|1,FRM-CP-2026-PSOC-0131,programa-pe-de-meia-ma,MA,Programa Pé de Meia,2,2026-05-13,2026-05-13,1a00c34948e7e542,True
MA|programa novos caminhos cnj programa nacional de apoio a desinstitucionalizacao de criancas e adolescentes acolhidos e a egressos de unidades de acolhimento|1,FRM-CP-2026-PSOC-0132,programa-novos-caminhos-cnj-programa-nacional-de-apoio-a-desinstitucionalizacao-de-criancas-e-adolescentes-acolhid-ma,MA,Programa Novos Caminhos/CNJ (Programa Nacional de Apoio à Desinstitucionalização de Crianças e Adolescentes Acolhidos e a Egressos de Unidades de Acolhimento),2,2026-05-13,2026-05-13,179af9d5e5aba7f7,True
MA|politica nacional de migracoes refugio e apatridia pnmra|1,FRM-CP-2026-PSOC-0133,politica-nacional-de-migracoes-refugio-e-apatridia-pnmra-ma,MA,"Política Nacional de Migrações, Refúgio e Apatridia (PNMRA)",2,2026-05-13,2026-05-13,2e42a1e0df726915,True
MA|programa nacional de inclusao de jovens projovem|1,FRM-CP-2026-PSOC-0134,programa-nacional-de-inclusao-de-jovens-projovem-ma,MA,Programa Nacional de Inclusão de Jovens (ProJovem),2,2026-05-13,2026-05-13,ecb1821eed51c1e7,True
MA|programa estacao juventude federal|1,FRM-CP-2026-PSOC-0135,programa-estacao-juventude-federal-ma,MA,Programa Estação Juventude (Federal),2,2026-05-13,2026-05-13,e5a4f6003635948e,True
MA|centros de artes e esportes unificados ceus das artes|1,FRM-CP-2026-PSOC-0136,centros-de-artes-e-esportes-unificados-ceus-das-artes-ma,MA,Centros de Artes e Esportes Unificados (CEUs das Artes),2,2026-05-13,2026-05-13,b166728e745d97f2,True
MA|programa trabalho jovem|1,FRM-CP-2026-TRAB-0203,programa-trabalho-jovem-ma,MA,Programa Trabalho Jovem,2,2026-05-13,2026-05-13,fc4fc22212660bcf,True
MA|qualifica maranhao|1,FRM-CP-2026-TRAB-0204,qualifica-maranhao-ma,MA,Qualifica Maranhão,2,2026-05-13,2026-05-13,7aa3c96b6232d8a9,True
MA|consorcio social da juventude|1,FRM-CP-2026-TRAB-0205,consorcio-social-da-juventude-ma,MA,Consórcio Social da Juventude,2,2026-05-13,2026-05-13,c4eac4215c2d73b0,True
MA|programa nacional de estimulo ao primeiro emprego pnpe|1,FRM-CP-2026-TRAB-0206,programa-nacional-de-estimulo-ao-primeiro-emprego-pnpe-ma,MA,Programa Nacional de Estímulo ao Primeiro Emprego (PNPE),2,2026-05-13,2026-05-13,a1dda9cdff415f78,True
MA|aprendizagem profissional jovem aprendiz|1,FRM-CP-2026-TRAB-0207,aprendizagem-profissional-jovem-aprendiz-ma,MA,Aprendizagem Profissional (Jovem Aprendiz),2,2026-05-13,2026-05-13,43c3cc7df1b08342,True
MA|programa nacional de acesso ao ensino tecnico e emprego pronatec|1,FRM-CP-2026-TRAB-0208,programa-nacional-de-acesso-ao-ensino-tecnico-e-emprego-pronatec-ma,MA,Programa Nacional de Acesso ao Ensino Técnico e Emprego (PRONATEC),2,2026-05-13,2026-10-05,a6e399cb8934a6e7,True
MA|pronatec aprendiz na micro e pequena empresa|1,FRM-CP-2026-TRAB-0209,pronatec-aprendiz-na-micro-e-pequena-empresa-ma,MA,PRONATEC Aprendiz na Micro e Pequena Empresa,2,2026-05-13,2026-05-13,a890fc2da9a752d6,True
MA|sistema nacional de emprego sine|1,FRM-CP-2026-TRAB-0210,sistema-nacional-de-emprego-sine-ma,MA,Sistema Nacional de Emprego (SINE),2,2026-05-13,2026-05-13,ed7b7e361a9f7e38,True
MA|programa do seguro desemprego|1,FRM-CP-2026-TRAB-0211,programa-do-seguro-desemprego-ma,MA,Programa do Seguro-Desemprego,2,2026-05-13,2026-05-13,8d3f1105fd8c39ef,True
MA|lei da liberdade economica|1,FRM-CP-2026-TRAB-0212,lei-da-liberdade-economica-ma,MA,Lei da Liberdade Econômica,2,2026-05-13,2026-05-13,fd4d1404b7c1aa36,True
MA|novos caminhos mec|1,FRM-CP-2026-TRAB-0213,novos-caminhos-mec-ma,MA,Novos Caminhos (MEC),2,2026-05-13,2026-05-13,1aaf7be7a1d5f81a,True
MA|programa emprega mulheres e jovens|1,FRM-CP-2026-TRAB-0214,programa-emprega-mulheres-e-jovens-ma,MA,Programa Emprega + Mulheres e Jovens,2,2026-05-13,2026-10-05,9195200080b08832,True
AM|educacao de jovens e adultos eja|1,FRM-CP-2026-EDU-0263,educacao-de-jovens-e-adultos-eja-am,AM,Educação de Jovens e Adultos (EJA),2,2026-05-13,2026-10-05,ad4b2cc641607b3a,True
AM|centro de midias de educacao do amazonas cemeam ensino presencial mediado por tecnologia|1,FRM-CP-2026-EDU-0264,centro-de-midias-de-educacao-do-amazonas-cemeam-ensino-presencial-mediado-por-tecnologia-am,AM,Centro de Mídias de Educação do Amazonas (CEMEAM) / Ensino Presencial Mediado por Tecnologia,2,2026-05-13,2026-05-13,a212a00fbd5ec677,True
AM|plano estadual de educacao para pessoas privadas de liberdade peep do amazonas 2025 2028|1,FRM-CP-2026-EDU-0265,plano-estadual-de-educacao-para-pessoas-privadas-de-liberdade-peep-do-amazonas-2025-2028-am,AM, Plano Estadual de Educação para Pessoas Privadas de Liberdade (PEEP) do Amazonas  (2025-2028),2,2026-05-13,2026-10-05,6667fb4a081dd117,True
AM|provao eletronico da eja sistema eletronico de avaliacao|1,FRM-CP-2026-EDU-0266,provao-eletronico-da-eja-sistema-eletronico-de-avaliacao-am,AM,Provão Eletrônico da EJA / Sistema Eletrônico de Avaliação,2,2026-05-13,2026-05-13,0d470f0fe6c37037,True
AM|busca ativa escolar pbae|1,FRM-CP-2026-EDU-0267,busca-ativa-escolar-pbae-am,AM,Busca Ativa Escolar (PBAE) ,2,2026-05-13,2026-05-13,2c49433151cb5ba5,True
AM|pacto nacional pela superacao do analfabetismo e qualificacao da eja pacto nacional da eja|1,FRM-CP-2026-EDU-0268,pacto-nacional-pela-superacao-do-analfabetismo-e-qualificacao-da-eja-pacto-nacional-da-eja-am,AM,Pacto Nacional pela Superação do Analfabetismo e Qualificação da EJA (Pacto Nacional da EJA),2,2026-05-13,2026-05-13,3da0ce22c718449d,True
AM|aula em casa|1,FRM-CP-2026-EDU-0269,aula-em-casa-am,AM,Aula em Casa,2,2026-05-13,2026-10-05,1ac26c4c61a0206f,True
AM|programa de apoio ao novo ensino medio pronem|1,FRM-CP-2026-EDU-0270,programa-de-apoio-ao-novo-ensino-medio-pronem-am,AM,Programa de Apoio ao Novo Ensino Médio (ProNem),2,2026-05-13,2026-05-13,14069fe80ea133ee,True
AM|exame nacional para certificacao de competencias de jovens e adultos encceja|1,FRM-CP-2026-EDU-0271,exame-nacional-para-certificacao-de-competencias-de-jovens-e-adultos-encceja-am,AM,Exame Nacional para Certificação de Competências de Jovens e Adultos  (ENCCEJA),2,2026-05-13,2026-05-13,8b1cd840bb74ccaf,True
AM|ensino medio mais|1,FRM-CP-2026-EDU-0272,ensino-medio-mais-am,AM,Ensino Médio Mais,2,2026-05-13,2026-05-13,2d97f54f475f3282,True
AM|programa avancar|1,FRM-CP-2026-EDU-0273,programa-avancar-am,AM,Programa Avançar,2,2026-05-13,2026-05-13,28946ed30968425d,True
AM|educacao escolar indigena|1,FRM-CP-2026-EDU-0274,educacao-escolar-indigena-am,AM,Educação Escolar Indígena,2,2026-05-13,2026-05-13,09a72ffb94fb12ff,True
AM|programa de aceleracao do desenvolvimento da educacao do amazonas padeam|1,FRM-CP-2026-EDU-0275,programa-de-aceleracao-do-desenvolvimento-da-educacao-do-amazonas-padeam-am,AM,Programa de Aceleração do Desenvolvimento da Educação do Amazonas (Padeam),2,2026-05-13,2026-10-05,b6b9f37b2d781502,True
AM|programa nacional de integracao da educacao profissional com a educacao basica na modalidade de educacao de jovens e adultos proeja|1,FRM-CP-2026-EDU-0276,programa-nacional-de-integracao-da-educacao-profissional-com-a-educacao-basica-na-modalidade-de-educacao-de-jovens-am,AM,Programa Nacional de Integração da Educação Profissional com a Educação Básica na Modalidade de Educação de Jovens e Adultos (PROEJA),2,2026-05-13,2026-05-13,b5ca36120f607ee7,True
AM|centros educacionais de tempo integral cetis|1,FRM-CP-2026-EDU-0277,centros-educacionais-de-tempo-integral-cetis-am,AM,Centros Educacionais de Tempo Integral (CETIs),2,2026-05-13,2026-05-13,7c1b9b4e0c33dc92,True
AM|programa brasil alfabetizado|1,FRM-CP-2026-EDU-0278,programa-brasil-alfabetizado-am,AM,Programa Brasil Alfabetizado,2,2026-05-13,2026-05-13,56c8b78660e8b555,True
AM|programa ensino medio inovador proemi|1,FRM-CP-2026-EDU-0279,programa-ensino-medio-inovador-proemi-am,AM,Programa Ensino Médio Inovador (ProEmi),2,2026-05-13,2026-05-13,7d9929b9ff6e66c1,True
AM|politica de fomento a implementacao de escolas de ensino medio em tempo integral emti|1,FRM-CP-2026-EDU-0280,politica-de-fomento-a-implementacao-de-escolas-de-ensino-medio-em-tempo-integral-emti-am,AM,Política de Fomento à Implementação de Escolas de Ensino Médio em Tempo Integral (EMTI),2,2026-05-13,2026-05-13,36612556931d0cc7,True
AM|cadastro da eja cadeja|1,FRM-CP-2026-EDU-0281,cadastro-da-eja-cadeja-am,AM,Cadastro da EJA (CADEJA),2,2026-05-13,2026-05-13,9f992b653b28a2a3,True
AM|programa juros por educacao|1,FRM-CP-2026-EDU-0282,programa-juros-por-educacao-am,AM,Programa Juros por Educação,2,2026-05-13,2026-05-13,d0befa9251da6258,True
AM|politica nacional de educacao profissional e tecnologica pnept|1,FRM-CP-2026-EDU-0283,politica-nacional-de-educacao-profissional-e-tecnologica-pnept-am,AM,Política Nacional de Educação Profissional e Tecnológica (PNEPT),2,2026-05-13,2026-05-13,c84aa30a03da363b,True
AM|programa estacao juventude federal|1,FRM-CP-2026-PSOC-0137,programa-estacao-juventude-federal-am,AM,Programa Estação Juventude (Federal),2,2026-05-13,2026-05-13,286f5438d5bfa26c,True
AM|centros de artes e esportes unificados ceus das artes|1,FRM-CP-2026-PSOC-0138,centros-de-artes-e-esportes-unificados-ceus-das-artes-am,AM,Centros de Artes e Esportes Unificados (CEUs das Artes),2,2026-05-13,2026-05-13,e89a27640e73d5bf,True
AM|programa pe de meia|1,FRM-CP-2026-PSOC-0139,programa-pe-de-meia-am,AM,Programa Pé de Meia,2,2026-05-13,2026-05-13,e70e9dcc3fe9cc8f,True
AM|politica nacional de migracoes refugio e apatridia pnmra|1,FRM-CP-2026-PSOC-0140,politica-nacional-de-migracoes-refugio-e-apatridia-pnmra-am,AM,"Política Nacional de Migrações, Refúgio e Apatridia (PNMRA)",2,2026-05-13,2026-05-13,301e10aebeabe543,True
AM|bolsa familia|1,FRM-CP-2026-PSOC-0141,bolsa-familia-am,AM,Bolsa Família,2,2026-05-13,2026-05-13,fe9e9191f5850234,True
AM|auxilio brasil|1,FRM-CP-2026-PSOC-0142,auxilio-brasil-am,AM,Auxílio Brasil,2,2026-05-13,2026-10-05,05b85f0a1d4fb8f6,True
AM|brasil sem miseria|1,FRM-CP-2026-PSOC-0143,brasil-sem-miseria-am,AM,Brasil Sem Miséria,2,2026-05-13,2026-05-13,f086a8d3e940ac09,True
AM|programa novos caminhos cnj programa nacional de apoio a desinstitucionalizacao de criancas e adolescentes acolhidos e a egressos de unidades de acolhimento|1,FRM-CP-2026-PSOC-0144,programa-novos-caminhos-cnj-programa-nacional-de-apoio-a-desinstitucionalizacao-de-criancas-e-adolescentes-acolhid-am,AM,Programa Novos Caminhos/CNJ (Programa Nacional de Apoio à Desinstitucionalização de Crianças e Adolescentes Acolhidos e a Egressos de Unidades de Acolhimento),2,2026-05-13,2026-05-13,22318c3cf8bce527,True
AM|programa nacional de inclusao de jovens projovem|1,FRM-CP-2026-PSOC-0145,programa-nacional-de-inclusao-de-jovens-projovem-am,AM,Programa Nacional de Inclusão de Jovens (ProJovem),2,2026-05-13,2026-05-13,51dba240d3b89781,True
AM|1o plano municipal de politicas publicas para migracao refugio e apatrida do amazonas|1,FRM-CP-2026-PSOC-0146,1o-plano-municipal-de-politicas-publicas-para-migracao-refugio-e-apatrida-do-amazonas-am,AM,"1º Plano Municipal de Políticas Públicas para Migração, Refúgio e Apátrida do Amazonas",2,2026-05-13,2026-05-13,72c8237d5c6b1af5,True
AM|cetam centro de educacao tecnologica do amazonas|1,FRM-CP-2026-TRAB-0215,cetam-centro-de-educacao-tecnologica-do-amazonas-am,AM,CETAM – Centro de Educação Tecnológica do Amazonas,2,2026-05-13,2026-05-13,d1dd467fd32d4448,True
AM|sine amazonas portal do trabalhador|1,FRM-CP-2026-TRAB-0216,sine-amazonas-portal-do-trabalhador-am,AM,Sine Amazonas / Portal do Trabalhador,2,2026-05-13,2026-10-05,97678b3a1172fc29,True
AM|programa manuel querino de qualificacao social e profissional pmq|1,FRM-CP-2026-TRAB-0217,programa-manuel-querino-de-qualificacao-social-e-profissional-pmq-am,AM,Programa Manuel Querino de Qualificação Social e Profissional (PMQ) ,2,2026-05-13,2026-05-13,577e3acf4d13f4ef,True
AM|escola do trabalhador 4 0|1,FRM-CP-2026-TRAB-0218,escola-do-trabalhador-4-0-am,AM,Escola do Trabalhador 4.0,2,2026-05-13,2026-05-13,63cfd64ad7dd137e,True
AM|programa do seguro desemprego|1,FRM-CP-2026-TRAB-0219,programa-do-seguro-desemprego-am,AM,Programa do Seguro-Desemprego,2,2026-05-13,2026-05-13,34f76248382ed3d4,True
AM|programa nacional de estimulo ao primeiro emprego pnpe|1,FRM-CP-2026-TRAB-0220,programa-nacional-de-estimulo-ao-primeiro-emprego-pnpe-am,AM,Programa Nacional de Estímulo ao Primeiro Emprego (PNPE),2,2026-05-13,2026-05-13,9875e35e1d7fb9fb,True
AM|consorcio social da juventude|1,FRM-CP-2026-TRAB-0221,consorcio-social-da-juventude-am,AM,Consórcio Social da Juventude,2,2026-05-13,2026-05-13,040a6a21075f4009,True
AM|novos caminhos mec|1,FRM-CP-2026-TRAB-0222,novos-caminhos-mec-am,AM,Novos Caminhos (MEC),2,2026-05-13,2026-05-13,3650f941155c9ffb,True
AM|aprendizagem profissional jovem aprendiz|1,FRM-CP-2026-TRAB-0223,aprendizagem-profissional-jovem-aprendiz-am,AM,Aprendizagem Profissional (Jovem Aprendiz),2,2026-05-13,2026-05-13,3bdb23e5bb8a21f2,True
AM|programa nacional de acesso ao ensino tecnico e emprego pronatec|1,FRM-CP-2026-TRAB-0224,programa-nacional-de-acesso-ao-ensino-tecnico-e-emprego-pronatec-am,AM,Programa Nacional de Acesso ao Ensino Técnico e Emprego (PRONATEC),2,2026-05-13,2026-10-05,917aaac060cad0ab,True
AM|pronatec aprendiz na micro e pequena empresa|1,FRM-CP-2026-TRAB-0225,pronatec-aprendiz-na-micro-e-pequena-empresa-am,AM,Pronatec Aprendiz na Micro e Pequena Empresa,2,2026-05-13,2026-05-13,fe5ae5d4cb3221f9,True
AM|lei da liberdade economica|1,FRM-CP-2026-TRAB-0226,lei-da-liberdade-economica-am,AM,Lei da Liberdade Econômica,2,2026-05-13,2026-05-13,1008ffa7baaea8fe,True
AM|programa emprega mulheres e jovens|1,FRM-CP-2026-TRAB-0227,programa-emprega-mulheres-e-jovens-am,AM,Programa Emprega + Mulheres e Jovens,2,2026-05-13,2026-10-05,a3b2ec58b3f3800e,True
AM|casa do trabalhador em manaus|1,FRM-CP-2026-EDU-0284,casa-do-trabalhador-em-manaus-am,AM,Casa do Trabalhador em Manaus,2,2026-05-13,2026-05-13,b58b45562b466519,True
MT|educacao de jovens e adultos eja mato grosso|1,FRM-CP-2026-EDU-0285,educacao-de-jovens-e-adultos-eja-mato-grosso-mt,MT,Educação de Jovens e Adultos (EJA) – Mato Grosso,2,2026-05-13,2026-05-13,117f089ad9e596db,True
MT|muxirum da alfabetizacao mais mt muxirum|1,FRM-CP-2026-EDU-0286,muxirum-da-alfabetizacao-mais-mt-muxirum-mt,MT,Muxirum da Alfabetização / Mais MT Muxirum,2,2026-05-13,2026-05-13,d79c88da4d287596,True
MT|exame certificador de eja eceja certifica mais mt|1,FRM-CP-2026-EDU-0287,exame-certificador-de-eja-eceja-certifica-mais-mt-mt,MT,Exame Certificador de EJA (ECEJA / Certifica Mais MT),2,2026-05-13,2026-05-13,bac127bc465608b3,True
MT|centros de educacao de jovens e adultos cejas mato grosso|1,FRM-CP-2026-EDU-0288,centros-de-educacao-de-jovens-e-adultos-cejas-mato-grosso-mt,MT,Centros de Educação de Jovens e Adultos (CEJAs) – Mato Grosso,2,2026-05-13,2026-05-13,3e3bdf3e1410aa4f,True
MT|sine mato grosso|1,FRM-CP-2026-TRAB-0228,sine-mato-grosso-mt,MT,Sine Mato Grosso,2,2026-05-13,2026-10-05,180be3e4304565f9,True
MT|ser familia capacita|1,FRM-CP-2026-TRAB-0229,ser-familia-capacita-mt,MT,SER Família Capacita,2,2026-05-13,2026-05-13,66765daaa7c2cfed,True
MT|escolas tecnicas estaduais rede da seciteci mt|1,FRM-CP-2026-TRAB-0230,escolas-tecnicas-estaduais-rede-da-seciteci-mt-mt,MT,Escolas Técnicas Estaduais / rede da Seciteci-MT,2,2026-05-13,2026-05-13,f79e49b0b2dd63bf,True
MT|programa brasil alfabetizado|1,FRM-CP-2026-EDU-0289,programa-brasil-alfabetizado-mt,MT,Programa Brasil Alfabetizado,2,2026-05-13,2026-05-13,c655cba85991f316,True
MT|pacto nacional pela superacao do analfabetismo e qualificacao da eja pacto nacional da eja|1,FRM-CP-2026-EDU-0290,pacto-nacional-pela-superacao-do-analfabetismo-e-qualificacao-da-eja-pacto-nacional-da-eja-mt,MT,Pacto Nacional pela Superação do Analfabetismo e Qualificação da EJA (Pacto Nacional da EJA),2,2026-05-13,2026-05-13,28324bdf23a06864,True
MT|exame nacional para certificacao de competencias de jovens e adultos encceja|1,FRM-CP-2026-EDU-0291,exame-nacional-para-certificacao-de-competencias-de-jovens-e-adultos-encceja-mt,MT,Exame Nacional para Certificação de Competências de Jovens e Adultos  (ENCCEJA),2,2026-05-13,2026-05-13,81c020c66ab7c6f7,True
MT|programa nacional de integracao da educacao profissional com a educacao basica na modalidade de educacao de jovens e adultos proeja|1,FRM-CP-2026-EDU-0292,programa-nacional-de-integracao-da-educacao-profissional-com-a-educacao-basica-na-modalidade-de-educacao-de-jovens-mt,MT,Programa Nacional de Integração da Educação Profissional com a Educação Básica na Modalidade de Educação de Jovens e Adultos (PROEJA),2,2026-05-13,2026-05-13,c8a7d5128900b32e,True
MT|politica nacional de educacao profissional e tecnologica pnept|1,FRM-CP-2026-EDU-0293,politica-nacional-de-educacao-profissional-e-tecnologica-pnept-mt,MT,Política Nacional de Educação Profissional e Tecnológica (PNEPT),2,2026-05-13,2026-05-13,0b7dbf322fba0545,True
MT|educacao de jovens e adultos eja|1,FRM-CP-2026-EDU-0294,educacao-de-jovens-e-adultos-eja-mt,MT,Educação de Jovens e Adultos (EJA),2,2026-05-13,2026-10-05,34655759306fc50b,True
MT|programa brasil alfabetizado|2,FRM-CP-2026-EDU-0295,programa-brasil-alfabetizado-mt-2,MT,Programa Brasil Alfabetizado,2,2026-05-13,2026-05-13,4937b52f582a3e51,True
MT|pacto nacional pela superacao do analfabetismo e qualificacao da eja pacto nacional da eja|2,FRM-CP-2026-EDU-0296,pacto-nacional-pela-superacao-do-analfabetismo-e-qualificacao-da-eja-pacto-nacional-da-eja-mt-2,MT,Pacto Nacional pela Superação do Analfabetismo e Qualificação da EJA (Pacto Nacional da EJA),2,2026-05-13,2026-05-13,0a9a56eff7303875,True
MT|exame nacional para certificacao de competencias de jovens e adultos encceja|2,FRM-CP-2026-EDU-0297,exame-nacional-para-certificacao-de-competencias-de-jovens-e-adultos-encceja-mt-2,MT,Exame Nacional para Certificação de Competências de Jovens e Adultos  (ENCCEJA),2,2026-05-13,2026-05-13,091b82a55ed7156a,True
MT|programa nacional de integracao da educacao profissional com a educacao basica na modalidade de educacao de jovens e adultos proeja|2,FRM-CP-2026-EDU-0298,programa-nacional-de-integracao-da-educacao-profissional-com-a-educacao-basica-na-modalidade-de-educacao-de-jovens-mt-2,MT,Programa Nacional de Integração da Educação Profissional com a Educação Básica na Modalidade de Educação de Jovens e Adultos (PROEJA),2,2026-05-13,2026-05-13,7157f69a1baad4b9,True
MT|politica nacional de educacao profissional e tecnologica pnept|2,FRM-CP-2026-EDU-0299,politica-nacional-de-educacao-profissional-e-tecnologica-pnept-mt-2,MT,Política Nacional de Educação Profissional e Tecnológica (PNEPT),2,2026-05-13,2026-05-13,15b6778f41c8fdbc,True
MT|programa novos caminhos cnj programa nacional de apoio a desinstitucionalizacao de criancas e adolescentes acolhidos e a egressos de unidades de acolhimento|1,FRM-CP-2026-PSOC-0147,programa-novos-caminhos-cnj-programa-nacional-de-apoio-a-desinstitucionalizacao-de-criancas-e-adolescentes-acolhid-mt,MT,Programa Novos Caminhos/CNJ (Programa Nacional de Apoio à Desinstitucionalização de Crianças e Adolescentes Acolhidos e a Egressos de Unidades de Acolhimento),2,2026-05-13,2026-05-13,30a58be1ff6490b8,True
MT|programa de apoio ao novo ensino medio pronem|1,FRM-CP-2026-EDU-0300,programa-de-apoio-ao-novo-ensino-medio-pronem-mt,MT,Programa de Apoio ao Novo Ensino Médio (ProNem),2,2026-05-13,2026-05-13,e15baaca8683029c,True
MT|programa nacional de inclusao de jovens projovem|1,FRM-CP-2026-PSOC-0148,programa-nacional-de-inclusao-de-jovens-projovem-mt,MT,Programa Nacional de Inclusão de Jovens (ProJovem),2,2026-05-13,2026-05-13,eca336526c45c37f,True
MT|programa estacao juventude federal|1,FRM-CP-2026-PSOC-0149,programa-estacao-juventude-federal-mt,MT,Programa Estação Juventude (Federal),2,2026-05-13,2026-05-13,f949925c4e7add6e,True
MT|centros de artes e esportes unificados ceus das artes|1,FRM-CP-2026-PSOC-0150,centros-de-artes-e-esportes-unificados-ceus-das-artes-mt,MT,Centros de Artes e Esportes Unificados (CEUs das Artes),2,2026-05-13,2026-05-13,b7d0243207b7aa6f,True
MT|bolsa familia|1,FRM-CP-2026-PSOC-0151,bolsa-familia-mt,MT,Bolsa Família,2,2026-05-13,2026-05-13,1d20310f2e081c90,True
MT|auxilio brasil|1,FRM-CP-2026-PSOC-0152,auxilio-brasil-mt,MT,Auxílio Brasil,2,2026-05-13,2026-10-05,10157e3955423274,True
MT|brasil sem miseria|1,FRM-CP-2026-PSOC-0153,brasil-sem-miseria-mt,MT,Brasil Sem Miséria,2,2026-05-13,2026-05-13,3fdce093cdad6aeb,True
MT|programa pe de meia|1,FRM-CP-2026-PSOC-0154,programa-pe-de-meia-mt,MT,Programa Pé de Meia,2,2026-05-13,2026-05-13,bb51ecc3bb6a152a,True
MT|politica nacional de migracoes refugio e apatridia pnmra|1,FRM-CP-2026-PSOC-0155,politica-nacional-de-migracoes-refugio-e-apatridia-pnmra-mt,MT,"Política Nacional de Migrações, Refúgio e Apatridia (PNMRA)",2,2026-05-13,2026-05-13,a57f61e5df5cb9c9,True
MT|programa do seguro desemprego|1,FRM-CP-2026-TRAB-0231,programa-do-seguro-desemprego-mt,MT,Programa do Seguro-Desemprego,2,2026-05-13,2026-05-13,d21c9e20f982daac,True
MT|programa nacional de estimulo ao primeiro emprego pnpe|1,FRM-CP-2026-TRAB-0232,programa-nacional-de-estimulo-ao-primeiro-emprego-pnpe-mt,MT,Programa Nacional de Estímulo ao Primeiro Emprego (PNPE),2,2026-05-13,2026-05-13,998bd8e4fbe03184,True
MT|consorcio social da juventude|1,FRM-CP-2026-TRAB-0233,consorcio-social-da-juventude-mt,MT,Consórcio Social da Juventude,2,2026-05-13,2026-05-13,1c17ca92b0d4bfd9,True
MT|novos caminhos mec|1,FRM-CP-2026-TRAB-0234,novos-caminhos-mec-mt,MT,Novos Caminhos (MEC),2,2026-05-13,2026-05-13,ea113831c1e74287,True
MT|aprendizagem profissional jovem aprendiz|1,FRM-CP-2026-TRAB-0235,aprendizagem-profissional-jovem-aprendiz-mt,MT,Aprendizagem Profissional (Jovem Aprendiz),2,2026-05-13,2026-05-13,75fbe343ae97ae4f,True
MT|programa nacional de acesso ao ensino tecnico e emprego pronatec|1,FRM-CP-2026-TRAB-0236,programa-nacional-de-acesso-ao-ensino-tecnico-e-emprego-pronatec-mt,MT,Programa Nacional de Acesso ao Ensino Técnico e Emprego (PRONATEC),2,2026-05-13,2026-10-05,ebcf463cffd8e8be,True
MT|pronatec aprendiz na micro e pequena empresa|1,FRM-CP-2026-TRAB-0237,pronatec-aprendiz-na-micro-e-pequena-empresa-mt,MT,PRONATEC Aprendiz na Micro e Pequena Empresa,2,2026-05-13,2026-05-13,2303011ba207ed41,True
MT|sistema nacional de emprego sine|1,FRM-CP-2026-TRAB-0238,sistema-nacional-de-emprego-sine-mt,MT,Sistema Nacional de Emprego (SINE),2,2026-05-13,2026-05-13,84cf17b993229a19,True
MT|lei da liberdade economica|1,FRM-CP-2026-TRAB-0239,lei-da-liberdade-economica-mt,MT,Lei da Liberdade Econômica,2,2026-05-13,2026-05-13,e8fb7ab2497c3952,True
MT|programa emprega mulheres e jovens|1,FRM-CP-2026-TRAB-0240,programa-emprega-mulheres-e-jovens-mt,MT,Programa Emprega + Mulheres e Jovens,2,2026-05-13,2026-10-05,e97f7123597f3a4e,True
MT|ensino medio mais|1,FRM-CP-2026-EDU-0301,ensino-medio-mais-mt,MT,Ensino Médio Mais,2,2026-05-13,2026-05-13,adfc5534540d2a20,True
MT|busca ativa escolar|1,FRM-CP-2026-EDU-0302,busca-ativa-escolar-mt,MT, Busca Ativa Escolar,2,2026-05-13,2026-10-05,31960f4f01d8bd85,True
MT|programa ensino medio inovador proemi|1,FRM-CP-2026-EDU-0303,programa-ensino-medio-inovador-proemi-mt,MT,Programa Ensino Médio Inovador (ProEmi),2,2026-05-13,2026-05-13,ca3e4107e3990f50,True
MT|cadastro da eja cadeja|1,FRM-CP-2026-EDU-0304,cadastro-da-eja-cadeja-mt,MT,Cadastro da EJA (CADEJA),2,2026-05-13,2026-05-13,32b4217eed11120e,True
MT|educacao de jovens e adultos eja|2,FRM-CP-2026-EDU-0305,educacao-de-jovens-e-adultos-eja-mt-2,MT,Educação de Jovens e Adultos (EJA),2,2026-05-13,2026-10-05,e67f5f972d5f1ded,True
MT|politica nacional de migracoes refugio e apatridia pnmra|2,FRM-CP-2026-PSOC-0156,politica-nacional-de-migracoes-refugio-e-apatridia-pnmra-mt-2,MT,"Política Nacional de Migrações, Refúgio e Apatridia (PNMRA)",2,2026-05-13,2026-05-13,47046bd6fc8a340a,True
MT|programa nacional de estimulo ao primeiro emprego pnpe|2,FRM-CP-2026-TRAB-0241,programa-nacional-de-estimulo-ao-primeiro-emprego-pnpe-mt-2,MT,Programa Nacional de Estímulo ao Primeiro Emprego (PNPE),2,2026-05-13,2026-05-13,31db69564f7249d3,True
MT|plano estadual de educacao para pessoas privadas de liberdade peep do mato grosso 2025 2028|1,FRM-CP-2026-EDU-0306,plano-estadual-de-educacao-para-pessoas-privadas-de-liberdade-peep-do-mato-grosso-2025-2028-mt,MT, Plano Estadual de Educação para Pessoas Privadas de Liberdade (PEEP) do Mato Grosso (2025-2028),2,2026-05-13,2026-05-13,6f2aa266aafab634,True
PB|educacao de jovens e adultos eja|1,FRM-CP-2026-EDU-0307,educacao-de-jovens-e-adultos-eja-pb,PB,Educação de Jovens e Adultos (EJA),2,2026-05-13,2026-10-05,eab2efa1c8626b21,True
PB|eja semipresencial da paraiba|1,FRM-CP-2026-EDU-0308,eja-semipresencial-da-paraiba-pb,PB,EJA semipresencial da Paraíba,2,2026-05-13,2026-05-13,a0d76b260e00f6dd,True
PB|alfabetiza pb eja|1,FRM-CP-2026-EDU-0309,alfabetiza-pb-eja-pb,PB,Alfabetiza PB – EJA,2,2026-05-13,2026-05-13,c56c694d63086d76,True
PB|paraibatec e rede estadual de educacao profissional|1,FRM-CP-2026-TRAB-0242,paraibatec-e-rede-estadual-de-educacao-profissional-pb,PB,ParaíbaTEC e rede estadual de educação profissional,2,2026-05-13,2026-05-13,0776ab0a7ebd4599,True
PB|programa primeira chance|1,FRM-CP-2026-TRAB-0243,programa-primeira-chance-pb,PB,Programa Primeira Chance,2,2026-05-13,2026-05-13,f2500ffa3db747f8,True
PB|proeja eja ept no ifpb|1,FRM-CP-2026-EDU-0310,proeja-eja-ept-no-ifpb-pb,PB,PROEJA / EJA-EPT no IFPB,2,2026-05-13,2026-05-13,16d4544960f863c1,True
PB|empreender pb|1,FRM-CP-2026-TRAB-0244,empreender-pb-pb,PB,Empreender PB,2,2026-05-13,2026-05-13,0fd7be2f3daa69be,True
PB|programa brasil alfabetizado|1,FRM-CP-2026-EDU-0311,programa-brasil-alfabetizado-pb,PB,Programa Brasil Alfabetizado,2,2026-05-13,2026-05-13,484485685842a860,True
PB|pacto nacional pela superacao do analfabetismo e qualificacao da eja pacto nacional da eja|1,FRM-CP-2026-EDU-0312,pacto-nacional-pela-superacao-do-analfabetismo-e-qualificacao-da-eja-pacto-nacional-da-eja-pb,PB,Pacto Nacional pela Superação do Analfabetismo e Qualificação da EJA (Pacto Nacional da EJA),2,2026-05-13,2026-05-13,03da9f9b6d938b59,True
PB|exame nacional para certificacao de competencias de jovens e adultos encceja|1,FRM-CP-2026-EDU-0313,exame-nacional-para-certificacao-de-competencias-de-jovens-e-adultos-encceja-pb,PB,Exame Nacional para Certificação de Competências de Jovens e Adultos  (ENCCEJA),2,2026-05-13,2026-05-13,66cbfc9682522da9,True
PB|programa nacional de integracao da educacao profissional com a educacao basica na modalidade de educacao de jovens e adultos proeja|1,FRM-CP-2026-EDU-0314,programa-nacional-de-integracao-da-educacao-profissional-com-a-educacao-basica-na-modalidade-de-educacao-de-jovens-pb,PB,Programa Nacional de Integração da Educação Profissional com a Educação Básica na Modalidade de Educação de Jovens e Adultos (PROEJA),2,2026-05-13,2026-05-13,c78561e87103f910,True
PB|cadastro da eja cadeja|1,FRM-CP-2026-EDU-0315,cadastro-da-eja-cadeja-pb,PB,Cadastro da EJA (CADEJA),2,2026-05-13,2026-05-13,4c335dbf236bb655,True
PB|politica nacional de educacao profissional e tecnologica pnept|1,FRM-CP-2026-EDU-0316,politica-nacional-de-educacao-profissional-e-tecnologica-pnept-pb,PB,Política Nacional de Educação Profissional e Tecnológica (PNEPT),2,2026-05-13,2026-05-13,58e07ea8ac547b37,True
PB|programa juros por educacao|1,FRM-CP-2026-EDU-0317,programa-juros-por-educacao-pb,PB,Programa Juros por Educação,2,2026-05-13,2026-05-13,e551bd3af09e5f1b,True
PB|programa novos caminhos cnj programa nacional de apoio a desinstitucionalizacao de criancas e adolescentes acolhidos e a egressos de unidades de acolhimento|1,FRM-CP-2026-PSOC-0157,programa-novos-caminhos-cnj-programa-nacional-de-apoio-a-desinstitucionalizacao-de-criancas-e-adolescentes-acolhid-pb,PB,Programa Novos Caminhos/CNJ (Programa Nacional de Apoio à Desinstitucionalização de Crianças e Adolescentes Acolhidos e a Egressos de Unidades de Acolhimento),2,2026-05-13,2026-05-13,190fbd5318bcd108,True
PB|programa de apoio ao novo ensino medio pronem|1,FRM-CP-2026-EDU-0318,programa-de-apoio-ao-novo-ensino-medio-pronem-pb,PB,Programa de Apoio ao Novo Ensino Médio (ProNem),2,2026-05-13,2026-05-13,ee69e7684f9e33f7,True
PB|programa nacional de inclusao de jovens projovem|1,FRM-CP-2026-PSOC-0158,programa-nacional-de-inclusao-de-jovens-projovem-pb,PB,Programa Nacional de Inclusão de Jovens (ProJovem),2,2026-05-13,2026-05-13,82af326336c1f98a,True
PB|programa estacao juventude federal|1,FRM-CP-2026-PSOC-0159,programa-estacao-juventude-federal-pb,PB,Programa Estação Juventude (Federal),2,2026-05-13,2026-05-13,9376f9fbb654f4ed,True
PB|centros de artes e esportes unificados ceus das artes|1,FRM-CP-2026-PSOC-0160,centros-de-artes-e-esportes-unificados-ceus-das-artes-pb,PB,Centros de Artes e Esportes Unificados (CEUs das Artes),2,2026-05-13,2026-05-13,b9415de9463555a8,True
PB|bolsa familia|1,FRM-CP-2026-PSOC-0161,bolsa-familia-pb,PB,Bolsa Família,2,2026-05-13,2026-05-13,8ad0419982775cc8,True
PB|auxilio brasil|1,FRM-CP-2026-PSOC-0162,auxilio-brasil-pb,PB,Auxílio Brasil,2,2026-05-13,2026-10-05,fbf1d70fd411c22a,True
PB|brasil sem miseria|1,FRM-CP-2026-PSOC-0163,brasil-sem-miseria-pb,PB,Brasil Sem Miséria,2,2026-05-13,2026-05-13,7140d85068a6d381,True
PB|programa pe de meia|1,FRM-CP-2026-PSOC-0164,programa-pe-de-meia-pb,PB,Programa Pé de Meia,2,2026-05-13,2026-05-13,93c23b371a4122cd,True
PB|politica nacional de migracoes refugio e apatridia pnmra|1,FRM-CP-2026-PSOC-0165,politica-nacional-de-migracoes-refugio-e-apatridia-pnmra-pb,PB,"Política Nacional de Migrações, Refúgio e Apatridia (PNMRA)",2,2026-05-13,2026-05-13,595d496d65470caf,True
PB|sistema nacional de emprego sine|1,FRM-CP-2026-TRAB-0245,sistema-nacional-de-emprego-sine-pb,PB,Sistema Nacional de Emprego (SINE),2,2026-05-13,2026-05-13,3020c9fe253c4955,True
PB|sistema nacional de emprego sine pb|1,FRM-CP-2026-TRAB-0246,sistema-nacional-de-emprego-sine-pb-pb,PB,Sistema Nacional de Emprego (SINE) - PB,2,2026-05-13,2026-05-13,22cbdad8070e02f9,True
PB|programa do seguro desemprego|1,FRM-CP-2026-TRAB-0247,programa-do-seguro-desemprego-pb,PB,Programa do Seguro-Desemprego,2,2026-05-13,2026-05-13,04b7909ee8adda66,True
PB|programa nacional de estimulo ao primeiro emprego pnpe|1,FRM-CP-2026-TRAB-0248,programa-nacional-de-estimulo-ao-primeiro-emprego-pnpe-pb,PB,Programa Nacional de Estímulo ao Primeiro Emprego (PNPE),2,2026-05-13,2026-05-13,bbee9a428efcaf20,True
PB|consorcio social da juventude|1,FRM-CP-2026-TRAB-0249,consorcio-social-da-juventude-pb,PB,Consórcio Social da Juventude,2,2026-05-13,2026-05-13,7225ef274ee9ccbc,True
PB|novos caminhos mec|1,FRM-CP-2026-TRAB-0250,novos-caminhos-mec-pb,PB,Novos Caminhos (MEC),2,2026-05-13,2026-05-13,0fddb0682e8f96c9,True
PB|aprendizagem profissional jovem aprendiz|1,FRM-CP-2026-TRAB-0251,aprendizagem-profissional-jovem-aprendiz-pb,PB,Aprendizagem Profissional (Jovem Aprendiz),2,2026-05-13,2026-05-13,4ff16bcd8c653b7a,True
PB|programa nacional de acesso ao ensino tecnico e emprego pronatec|1,FRM-CP-2026-TRAB-0252,programa-nacional-de-acesso-ao-ensino-tecnico-e-emprego-pronatec-pb,PB,Programa Nacional de Acesso ao Ensino Técnico e Emprego (PRONATEC),2,2026-05-13,2026-10-05,5aec696c077b4550,True
PB|pronatec aprendiz na micro e pequena empresa|1,FRM-CP-2026-TRAB-0253,pronatec-aprendiz-na-micro-e-pequena-empresa-pb,PB,PRONATEC Aprendiz na Micro e Pequena Empresa,2,2026-05-13,2026-05-13,6c9c0a8f63c15e0e,True
PB|lei da liberdade economica|1,FRM-CP-2026-TRAB-0254,lei-da-liberdade-economica-pb,PB,Lei da Liberdade Econômica,2,2026-05-13,2026-05-13,e822df3156166dec,True
PB|programa emprega mulheres e jovens|1,FRM-CP-2026-TRAB-0255,programa-emprega-mulheres-e-jovens-pb,PB,Programa Emprega + Mulheres e Jovens,2,2026-05-13,2026-10-05,97a5824837477d7f,True
PB|ensino medio mais|1,FRM-CP-2026-EDU-0319,ensino-medio-mais-pb,PB,Ensino Médio Mais,2,2026-05-13,2026-05-13,4aaee82b67dc5d9b,True
PB|busca ativa escolar|1,FRM-CP-2026-EDU-0320,busca-ativa-escolar-pb,PB, Busca Ativa Escolar,2,2026-05-13,2026-10-05,4c4c1cd974f46f42,True
PB|programa ensino medio inovador proemi|1,FRM-CP-2026-EDU-0321,programa-ensino-medio-inovador-proemi-pb,PB,Programa Ensino Médio Inovador (ProEmi),2,2026-05-13,2026-05-13,a67790af491987ce,True
AL|educacao de jovens e adultos eja|1,FRM-CP-2026-EDU-0322,educacao-de-jovens-e-adultos-eja-al,AL,Educação de Jovens e Adultos (EJA),2,2026-05-13,2026-10-05,e2d19895c45f7ec3,True
AL|exame nacional para certificacao de competencias de jovens e adultos encceja alagoas|1,FRM-CP-2026-EDU-0323,exame-nacional-para-certificacao-de-competencias-de-jovens-e-adultos-encceja-alagoas-al,AL,Exame Nacional para Certificação de Competências de Jovens e Adultos (ENCCEJA) - Alagoas,2,2026-05-13,2026-10-05,e0567a9a136fa940,True
AL|programa nacional de integracao da educacao profissional com a educacao basica na modalidade de educacao de jovens e adultos proeja|1,FRM-CP-2026-EDU-0324,programa-nacional-de-integracao-da-educacao-profissional-com-a-educacao-basica-na-modalidade-de-educacao-de-jovens-al,AL,Programa Nacional de Integração da Educação Profissional com a Educação Básica na Modalidade de Educação de Jovens e Adultos (PROEJA),2,2026-05-13,2026-05-13,5413da08dc5d1f4e,True
AL|cadastro da eja cadeja|1,FRM-CP-2026-EDU-0325,cadastro-da-eja-cadeja-al,AL,Cadastro da EJA (CADEJA),2,2026-05-13,2026-05-13,8aa7ccd19252e41c,True
AL|pacto nacional pela superacao do analfabetismo e qualificacao da eja pacto nacional da eja|1,FRM-CP-2026-EDU-0326,pacto-nacional-pela-superacao-do-analfabetismo-e-qualificacao-da-eja-pacto-nacional-da-eja-al,AL,Pacto Nacional pela Superação do Analfabetismo e Qualificação da EJA (Pacto Nacional da EJA),2,2026-05-13,2026-05-13,43ddb37b8bc13841,True
AL|programa brasil alfabetizado|1,FRM-CP-2026-EDU-0327,programa-brasil-alfabetizado-al,AL,Programa Brasil Alfabetizado,2,2026-05-13,2026-05-13,9df28b15b043ff69,True
AL|pacto nacional de recomposicao da aprendizagem da educacao basica|1,FRM-CP-2026-EDU-0328,pacto-nacional-de-recomposicao-da-aprendizagem-da-educacao-basica-al,AL,Pacto Nacional de Recomposição da Aprendizagem da Educação Básica,2,2026-05-13,2026-05-13,46534c9d846bc1d9,True
AL|programa de apoio ao novo ensino medio pronem|1,FRM-CP-2026-EDU-0329,programa-de-apoio-ao-novo-ensino-medio-pronem-al,AL,Programa de Apoio ao Novo Ensino Médio (ProNem),2,2026-05-13,2026-05-13,48411b4d168dfcd3,True
AL|programa juros por educacao|1,FRM-CP-2026-EDU-0330,programa-juros-por-educacao-al,AL,Programa Juros por Educação,2,2026-05-13,2026-05-13,3fab772973d58f31,True
AL|politica de fomento a implementacao de escolas de ensino medio em tempo integral emti|1,FRM-CP-2026-EDU-0331,politica-de-fomento-a-implementacao-de-escolas-de-ensino-medio-em-tempo-integral-emti-al,AL,Política de Fomento à Implementação de Escolas de Ensino Médio em Tempo Integral (EMTI),2,2026-05-13,2026-05-13,cad1a8959313b239,True
AL|programa ensino medio inovador proemi|1,FRM-CP-2026-EDU-0332,programa-ensino-medio-inovador-proemi-al,AL,Programa Ensino Médio Inovador (ProEmi),2,2026-05-13,2026-05-13,d66496ab3f009498,True
AL|ensino medio mais|1,FRM-CP-2026-EDU-0333,ensino-medio-mais-al,AL,Ensino Médio Mais,2,2026-05-13,2026-05-13,9aa3e205aa30a1a4,True
AL|busca ativa escolar|1,FRM-CP-2026-EDU-0334,busca-ativa-escolar-al,AL, Busca Ativa Escolar,2,2026-05-13,2026-10-05,2b2fddd711980f50,True
AL|programa escola 10|1,FRM-CP-2026-EDU-0335,programa-escola-10-al,AL,Programa Escola 10,2,2026-05-13,2026-10-05,6403f55af8ad07f1,True
AL|programa escola 10 vem que da tempo|1,FRM-CP-2026-EDU-0336,programa-escola-10-vem-que-da-tempo-al,AL,Programa Escola 10 – Vem que Dá Tempo,2,2026-05-13,2026-05-13,46ae84e8297c5328,True
AL|plano estadual de educacao em ambientes prisionais peesp 2025 2028|1,FRM-CP-2026-EDU-0337,plano-estadual-de-educacao-em-ambientes-prisionais-peesp-2025-2028-al,AL,Plano Estadual de Educação em Ambientes Prisionais (PEESP) - 2025-2028,2,2026-05-13,2026-10-05,961cbb55b742ec0e,True
AL|politica nacional de educacao profissional e tecnologica pnept|1,FRM-CP-2026-EDU-0338,politica-nacional-de-educacao-profissional-e-tecnologica-pnept-al,AL,Política Nacional de Educação Profissional e Tecnológica (PNEPT),2,2026-05-13,2026-05-13,a2f618a2afbb2cdc,True
AL|bolsa escola 10|1,FRM-CP-2026-PSOC-0166,bolsa-escola-10-al,AL,Bolsa Escola 10,2,2026-05-13,2026-05-13,77d2c73580cc0d01,True
AL|bolsa familia|1,FRM-CP-2026-PSOC-0167,bolsa-familia-al,AL,Bolsa Família,2,2026-05-13,2026-05-13,5223d5a4106ba5d9,True
AL|auxilio brasil|1,FRM-CP-2026-PSOC-0168,auxilio-brasil-al,AL,Auxílio Brasil,2,2026-05-13,2026-10-05,ae66053f60103cf7,True
AL|brasil sem miseria|1,FRM-CP-2026-PSOC-0169,brasil-sem-miseria-al,AL,Brasil Sem Miséria,2,2026-05-13,2026-05-13,ebf535c3612a5349,True
AL|programa pe de meia|1,FRM-CP-2026-PSOC-0170,programa-pe-de-meia-al,AL,Programa Pé de Meia,2,2026-05-13,2026-05-13,2d4630438ed419b4,True
AL|programa novos caminhos cnj programa nacional de apoio a desinstitucionalizacao de criancas e adolescentes acolhidos e a egressos de unidades de acolhimento|1,FRM-CP-2026-PSOC-0171,programa-novos-caminhos-cnj-programa-nacional-de-apoio-a-desinstitucionalizacao-de-criancas-e-adolescentes-acolhid-al,AL,Programa Novos Caminhos/CNJ (Programa Nacional de Apoio à Desinstitucionalização de Crianças e Adolescentes Acolhidos e a Egressos de Unidades de Acolhimento),2,2026-05-13,2026-05-13,bb6865b576d832c1,True
AL|programa nacional de inclusao de jovens projovem|1,FRM-CP-2026-PSOC-0172,programa-nacional-de-inclusao-de-jovens-projovem-al,AL,Programa Nacional de Inclusão de Jovens (ProJovem),2,2026-05-13,2026-05-13,f6c743fa7522146b,True
AL|politica nacional de migracoes refugio e apatridia pnmra|1,FRM-CP-2026-PSOC-0173,politica-nacional-de-migracoes-refugio-e-apatridia-pnmra-al,AL,"Política Nacional de Migrações, Refúgio e Apatridia (PNMRA)",2,2026-05-13,2026-05-13,91f5d32a42d0b4b1,True
AL|programa estacao juventude|1,FRM-CP-2026-PSOC-0174,programa-estacao-juventude-al,AL,Programa Estação Juventude,2,2026-05-13,2026-05-13,c51456b07d40bbdc,True
AL|centros de artes e esportes unificados ceus das artes|1,FRM-CP-2026-PSOC-0175,centros-de-artes-e-esportes-unificados-ceus-das-artes-al,AL,Centros de Artes e Esportes Unificados (CEUs das Artes),2,2026-05-13,2026-05-13,3809cfe8cfd35a45,True
AL|qualifica educacao|1,FRM-CP-2026-TRAB-0256,qualifica-educacao-al,AL,Qualifica Educação,2,2026-05-13,2026-05-13,75f7919d47b12c6e,True
AL|emprega mais alagoas|1,FRM-CP-2026-TRAB-0257,emprega-mais-alagoas-al,AL,Emprega Mais Alagoas,2,2026-05-13,2026-10-05,98ea74084daae5ff,True
AL|sistema nacional de emprego sine alagoas|1,FRM-CP-2026-TRAB-0258,sistema-nacional-de-emprego-sine-alagoas-al,AL,Sistema Nacional de Emprego (SINE) - Alagoas,2,2026-05-13,2026-10-05,35ebb48ab9250819,True
AL|programa do seguro desemprego|1,FRM-CP-2026-TRAB-0259,programa-do-seguro-desemprego-al,AL,Programa do Seguro-Desemprego,2,2026-05-13,2026-05-13,0c7b6e77824d839b,True
AL|programa nacional de estimulo ao primeiro emprego pnpe|1,FRM-CP-2026-TRAB-0260,programa-nacional-de-estimulo-ao-primeiro-emprego-pnpe-al,AL,Programa Nacional de Estímulo ao Primeiro Emprego (PNPE),2,2026-05-13,2026-05-13,8356600e389c72cf,True
AL|consorcio social da juventude|1,FRM-CP-2026-TRAB-0261,consorcio-social-da-juventude-al,AL,Consórcio Social da Juventude,2,2026-05-13,2026-05-13,1ec734cc8c1a1724,True
AL|novos caminhos mec|1,FRM-CP-2026-TRAB-0262,novos-caminhos-mec-al,AL,Novos Caminhos (MEC),2,2026-05-13,2026-05-13,9f2791971e7ffe74,True
AL|aprendizagem profissional jovem aprendiz|1,FRM-CP-2026-TRAB-0263,aprendizagem-profissional-jovem-aprendiz-al,AL,Aprendizagem Profissional (Jovem Aprendiz),2,2026-05-13,2026-05-13,637a84d7ef5c61ff,True
AL|programa nacional de acesso ao ensino tecnico e emprego pronatec|1,FRM-CP-2026-TRAB-0264,programa-nacional-de-acesso-ao-ensino-tecnico-e-emprego-pronatec-al,AL,Programa Nacional de Acesso ao Ensino Técnico e Emprego (PRONATEC),2,2026-05-13,2026-10-05,bd1ebd07d10f6d3f,True
AL|pronatec aprendiz na micro e pequena empresa|1,FRM-CP-2026-TRAB-0265,pronatec-aprendiz-na-micro-e-pequena-empresa-al,AL,PRONATEC Aprendiz na Micro e Pequena Empresa,2,2026-05-13,2026-05-13,d979c94b07fd1706,True
AL|lei da liberdade economica|1,FRM-CP-2026-TRAB-0266,lei-da-liberdade-economica-al,AL,Lei da Liberdade Econômica,2,2026-05-13,2026-05-13,b101bf31eab940de,True
AL|programa emprega mulheres e jovens|1,FRM-CP-2026-TRAB-0267,programa-emprega-mulheres-e-jovens-al,AL,Programa Emprega + Mulheres e Jovens,2,2026-05-13,2026-10-05,9cbf1e8b65949848,True
RN|educacao de jovens e adultos eja na rede estadual|1,FRM-CP-2026-EDU-0339,educacao-de-jovens-e-adultos-eja-na-rede-estadual-rn,RN,Educação de Jovens e Adultos (EJA) na rede estadual ,2,2026-05-13,2026-10-05,8a882360c2c3ad4b,True
RN|eja em arranjos nao escolares e publicos especificos no rn|1,FRM-CP-2026-EDU-0340,eja-em-arranjos-nao-escolares-e-publicos-especificos-no-rn-rn,RN,EJA em arranjos não escolares e públicos específicos no RN,2,2026-05-13,2026-05-13,399aa39d0b27f59f,True
RN|politica de superacao do analfabetismo do rn|1,FRM-CP-2026-EDU-0341,politica-de-superacao-do-analfabetismo-do-rn-rn,RN,Política de Superação do Analfabetismo do RN,2,2026-05-13,2026-05-13,3b9d8aadb0d2c764,True
RN|pro alfa rn politica territorial de alfabetizacao de criancas|1,FRM-CP-2026-EDU-0342,pro-alfa-rn-politica-territorial-de-alfabetizacao-de-criancas-rn,RN,Pró-Alfa RN (Política Territorial de Alfabetização de Crianças),2,2026-05-13,2026-05-13,f6cff335a6ea7d42,True
RN|programa brasil alfabetizado|1,FRM-CP-2026-EDU-0343,programa-brasil-alfabetizado-rn,RN,Programa Brasil Alfabetizado,2,2026-05-13,2026-05-13,61db31905a8b37b1,True
RN|ejatec|1,FRM-CP-2026-EDU-0344,ejatec-rn,RN,EJATEC,2,2026-05-13,2026-05-13,63233e2cbf9656fa,True
RN|pacto nacional pela superacao do analfabetismo e qualificacao da eja pacto nacional da eja|1,FRM-CP-2026-EDU-0345,pacto-nacional-pela-superacao-do-analfabetismo-e-qualificacao-da-eja-pacto-nacional-da-eja-rn,RN,Pacto Nacional pela Superação do Analfabetismo e Qualificação da EJA (Pacto Nacional da EJA),2,2026-05-13,2026-05-13,dd7e80fb35961ea2,True
RN|exame nacional para certificacao de competencias de jovens e adultos encceja|1,FRM-CP-2026-EDU-0346,exame-nacional-para-certificacao-de-competencias-de-jovens-e-adultos-encceja-rn,RN,Exame Nacional para Certificação de Competências de Jovens e Adultos  (ENCCEJA),2,2026-05-13,2026-05-13,fe3aaa5f236e8e7b,True
RN|proeja eja ept no ifrn|1,FRM-CP-2026-EDU-0347,proeja-eja-ept-no-ifrn-rn,RN,PROEJA / EJA-EPT no IFRN,2,2026-05-13,2026-05-13,2ad3450c2a9900d1,True
RN|cadastro da eja cadeja|1,FRM-CP-2026-EDU-0348,cadastro-da-eja-cadeja-rn,RN,Cadastro da EJA (CADEJA),2,2026-05-13,2026-05-13,c4720669fcff893b,True
RN|politica nacional de educacao profissional e tecnologica pnept|1,FRM-CP-2026-EDU-0349,politica-nacional-de-educacao-profissional-e-tecnologica-pnept-rn,RN,Política Nacional de Educação Profissional e Tecnológica (PNEPT),2,2026-05-13,2026-05-13,f61555e0ef71d911,True
RN|programa juros por educacao|1,FRM-CP-2026-EDU-0350,programa-juros-por-educacao-rn,RN,Programa Juros por Educação,2,2026-05-13,2026-05-13,6e387342744df60b,True
RN|programa de apoio ao novo ensino medio pronem|1,FRM-CP-2026-EDU-0351,programa-de-apoio-ao-novo-ensino-medio-pronem-rn,RN,Programa de Apoio ao Novo Ensino Médio (ProNem),2,2026-05-13,2026-05-13,eed43561729e4408,True
RN|ensino medio mais|1,FRM-CP-2026-EDU-0352,ensino-medio-mais-rn,RN,Ensino Médio Mais,2,2026-05-13,2026-05-13,0fad83094e200064,True
RN|busca ativa escolar|1,FRM-CP-2026-EDU-0353,busca-ativa-escolar-rn,RN, Busca Ativa Escolar,2,2026-05-13,2026-10-05,bb5feb32812627f0,True
RN|programa ensino medio inovador proemi|1,FRM-CP-2026-EDU-0354,programa-ensino-medio-inovador-proemi-rn,RN,Programa Ensino Médio Inovador (ProEmi),2,2026-05-13,2026-05-13,7f9490dc518a4279,True
RN|plano estadual de educacao em ambientes prisionais rn 2015 2024|1,FRM-CP-2026-EDU-0355,plano-estadual-de-educacao-em-ambientes-prisionais-rn-2015-2024-rn,RN,Plano Estadual de Educação em Ambientes Prisionais RN (2015-2024),2,2026-05-13,2026-05-13,16ba43fd447b767e,True
RN|politica estadual migratoria do rio grande do norte|1,FRM-CP-2026-PSOC-0176,politica-estadual-migratoria-do-rio-grande-do-norte-rn,RN,Política Estadual Migratória do Rio Grande do Norte ,2,2026-05-13,2026-05-13,bb36ca58a4b1461d,True
RN|programa novos caminhos cnj programa nacional de apoio a desinstitucionalizacao de criancas e adolescentes acolhidos e a egressos de unidades de acolhimento|1,FRM-CP-2026-PSOC-0177,programa-novos-caminhos-cnj-programa-nacional-de-apoio-a-desinstitucionalizacao-de-criancas-e-adolescentes-acolhid-rn,RN,Programa Novos Caminhos/CNJ (Programa Nacional de Apoio à Desinstitucionalização de Crianças e Adolescentes Acolhidos e a Egressos de Unidades de Acolhimento),2,2026-05-13,2026-05-13,584cd0f772aeff05,True
RN|programa nacional de inclusao de jovens projovem|1,FRM-CP-2026-PSOC-0178,programa-nacional-de-inclusao-de-jovens-projovem-rn,RN,Programa Nacional de Inclusão de Jovens (ProJovem),2,2026-05-13,2026-05-13,3248e4e3fad39690,True
RN|programa estacao juventude federal|1,FRM-CP-2026-PSOC-0179,programa-estacao-juventude-federal-rn,RN,Programa Estação Juventude (Federal),2,2026-05-13,2026-05-13,7444494f7dd51984,True
RN|centros de artes e esportes unificados ceus das artes|1,FRM-CP-2026-PSOC-0180,centros-de-artes-e-esportes-unificados-ceus-das-artes-rn,RN,Centros de Artes e Esportes Unificados (CEUs das Artes),2,2026-05-13,2026-05-13,60023fc3030b0eb6,True
RN|bolsa familia|1,FRM-CP-2026-PSOC-0181,bolsa-familia-rn,RN,Bolsa Família,2,2026-05-13,2026-05-13,8fc1f2e8077da094,True
RN|auxilio brasil|1,FRM-CP-2026-PSOC-0182,auxilio-brasil-rn,RN,Auxílio Brasil,2,2026-05-13,2026-10-05,11508c3df8d43770,True
RN|brasil sem miseria|1,FRM-CP-2026-PSOC-0183,brasil-sem-miseria-rn,RN,Brasil Sem Miséria,2,2026-05-13,2026-05-13,ef6977372b44ed3b,True
RN|programa pe de meia|1,FRM-CP-2026-PSOC-0184,programa-pe-de-meia-rn,RN,Programa Pé de Meia,2,2026-05-13,2026-05-13,5fb27538c246edc9,True
RN|politica nacional de migracoes refugio e apatridia pnmra|1,FRM-CP-2026-PSOC-0185,politica-nacional-de-migracoes-refugio-e-apatridia-pnmra-rn,RN,"Política Nacional de Migrações, Refúgio e Apatridia (PNMRA)",2,2026-05-13,2026-05-13,0c5061231c0ea40b,True
RN|sine rn|1,FRM-CP-2026-TRAB-0268,sine-rn-rn,RN,SINE RN,2,2026-05-13,2026-10-05,effbc5d5f23b5cac,True
RN|qualifica rn|1,FRM-CP-2026-TRAB-0269,qualifica-rn-rn,RN,Qualifica RN,2,2026-05-13,2026-05-13,d3c29cac20c6b27e,True
RN|programa estadual de compras governamentais da economia solidaria peces|1,FRM-CP-2026-TRAB-0270,programa-estadual-de-compras-governamentais-da-economia-solidaria-peces-rn,RN,Programa Estadual de Compras Governamentais da Economia Solidária (PECES),2,2026-05-13,2026-05-13,fe3c5ae0021c42ce,True
RN|instituto estadual de educacao profissional tecnologia e inovacao do rn iern|1,FRM-CP-2026-TRAB-0271,instituto-estadual-de-educacao-profissional-tecnologia-e-inovacao-do-rn-iern-rn,RN,"Instituto Estadual de Educação Profissional, Tecnologia e Inovação do RN  (IERN)",2,2026-05-13,2026-05-13,707cefccae049618,True
RN|programa estadual de contratacao de adolescente aprendiz em vulnerabilidade|1,FRM-CP-2026-TRAB-0272,programa-estadual-de-contratacao-de-adolescente-aprendiz-em-vulnerabilidade-rn,RN,Programa estadual de contratação de adolescente aprendiz em vulnerabilidade,2,2026-05-13,2026-05-13,8613728e2eae5da5,True
RN|programa gente do campo|1,FRM-CP-2026-TRAB-0273,programa-gente-do-campo-rn,RN,Programa Gente do Campo,2,2026-05-13,2026-05-13,1a091919d65ba1a7,True
RN|programa do seguro desemprego|1,FRM-CP-2026-TRAB-0274,programa-do-seguro-desemprego-rn,RN,Programa do Seguro-Desemprego,2,2026-05-13,2026-05-13,7c98544848938c84,True
RN|programa nacional de estimulo ao primeiro emprego pnpe|1,FRM-CP-2026-TRAB-0275,programa-nacional-de-estimulo-ao-primeiro-emprego-pnpe-rn,RN,Programa Nacional de Estímulo ao Primeiro Emprego (PNPE),2,2026-05-13,2026-05-13,83777ef95e439c3b,True
RN|consorcio social da juventude|1,FRM-CP-2026-TRAB-0276,consorcio-social-da-juventude-rn,RN,Consórcio Social da Juventude,2,2026-05-13,2026-05-13,bc007ba9d6c1bad9,True
RN|novos caminhos mec|1,FRM-CP-2026-TRAB-0277,novos-caminhos-mec-rn,RN,Novos Caminhos (MEC),2,2026-05-13,2026-05-13,c9ec3300da6eed87,True
RN|aprendizagem profissional jovem aprendiz aprendiz rn|1,FRM-CP-2026-TRAB-0278,aprendizagem-profissional-jovem-aprendiz-aprendiz-rn-rn,RN,Aprendizagem Profissional (Jovem Aprendiz) APRENDIZ RN,2,2026-05-13,2026-10-05,baecd72a30ce7105,True
RN|programa nacional de acesso ao ensino tecnico e emprego pronatec|1,FRM-CP-2026-TRAB-0279,programa-nacional-de-acesso-ao-ensino-tecnico-e-emprego-pronatec-rn,RN,Programa Nacional de Acesso ao Ensino Técnico e Emprego (PRONATEC),2,2026-05-13,2026-10-05,c916e4b3150b9ddc,True
RN|pronatec aprendiz na micro e pequena empresa|1,FRM-CP-2026-TRAB-0280,pronatec-aprendiz-na-micro-e-pequena-empresa-rn,RN,PRONATEC Aprendiz na Micro e Pequena Empresa,2,2026-05-13,2026-05-13,6e79ae7bba59213f,True
RN|lei da liberdade economica|1,FRM-CP-2026-TRAB-0281,lei-da-liberdade-economica-rn,RN,Lei da Liberdade Econômica,2,2026-05-13,2026-05-13,04746b8a0c331e9e,True
RN|programa emprega mulheres e jovens|1,FRM-CP-2026-TRAB-0282,programa-emprega-mulheres-e-jovens-rn,RN,Programa Emprega + Mulheres e Jovens,2,2026-05-13,2026-10-05,c92af1fa8e7ce96e,True
MS|educacao de jovens e adultos eja|1,FRM-CP-2026-EDU-0356,educacao-de-jovens-e-adultos-eja-ms,MS,Educação de Jovens e Adultos (EJA) ,3,2026-10-04,2026-10-05,8f14298d9580abac,True
MS|programa brasil alfabetizado|1,FRM-CP-2026-EDU-0357,programa-brasil-alfabetizado-ms,MS,Programa Brasil Alfabetizado ,3,2026-10-04,2026-10-04,00779043c3e706b7,True
MS|educacao nas prisoes eja para pessoas privadas de liberdade|1,FRM-CP-2026-EDU-0358,educacao-nas-prisoes-eja-para-pessoas-privadas-de-liberdade-ms,MS,Educação nas Prisões / EJA para pessoas privadas de liberdade,3,2026-10-04,2026-10-04,52de8f7400afde0c,True
MS|plano estadual de educacao de mato grosso do sul pee|1,FRM-CP-2026-EDU-0359,plano-estadual-de-educacao-de-mato-grosso-do-sul-pee-ms,MS,Plano Estadual de Educação de Mato Grosso do Sul (PEE),3,2026-10-04,2026-10-04,493832cae2e6ab8c,True
MS|eja presencial conectando saberes|1,FRM-CP-2026-EDU-0360,eja-presencial-conectando-saberes-ms,MS,EJA presencial / Conectando Saberes,3,2026-10-04,2026-10-04,605e2bf79a276ab3,True
MS|eja ead acesso ao saber|1,FRM-CP-2026-EDU-0361,eja-ead-acesso-ao-saber-ms,MS,EJA EaD – Acesso ao Saber,3,2026-10-04,2026-10-04,1b8b2bf51c789b79,True
MS|projeto aja avanco do jovem na aprendizagem|1,FRM-CP-2026-EDU-0362,projeto-aja-avanco-do-jovem-na-aprendizagem-ms,MS,Projeto AJA – Avanço do Jovem na Aprendizagem,3,2026-10-04,2026-10-04,2d8f70b6d397f134,True
MS|funtrab casas do trabalhador|1,FRM-CP-2026-TRAB-0283,funtrab-casas-do-trabalhador-ms,MS,Funtrab / Casas do Trabalhador,3,2026-10-04,2026-10-04,543843a0655955af,True
MS|ms qualifica|1,FRM-CP-2026-TRAB-0284,ms-qualifica-ms,MS,MS Qualifica,3,2026-10-04,2026-10-04,ecdf93c12995ca47,True
MS|ms qualifica digital|1,FRM-CP-2026-TRAB-0285,ms-qualifica-digital-ms,MS,MS Qualifica Digital,3,2026-10-04,2026-10-04,23201186dc03b74a,True
MS|feiroes e acoes de empregabilidade|1,FRM-CP-2026-TRAB-0286,feiroes-e-acoes-de-empregabilidade-ms,MS,Feirões e ações de empregabilidade,3,2026-10-04,2026-10-04,d672e0a0062b7910,True
MS|pacto nacional pela superacao do analfabetismo e qualificacao da eja pacto nacional da eja|1,FRM-CP-2026-EDU-0363,pacto-nacional-pela-superacao-do-analfabetismo-e-qualificacao-da-eja-pacto-nacional-da-eja-ms,MS,Pacto Nacional pela Superação do Analfabetismo e Qualificação da EJA (Pacto Nacional da EJA),3,2026-10-04,2026-10-04,f945bc2e95ca52b5,True
MS|programa de apoio ao novo ensino medio pronem|1,FRM-CP-2026-EDU-0364,programa-de-apoio-ao-novo-ensino-medio-pronem-ms,MS,Programa de Apoio ao Novo Ensino Médio (ProNem),3,2026-10-04,2026-10-04,fbc6f9835fd9144a,True
MS|exame nacional para certificacao de competencias de jovens e adultos encceja|1,FRM-CP-2026-EDU-0365,exame-nacional-para-certificacao-de-competencias-de-jovens-e-adultos-encceja-ms,MS,Exame Nacional para Certificação de Competências de Jovens e Adultos  (ENCCEJA),3,2026-10-04,2026-10-04,d9b9d011dcafdd0c,True
MS|programa nacional de integracao da educacao profissional com a educacao basica na modalidade de educacao de jovens e adultos proeja|1,FRM-CP-2026-EDU-0366,programa-nacional-de-integracao-da-educacao-profissional-com-a-educacao-basica-na-modalidade-de-educacao-de-jovens-ms,MS,Programa Nacional de Integração da Educação Profissional com a Educação Básica na Modalidade de Educação de Jovens e Adultos (PROEJA),3,2026-10-04,2026-10-04,398296d57aa3757a,True
MS|cadastro da eja cadeja|1,FRM-CP-2026-EDU-0367,cadastro-da-eja-cadeja-ms,MS,Cadastro da EJA (CADEJA),3,2026-10-04,2026-10-04,5faf667111e35793,True
MS|politica nacional de educacao profissional e tecnologica pnept|1,FRM-CP-2026-EDU-0368,politica-nacional-de-educacao-profissional-e-tecnologica-pnept-ms,MS,Política Nacional de Educação Profissional e Tecnológica (PNEPT),3,2026-10-04,2026-10-04,75bce2283e4019a0,True
MS|programa juros por educacao|1,FRM-CP-2026-EDU-0369,programa-juros-por-educacao-ms,MS,Programa Juros por Educação,3,2026-10-04,2026-10-04,967e671bdcfdd84b,True
MS|programa novos caminhos cnj programa nacional de apoio a desinstitucionalizacao de criancas e adolescentes acolhidos e a egressos de unidades de acolhimento|1,FRM-CP-2026-PSOC-0186,programa-novos-caminhos-cnj-programa-nacional-de-apoio-a-desinstitucionalizacao-de-criancas-e-adolescentes-acolhid-ms,MS,Programa Novos Caminhos/CNJ (Programa Nacional de Apoio à Desinstitucionalização de Crianças e Adolescentes Acolhidos e a Egressos de Unidades de Acolhimento),3,2026-10-04,2026-10-04,ab90a666da253757,True
MS|programa nacional de inclusao de jovens projovem|1,FRM-CP-2026-PSOC-0187,programa-nacional-de-inclusao-de-jovens-projovem-ms,MS,Programa Nacional de Inclusão de Jovens (ProJovem),3,2026-10-04,2026-10-04,7344a2886f8ccb74,True
MS|programa estacao juventude federal|1,FRM-CP-2026-PSOC-0188,programa-estacao-juventude-federal-ms,MS,Programa Estação Juventude (Federal),3,2026-10-04,2026-10-04,136c53e5b627c2b2,True
MS|centros de artes e esportes unificados ceus das artes|1,FRM-CP-2026-PSOC-0189,centros-de-artes-e-esportes-unificados-ceus-das-artes-ms,MS,Centros de Artes e Esportes Unificados (CEUs das Artes),3,2026-10-04,2026-10-04,53e00839a1dc0607,True
MS|bolsa familia|1,FRM-CP-2026-PSOC-0190,bolsa-familia-ms,MS,Bolsa Família,3,2026-10-04,2026-10-04,f5dfafd0e18980c3,True
MS|auxilio brasil|1,FRM-CP-2026-PSOC-0191,auxilio-brasil-ms,MS,Auxílio Brasil,3,2026-10-04,2026-10-05,b58098f42f88b5c0,True
MS|brasil sem miseria|1,FRM-CP-2026-PSOC-0192,brasil-sem-miseria-ms,MS,Brasil Sem Miséria,3,2026-10-04,2026-10-04,7ce59b6571b599b8,True
MS|programa pe de meia|1,FRM-CP-2026-PSOC-0193,programa-pe-de-meia-ms,MS,Programa Pé de Meia,3,2026-10-04,2026-10-04,6e36157020ee87ff,True
MS|politica nacional de migracoes refugio e apatridia pnmra|1,FRM-CP-2026-PSOC-0194,politica-nacional-de-migracoes-refugio-e-apatridia-pnmra-ms,MS,"Política Nacional de Migrações, Refúgio e Apatridia (PNMRA)",3,2026-10-04,2026-10-04,20b0050c38f4e97f,True
MS|sistema nacional de emprego sine|1,FRM-CP-2026-TRAB-0287,sistema-nacional-de-emprego-sine-ms,MS,Sistema Nacional de Emprego (SINE),3,2026-10-04,2026-10-04,2405dc044c35146a,True
MS|programa do seguro desemprego|1,FRM-CP-2026-TRAB-0288,programa-do-seguro-desemprego-ms,MS,Programa do Seguro-Desemprego,3,2026-10-04,2026-10-04,578b0dacaa658c16,True
MS|programa nacional de estimulo ao primeiro emprego pnpe|1,FRM-CP-2026-TRAB-0289,programa-nacional-de-estimulo-ao-primeiro-emprego-pnpe-ms,MS,Programa Nacional de Estímulo ao Primeiro Emprego (PNPE),3,2026-10-04,2026-10-04,6d700742ea1ce8ff,True
MS|consorcio social da juventude|1,FRM-CP-2026-TRAB-0290,consorcio-social-da-juventude-ms,MS,Consórcio Social da Juventude,3,2026-10-04,2026-10-04,6d36723ab171b6d4,True
MS|novos caminhos mec|1,FRM-CP-2026-TRAB-0291,novos-caminhos-mec-ms,MS,Novos Caminhos (MEC),3,2026-10-04,2026-10-04,9fc5d633cf4e6d31,True
MS|aprendizagem profissional jovem aprendiz|1,FRM-CP-2026-TRAB-0292,aprendizagem-profissional-jovem-aprendiz-ms,MS,Aprendizagem Profissional (Jovem Aprendiz),3,2026-10-04,2026-10-04,2df3d3a9b8eb68b4,True
MS|programa nacional de acesso ao ensino tecnico e emprego pronatec|1,FRM-CP-2026-TRAB-0293,programa-nacional-de-acesso-ao-ensino-tecnico-e-emprego-pronatec-ms,MS,Programa Nacional de Acesso ao Ensino Técnico e Emprego (PRONATEC),3,2026-10-04,2026-10-05,a5260d9e027d6cfc,True
MS|pronatec aprendiz na micro e pequena empresa|1,FRM-CP-2026-TRAB-0294,pronatec-aprendiz-na-micro-e-pequena-empresa-ms,MS,PRONATEC Aprendiz na Micro e Pequena Empresa,3,2026-10-04,2026-10-04,63c153b0edac6759,True
MS|lei da liberdade economica|1,FRM-CP-2026-TRAB-0295,lei-da-liberdade-economica-ms,MS,Lei da Liberdade Econômica,3,2026-10-04,2026-10-04,d9723e574019e503,True
MS|programa emprega mulheres e jovens|1,FRM-CP-2026-TRAB-0296,programa-emprega-mulheres-e-jovens-ms,MS,Programa Emprega + Mulheres e Jovens,3,2026-10-04,2026-10-05,1a9a1a2afdc5b347,True
MS|ensino medio mais|1,FRM-CP-2026-EDU-0370,ensino-medio-mais-ms,MS,Ensino Médio Mais,3,2026-10-04,2026-10-04,dfb393e4729be531,True
MS|programa ensino medio inovador proemi|1,FRM-CP-2026-EDU-0371,programa-ensino-medio-inovador-proemi-ms,MS,Programa Ensino Médio Inovador (ProEmi),3,2026-10-04,2026-10-04,be56bc6def99d656,True
RR|educacao de jovens e adultos eja|1,FRM-CP-2026-EDU-0372,educacao-de-jovens-e-adultos-eja-rr,RR,Educação de Jovens e Adultos (EJA),3,2026-10-04,2026-10-05,2c6577744f1c95e9,True
RR|educacao de jovens e adultos profissionalizante|1,FRM-CP-2026-EDU-0373,educacao-de-jovens-e-adultos-profissionalizante-rr,RR,Educação de Jovens e Adultos Profissionalizante,3,2026-10-04,2026-10-04,b2f0bb88b0d4abf3,True
RR|programa alfabetiza roraima|1,FRM-CP-2026-EDU-0374,programa-alfabetiza-roraima-rr,RR,Programa Alfabetiza Roraima,3,2026-10-04,2026-10-04,f2ed001af93b570d,True
RR|programa brasil alfabetizado|1,FRM-CP-2026-EDU-0375,programa-brasil-alfabetizado-rr,RR,Programa Brasil Alfabetizado,3,2026-10-04,2026-10-04,855205369e832c08,True
RR|pacto nacional pela superacao do analfabetismo e qualificacao da eja pacto nacional da eja|1,FRM-CP-2026-EDU-0376,pacto-nacional-pela-superacao-do-analfabetismo-e-qualificacao-da-eja-pacto-nacional-da-eja-rr,RR,Pacto Nacional pela Superação do Analfabetismo e Qualificação da EJA (Pacto Nacional da EJA),3,2026-10-04,2026-10-04,d96040d55e3adf66,True
RR|programa nacional de integracao da educacao profissional com a educacao basica na modalidade de educacao de jovens e adultos proeja|1,FRM-CP-2026-EDU-0377,programa-nacional-de-integracao-da-educacao-profissional-com-a-educacao-basica-na-modalidade-de-educacao-de-jovens-rr,RR,Programa Nacional de Integração da Educação Profissional com a Educação Básica na Modalidade de Educação de Jovens e Adultos (PROEJA),3,2026-10-04,2026-10-04,19e608ff5db21410,True
RR|exame nacional para certificacao de competencias de jovens e adultos encceja|1,FRM-CP-2026-EDU-0378,exame-nacional-para-certificacao-de-competencias-de-jovens-e-adultos-encceja-rr,RR,Exame Nacional para Certificação de Competências de Jovens e Adultos  (ENCCEJA),3,2026-10-04,2026-10-04,50dbba577fc27153,True
RR|cadastro do eja cadeja|1,FRM-CP-2026-EDU-0379,cadastro-do-eja-cadeja-rr,RR,Cadastro do EJA (CadEJA),3,2026-10-04,2026-10-04,1d32e49a151b08a5,True
RR|expansao da rede estadual e educacao escolar indigena|1,FRM-CP-2026-EDU-0380,expansao-da-rede-estadual-e-educacao-escolar-indigena-rr,RR,Expansão da rede estadual e educação escolar indígena,3,2026-10-04,2026-10-04,76803a2c8cdbd83e,True
RR|formacao continuada de profissionais da educacao|1,FRM-CP-2026-EDU-0381,formacao-continuada-de-profissionais-da-educacao-rr,RR,Formação continuada de profissionais da educação,3,2026-10-04,2026-10-05,fa0e7d9dfb313c8c,True
RR|programa de apoio ao novo ensino medio pronem|1,FRM-CP-2026-EDU-0382,programa-de-apoio-ao-novo-ensino-medio-pronem-rr,RR,Programa de Apoio ao Novo Ensino Médio (ProNem),3,2026-10-04,2026-10-04,d8de1cdd5c941e2c,True
RR|politica nacional de educacao profissional e tecnologica pnept|1,FRM-CP-2026-EDU-0383,politica-nacional-de-educacao-profissional-e-tecnologica-pnept-rr,RR,Política Nacional de Educação Profissional e Tecnológica (PNEPT),3,2026-10-04,2026-10-04,bd805558ed555fab,True
RR|programa juros por educacao|1,FRM-CP-2026-EDU-0384,programa-juros-por-educacao-rr,RR,Programa Juros por Educação,3,2026-10-04,2026-10-04,9ab1b14bb9010eba,True
RR|qualifica mais e rede federal ifrr|1,FRM-CP-2026-EDU-0385,qualifica-mais-e-rede-federal-ifrr-rr,RR,Qualifica Mais e Rede Federal / IFRR,3,2026-10-04,2026-10-04,a5cea9e4dea32803,True
RR|ensino medio mais|1,FRM-CP-2026-EDU-0386,ensino-medio-mais-rr,RR,Ensino Médio Mais,3,2026-10-04,2026-10-04,b1a25875f050cde7,True
RR|plano estadual de educacao pee|1,FRM-CP-2026-EDU-0387,plano-estadual-de-educacao-pee-rr,RR,Plano Estadual de Educação (PEE) ,3,2026-10-04,2026-10-04,a851b5af3a2e0643,True
RR|plano estadual de educacao em ambientes prisionais peesp 2025 2028|1,FRM-CP-2026-EDU-0388,plano-estadual-de-educacao-em-ambientes-prisionais-peesp-2025-2028-rr,RR,Plano Estadual de Educação em Ambientes Prisionais (PEESP) - 2025-2028,3,2026-10-04,2026-10-05,ba2d48b9e533664a,True
RR|programa novos caminhos cnj programa nacional de apoio a desinstitucionalizacao de criancas e adolescentes acolhidos e a egressos de unidades de acolhimento|1,FRM-CP-2026-PSOC-0195,programa-novos-caminhos-cnj-programa-nacional-de-apoio-a-desinstitucionalizacao-de-criancas-e-adolescentes-acolhid-rr,RR,Programa Novos Caminhos/CNJ (Programa Nacional de Apoio à Desinstitucionalização de Crianças e Adolescentes Acolhidos e a Egressos de Unidades de Acolhimento),3,2026-10-04,2026-10-04,955cb6350e9c8094,True
RR|sistema nacional de emprego sine|1,FRM-CP-2026-TRAB-0297,sistema-nacional-de-emprego-sine-rr,RR,Sistema Nacional de Emprego (SINE),3,2026-10-04,2026-10-04,9df721d3b2d53b85,True
RR|mais qualifica|1,FRM-CP-2026-TRAB-0298,mais-qualifica-rr,RR,Mais Qualifica,3,2026-10-04,2026-10-04,1a4853fdc103b5ec,True
RR|aprendizagem profissional jovem aprendiz|1,FRM-CP-2026-TRAB-0299,aprendizagem-profissional-jovem-aprendiz-rr,RR,Aprendizagem Profissional (Jovem Aprendiz),3,2026-10-04,2026-10-04,ca939aa45010d361,True
RR|emprega jovem|1,FRM-CP-2026-TRAB-0300,emprega-jovem-rr,RR, Emprega Jovem,3,2026-10-04,2026-10-04,34844a777e291040,True
RR|programa nacional de estimulo ao primeiro emprego pnpe|1,FRM-CP-2026-TRAB-0301,programa-nacional-de-estimulo-ao-primeiro-emprego-pnpe-rr,RR,Programa Nacional de Estímulo ao Primeiro Emprego (PNPE),3,2026-10-04,2026-10-04,1ab6dd8594aaf518,True
RR|programa emprega mulheres e jovens|1,FRM-CP-2026-TRAB-0302,programa-emprega-mulheres-e-jovens-rr,RR,Programa Emprega + Mulheres e Jovens,3,2026-10-04,2026-10-05,9b75a29ccee5b808,True
RR|programa nacional de acesso ao ensino tecnico e emprego pronatec|1,FRM-CP-2026-TRAB-0303,programa-nacional-de-acesso-ao-ensino-tecnico-e-emprego-pronatec-rr,RR,Programa Nacional de Acesso ao Ensino Técnico e Emprego (PRONATEC),3,2026-10-04,2026-10-05,29a97ecbd5566d41,True
RR|novos caminhos mec|1,FRM-CP-2026-TRAB-0304,novos-caminhos-mec-rr,RR,Novos Caminhos (MEC),3,2026-10-04,2026-10-04,1e0dd5aa511fcff9,True
RR|bolsa familia|1,FRM-CP-2026-PSOC-0196,bolsa-familia-rr,RR,Bolsa Família,3,2026-10-04,2026-10-04,c9120c3ba6efbaf3,True
RR|brasil sem miseria|1,FRM-CP-2026-PSOC-0197,brasil-sem-miseria-rr,RR,Brasil Sem Miséria,3,2026-10-04,2026-10-04,ca1c982ea7a4eadb,True
RR|auxilio brasil|1,FRM-CP-2026-PSOC-0198,auxilio-brasil-rr,RR,Auxílio Brasil,3,2026-10-04,2026-10-05,83bac4e8ddc89f97,True
RR|programa nacional de inclusao de jovens projovem|1,FRM-CP-2026-PSOC-0199,programa-nacional-de-inclusao-de-jovens-projovem-rr,RR,Programa Nacional de Inclusão de Jovens (ProJovem),3,2026-10-04,2026-10-04,a9d3fd067b922a3e,True
RR|programa pe de meia|1,FRM-CP-2026-PSOC-0200,programa-pe-de-meia-rr,RR,Programa Pé de Meia,3,2026-10-04,2026-10-04,1997acd47ce91f6c,True
RR|programa estacao juventude federal|1,FRM-CP-2026-PSOC-0201,programa-estacao-juventude-federal-rr,RR,Programa Estação Juventude (Federal),3,2026-10-04,2026-10-04,81a8cb1d35505c4e,True
RR|centros de artes e esportes unificados ceus das artes|1,FRM-CP-2026-PSOC-0202,centros-de-artes-e-esportes-unificados-ceus-das-artes-rr,RR,Centros de Artes e Esportes Unificados (CEUs das Artes),3,2026-10-04,2026-10-04,b46fc074dd34c242,True
RR|consorcio social da juventude|1,FRM-CP-2026-PSOC-0203,consorcio-social-da-juventude-rr,RR,Consórcio Social da Juventude,3,2026-10-04,2026-10-04,7772fd8efc5e3724,True
RR|politica nacional de migracoes refugio e apatridia pnmra|1,FRM-CP-2026-PSOC-0204,politica-nacional-de-migracoes-refugio-e-apatridia-pnmra-rr,RR,"Política Nacional de Migrações, Refúgio e Apatridia (PNMRA)",3,2026-10-04,2026-10-04,7aec477a6f4b2984,True
DF|eja presencial no distrito federal|1,FRM-CP-2026-EDU-0389,eja-presencial-no-distrito-federal-df,DF,EJA presencial no Distrito Federal,3,2026-10-04,2026-10-05,d6883fa869556717,True
DF|eja a distancia no distrito federal|1,FRM-CP-2026-EDU-0390,eja-a-distancia-no-distrito-federal-df,DF,EJA a distância no Distrito Federal,3,2026-10-04,2026-10-04,7a3b9d4f12ba50a5,True
DF|eja integrada a educacao profissional e tecnologica no df|1,FRM-CP-2026-EDU-0391,eja-integrada-a-educacao-profissional-e-tecnologica-no-df-df,DF,EJA integrada à Educação Profissional e Tecnológica no DF,3,2026-10-04,2026-10-04,9296922643d68e27,True
DF|programa df alfabetizado|1,FRM-CP-2026-EDU-0392,programa-df-alfabetizado-df,DF,Programa DF Alfabetizado,3,2026-10-04,2026-10-04,b318a333c7123f18,True
DF|programa atitude|1,FRM-CP-2026-EDU-0393,programa-atitude-df,DF,Programa Atitude,3,2026-10-04,2026-10-04,4e6d1cb58b7336cd,True
DF|programa nacional de integracao da educacao profissional com a educacao basica na modalidade de educacao de jovens e adultos proeja|1,FRM-CP-2026-EDU-0394,programa-nacional-de-integracao-da-educacao-profissional-com-a-educacao-basica-na-modalidade-de-educacao-de-jovens-df,DF,Programa Nacional de Integração da Educação Profissional com a Educação Básica na Modalidade de Educação de Jovens e Adultos (PROEJA),3,2026-10-04,2026-10-04,b393acbd213715f8,True
DF|programa nacional de acesso ao ensino tecnico e emprego pronatec|1,FRM-CP-2026-TRAB-0305,programa-nacional-de-acesso-ao-ensino-tecnico-e-emprego-pronatec-df,DF,Programa Nacional de Acesso ao Ensino Técnico e Emprego (PRONATEC),3,2026-10-04,2026-10-05,e64fbe39870542a2,True
DF|aprendizagem profissional jovem aprendiz|1,FRM-CP-2026-TRAB-0306,aprendizagem-profissional-jovem-aprendiz-df,DF,Aprendizagem Profissional (Jovem Aprendiz),3,2026-10-04,2026-10-04,3b5130ac63541efe,True
DF|projovem urbano e campo|1,FRM-CP-2026-PSOC-0205,projovem-urbano-e-campo-df,DF,ProJovem Urbano e Campo,3,2026-10-04,2026-10-04,4baa2520588a5775,True
DF|plano distrital de educacao para pessoas privadas de liberdade do sistema prisional 2025 2028|1,FRM-CP-2026-EDU-0395,plano-distrital-de-educacao-para-pessoas-privadas-de-liberdade-do-sistema-prisional-2025-2028-df,DF, Plano Distrital de Educação para Pessoas Privadas de Liberdade do Sistema Prisional (2025-2028),3,2026-10-04,2026-10-04,651051a434a81ad9,True
DF|plano df sem miseria|1,FRM-CP-2026-PSOC-0206,plano-df-sem-miseria-df,DF,Plano DF Sem Miséria,3,2026-10-04,2026-10-04,9b3427b209ed793a,True
DF|politica distrital de qualificacao social e profissional pdq|1,FRM-CP-2026-TRAB-0307,politica-distrital-de-qualificacao-social-e-profissional-pdq-df,DF,Política Distrital de Qualificação Social e Profissional (PDQ),3,2026-10-04,2026-10-04,bae0a62185a45a58,True
DF|renovadf|1,FRM-CP-2026-TRAB-0308,renovadf-df,DF,RenovaDF,3,2026-10-04,2026-10-04,43fd3b993f2f8eb2,True
DF|fabrica social|1,FRM-CP-2026-TRAB-0309,fabrica-social-df,DF,Fábrica Social,3,2026-10-04,2026-10-04,717844aed52d6edf,True
DF|agencias do trabalhador do distrito federal|1,FRM-CP-2026-TRAB-0310,agencias-do-trabalhador-do-distrito-federal-df,DF,Agências do Trabalhador do Distrito Federal,3,2026-10-04,2026-10-04,e496c1c39e221d43,True
DF|qualificadf|1,FRM-CP-2026-TRAB-0311,qualificadf-df,DF,QualificaDF,3,2026-10-04,2026-10-04,5a6cf563de89469c,True
DF|programa brasil alfabetizado|1,FRM-CP-2026-EDU-0396,programa-brasil-alfabetizado-df,DF,Programa Brasil Alfabetizado,3,2026-10-04,2026-10-04,585ca0a3cdb4c825,True
DF|pacto nacional pela superacao do analfabetismo e qualificacao da eja pacto nacional da eja|1,FRM-CP-2026-EDU-0397,pacto-nacional-pela-superacao-do-analfabetismo-e-qualificacao-da-eja-pacto-nacional-da-eja-df,DF,Pacto Nacional pela Superação do Analfabetismo e Qualificação da EJA (Pacto Nacional da EJA),3,2026-10-04,2026-10-04,4d9f8004c14997e8,True
DF|programa de apoio ao novo ensino medio pronem|1,FRM-CP-2026-EDU-0398,programa-de-apoio-ao-novo-ensino-medio-pronem-df,DF,Programa de Apoio ao Novo Ensino Médio (ProNem),3,2026-10-04,2026-10-04,f3f01f4a30b0ac1e,True
DF|cadastro da eja cadeja|1,FRM-CP-2026-EDU-0399,cadastro-da-eja-cadeja-df,DF,Cadastro da EJA (CADEJA),3,2026-10-04,2026-10-04,79da9f728223b945,True
DF|bolsa familia|1,FRM-CP-2026-PSOC-0207,bolsa-familia-df,DF,Bolsa Família,3,2026-10-04,2026-10-04,6a530b92f173c82e,True
DF|auxilio brasil|1,FRM-CP-2026-PSOC-0208,auxilio-brasil-df,DF,Auxílio Brasil,3,2026-10-04,2026-10-05,9dbaef770ea87adb,True
DF|programa pe de meia|1,FRM-CP-2026-PSOC-0209,programa-pe-de-meia-df,DF,Programa Pé de Meia,3,2026-10-04,2026-10-04,a736ccb6fef67005,True
DF|politica nacional de migracoes refugio e apatridia pnmra|1,FRM-CP-2026-PSOC-0210,politica-nacional-de-migracoes-refugio-e-apatridia-pnmra-df,DF,"Política Nacional de Migrações, Refúgio e Apatridia (PNMRA)",3,2026-10-04,2026-10-04,82aeb06cd94f63b5,True
DF|sistema nacional de emprego sine|1,FRM-CP-2026-TRAB-0312,sistema-nacional-de-emprego-sine-df,DF,Sistema Nacional de Emprego (SINE),3,2026-10-04,2026-10-04,dbc3a1bf8576ecba,True
DF|programa do seguro desemprego|1,FRM-CP-2026-TRAB-0313,programa-do-seguro-desemprego-df,DF,Programa do Seguro-Desemprego,3,2026-10-04,2026-10-04,09744c691179ee11,True
DF|programa nacional de estimulo ao primeiro emprego pnpe|1,FRM-CP-2026-TRAB-0314,programa-nacional-de-estimulo-ao-primeiro-emprego-pnpe-df,DF,Programa Nacional de Estímulo ao Primeiro Emprego (PNPE),3,2026-10-04,2026-10-04,cee6a32c3105ff97,True
DF|consorcio social da juventude|1,FRM-CP-2026-TRAB-0315,consorcio-social-da-juventude-df,DF,Consórcio Social da Juventude,3,2026-10-04,2026-10-04,7a4c031d652ecbb3,True
DF|novos caminhos mec|1,FRM-CP-2026-TRAB-0316,novos-caminhos-mec-df,DF,Novos Caminhos (MEC),3,2026-10-04,2026-10-04,4896fc79fe526237,True
DF|aprendizagem profissional jovem aprendiz|2,FRM-CP-2026-TRAB-0317,aprendizagem-profissional-jovem-aprendiz-df-2,DF,Aprendizagem Profissional (Jovem Aprendiz),3,2026-10-04,2026-10-04,527d91ca44e6bf8f,True
DF|pronatec aprendiz na micro e pequena empresa|1,FRM-CP-2026-TRAB-0318,pronatec-aprendiz-na-micro-e-pequena-empresa-df,DF,PRONATEC Aprendiz na Micro e Pequena Empresa,3,2026-10-04,2026-10-04,46702c03531e2705,True
DF|lei da liberdade economica|1,FRM-CP-2026-TRAB-0319,lei-da-liberdade-economica-df,DF,Lei da Liberdade Econômica,3,2026-10-04,2026-10-04,4ab1984c1dbb73b5,True
DF|programa emprega mulheres e jovens|1,FRM-CP-2026-TRAB-0320,programa-emprega-mulheres-e-jovens-df,DF,Programa Emprega + Mulheres e Jovens,3,2026-10-04,2026-10-05,3880cc61d5e2a61b,True
DF|ensino medio mais|1,FRM-CP-2026-EDU-0400,ensino-medio-mais-df,DF,Ensino Médio Mais,3,2026-10-04,2026-10-04,98e8272bf0f4b4f9,True
DF|programa ensino medio inovador proemi|1,FRM-CP-2026-EDU-0401,programa-ensino-medio-inovador-proemi-df,DF,Programa Ensino Médio Inovador (ProEmi),3,2026-10-04,2026-10-04,b9399f7a6448e7c4,True
RO|educacao de jovens e adultos eja|1,FRM-CP-2026-EDU-0402,educacao-de-jovens-e-adultos-eja-ro,RO,Educação de Jovens e Adultos (EJA),3,2026-10-04,2026-10-05,5fffd8e7e28c2cb8,True
RO|pacto nacional pela superacao do analfabetismo e qualificacao da eja pacto nacional da eja|1,FRM-CP-2026-EDU-0403,pacto-nacional-pela-superacao-do-analfabetismo-e-qualificacao-da-eja-pacto-nacional-da-eja-ro,RO,Pacto Nacional pela Superação do Analfabetismo e Qualificação da EJA (Pacto Nacional da EJA),3,2026-10-04,2026-10-04,3d79c0d9264e806d,True
RO|programa nacional de integracao da educacao profissional com a educacao basica na modalidade de educacao de jovens e adultos proeja|1,FRM-CP-2026-EDU-0404,programa-nacional-de-integracao-da-educacao-profissional-com-a-educacao-basica-na-modalidade-de-educacao-de-jovens-ro,RO,Programa Nacional de Integração da Educação Profissional com a Educação Básica na Modalidade de Educação de Jovens e Adultos (PROEJA),3,2026-10-04,2026-10-04,e2523cd606385244,True
RO|exame nacional para certificacao de competencias de jovens e adultos encceja|1,FRM-CP-2026-EDU-0405,exame-nacional-para-certificacao-de-competencias-de-jovens-e-adultos-encceja-ro,RO,Exame Nacional para Certificação de Competências de Jovens e Adultos  (ENCCEJA),3,2026-10-04,2026-10-04,844ebdfc29adc784,True
RO|exame nacional para certificacao de competencias de jovens e adultos encceja via ifro|1,FRM-CP-2026-EDU-0406,exame-nacional-para-certificacao-de-competencias-de-jovens-e-adultos-encceja-via-ifro-ro,RO,Exame Nacional para Certificação de Competências de Jovens e Adultos  (ENCCEJA) via IFRO,3,2026-10-04,2026-10-04,238a4edf76e92176,True
RO|centros estaduais de educacao de jovens e adultos ceejas|1,FRM-CP-2026-EDU-0407,centros-estaduais-de-educacao-de-jovens-e-adultos-ceejas-ro,RO,Centros Estaduais de Educação de Jovens e Adultos (CEEJAs),3,2026-10-04,2026-10-04,274ed476179765d4,True
RO|cadastro do eja cadeja|1,FRM-CP-2026-EDU-0408,cadastro-do-eja-cadeja-ro,RO,Cadastro do EJA (CadEJA),3,2026-10-04,2026-10-04,2742c622e8366427,True
RO|programa brasil alfabetizado|1,FRM-CP-2026-EDU-0409,programa-brasil-alfabetizado-ro,RO,Programa Brasil Alfabetizado,3,2026-10-04,2026-10-04,345643bd85a24040,True
RO|programa juros por educacao|1,FRM-CP-2026-EDU-0410,programa-juros-por-educacao-ro,RO,Programa Juros por Educação,3,2026-10-04,2026-10-04,2895ec1950bbd930,True
RO|politica nacional de educacao profissional e tecnologica pnept|1,FRM-CP-2026-EDU-0411,politica-nacional-de-educacao-profissional-e-tecnologica-pnept-ro,RO,Política Nacional de Educação Profissional e Tecnológica (PNEPT),3,2026-10-04,2026-10-04,b4d3b9535962e3df,True
RO|busca ativa escolar|1,FRM-CP-2026-EDU-0412,busca-ativa-escolar-ro,RO, Busca Ativa Escolar,3,2026-10-04,2026-10-05,ad2ad3d00679ffea,True
RO|programa estadual de correcao de fluxo escolar integrar para concluir com avanco|1,FRM-CP-2026-EDU-0413,programa-estadual-de-correcao-de-fluxo-escolar-integrar-para-concluir-com-avanco-ro,RO,"Programa Estadual de Correção de Fluxo Escolar – ""Integrar para Concluir com Avanço""",3,2026-10-04,2026-10-04,1447ee2d4c88e012,True
RO|programa avanca rondonia proar|1,FRM-CP-2026-EDU-0414,programa-avanca-rondonia-proar-ro,RO,Programa Avança Rondônia (Proar),3,2026-10-04,2026-10-04,732236002db0abbf,True
RO|plano estadual de educacao pee|1,FRM-CP-2026-EDU-0415,plano-estadual-de-educacao-pee-ro,RO,Plano Estadual de Educação (PEE) ,3,2026-10-04,2026-10-04,6d435d7afc85400b,True
RO|plano estadual de educacao em ambientes prisionais peesp 2025 2028|1,FRM-CP-2026-EDU-0416,plano-estadual-de-educacao-em-ambientes-prisionais-peesp-2025-2028-ro,RO,Plano Estadual de Educação em Ambientes Prisionais (PEESP) - 2025-2028,3,2026-10-04,2026-10-05,904c36ce4289a7a3,True
RO|programa de apoio ao novo ensino medio pronem|1,FRM-CP-2026-EDU-0417,programa-de-apoio-ao-novo-ensino-medio-pronem-ro,RO,Programa de Apoio ao Novo Ensino Médio (ProNem),3,2026-10-04,2026-10-04,36959ac91f516f57,True
RO|programa ensino medio inovador proemi|1,FRM-CP-2026-EDU-0418,programa-ensino-medio-inovador-proemi-ro,RO,Programa Ensino Médio Inovador (ProEmi),3,2026-10-04,2026-10-04,1f48b5bbe5c8c17b,True
RO|politica de fomento a implementacao de escolas de ensino medio em tempo integral emti|1,FRM-CP-2026-EDU-0419,politica-de-fomento-a-implementacao-de-escolas-de-ensino-medio-em-tempo-integral-emti-ro,RO,Política de Fomento à Implementação de Escolas de Ensino Médio em Tempo Integral (EMTI),3,2026-10-04,2026-10-04,41f5a6b968d400c9,True
RO|ensino medio com mediacao tecnologica|1,FRM-CP-2026-EDU-0420,ensino-medio-com-mediacao-tecnologica-ro,RO,Ensino Médio com Mediação Tecnológica,3,2026-10-04,2026-10-04,de400e1d513a6177,True
RO|escola do novo tempo|1,FRM-CP-2026-EDU-0421,escola-do-novo-tempo-ro,RO,Escola do Novo Tempo,3,2026-10-04,2026-10-04,b6f9425ad4f2762b,True
RO|programa nacional de acesso ao ensino tecnico e emprego pronatec|1,FRM-CP-2026-TRAB-0321,programa-nacional-de-acesso-ao-ensino-tecnico-e-emprego-pronatec-ro,RO,Programa Nacional de Acesso ao Ensino Técnico e Emprego (PRONATEC),3,2026-10-04,2026-10-05,78307078a38edbee,True
RO|aprendizagem profissional jovem aprendiz|1,FRM-CP-2026-TRAB-0322,aprendizagem-profissional-jovem-aprendiz-ro,RO,Aprendizagem Profissional (Jovem Aprendiz),3,2026-10-04,2026-10-04,466ca57bbea47e0c,True
RO|sistema nacional de emprego sine|1,FRM-CP-2026-TRAB-0323,sistema-nacional-de-emprego-sine-ro,RO,Sistema Nacional de Emprego (SINE),3,2026-10-04,2026-10-04,d02ea22ce53facde,True
RO|programa do seguro desemprego|1,FRM-CP-2026-TRAB-0324,programa-do-seguro-desemprego-ro,RO,Programa do Seguro-Desemprego,3,2026-10-04,2026-10-04,9fca9b37ebb17a27,True
RO|programa nacional de estimulo ao primeiro emprego pnpe|1,FRM-CP-2026-TRAB-0325,programa-nacional-de-estimulo-ao-primeiro-emprego-pnpe-ro,RO,Programa Nacional de Estímulo ao Primeiro Emprego (PNPE),3,2026-10-04,2026-10-04,a7eaa155b9049fa8,True
RO|programa emprega mulheres e jovens|1,FRM-CP-2026-TRAB-0326,programa-emprega-mulheres-e-jovens-ro,RO,Programa Emprega + Mulheres e Jovens,3,2026-10-04,2026-10-05,78781e14a4440ac4,True
RO|novos caminhos mec|1,FRM-CP-2026-TRAB-0327,novos-caminhos-mec-ro,RO,Novos Caminhos (MEC),3,2026-10-04,2026-10-04,b8bc37838c8799fd,True
RO|geracao emprego geracao emprego ead|1,FRM-CP-2026-TRAB-0328,geracao-emprego-geracao-emprego-ead-ro,RO,Geração Emprego / Geração Emprego EAD,3,2026-10-04,2026-10-04,264ccaa8d21d2436,True
RO|programa vencer|1,FRM-CP-2026-TRAB-0329,programa-vencer-ro,RO,Programa Vencer,3,2026-10-04,2026-10-04,464a09d0ee5a0e09,True
RO|bolsa familia|1,FRM-CP-2026-PSOC-0211,bolsa-familia-ro,RO,Bolsa Família,3,2026-10-04,2026-10-04,b39638f73e47f2b3,True
RO|brasil sem miseria|1,FRM-CP-2026-PSOC-0212,brasil-sem-miseria-ro,RO,Brasil Sem Miséria,3,2026-10-04,2026-10-04,bd37b7d89e7a8bfe,True
RO|auxilio brasil|1,FRM-CP-2026-PSOC-0213,auxilio-brasil-ro,RO,Auxílio Brasil,3,2026-10-04,2026-10-05,e313b7dc79e81d4a,True
RO|consorcio social da juventude|1,FRM-CP-2026-PSOC-0214,consorcio-social-da-juventude-ro,RO,Consórcio Social da Juventude,3,2026-10-04,2026-10-04,36026d66eceb1bbf,True
RO|programa estacao juventude federal|1,FRM-CP-2026-PSOC-0215,programa-estacao-juventude-federal-ro,RO,Programa Estação Juventude (Federal),3,2026-10-04,2026-10-04,0487968cfe4ebfc5,True
RO|centros de artes e esportes unificados ceus das artes|1,FRM-CP-2026-PSOC-0216,centros-de-artes-e-esportes-unificados-ceus-das-artes-ro,RO,Centros de Artes e Esportes Unificados (CEUs das Artes),3,2026-10-04,2026-10-04,cb36c0974c1ebb23,True
RO|programa pe de meia|1,FRM-CP-2026-PSOC-0217,programa-pe-de-meia-ro,RO,Programa Pé de Meia,3,2026-10-04,2026-10-04,0cf7e67e61a9dfd3,True
RO|programa nacional de inclusao de jovens projovem|1,FRM-CP-2026-PSOC-0218,programa-nacional-de-inclusao-de-jovens-projovem-ro,RO,Programa Nacional de Inclusão de Jovens (ProJovem),3,2026-10-04,2026-10-04,b140fb68409bfb41,True
RO|programa novos caminhos cnj programa nacional de apoio a desinstitucionalizacao de criancas e adolescentes acolhidos e a egressos de unidades de acolhimento|1,FRM-CP-2026-PSOC-0219,programa-novos-caminhos-cnj-programa-nacional-de-apoio-a-desinstitucionalizacao-de-criancas-e-adolescentes-acolhid-ro,RO,Programa Novos Caminhos/CNJ (Programa Nacional de Apoio à Desinstitucionalização de Crianças e Adolescentes Acolhidos e a Egressos de Unidades de Acolhimento),3,2026-10-04,2026-10-04,876693729cc556c8,True
RO|politica nacional de migracoes refugio e apatridia pnmra|1,FRM-CP-2026-PSOC-0220,politica-nacional-de-migracoes-refugio-e-apatridia-pnmra-ro,RO,"Política Nacional de Migrações, Refúgio e Apatridia (PNMRA)",3,2026-10-04,2026-10-04,a8ddec366cec07be,True
PI|educacao de jovens e adultos eja do piaui|1,FRM-CP-2026-EDU-0422,educacao-de-jovens-e-adultos-eja-do-piaui-pi,PI,Educação de Jovens e Adultos (EJA) do Piauí,3,2026-10-04,2026-10-05,69d0b0de257bf68f,True
PI|plano estadual de educacao e reinsercao para pessoas privadas de liberdade 2025 2028|1,FRM-CP-2026-EDU-0423,plano-estadual-de-educacao-e-reinsercao-para-pessoas-privadas-de-liberdade-2025-2028-pi,PI,Plano Estadual de Educação e Reinserção para Pessoas Privadas de Liberdade (2025-2028),3,2026-10-04,2026-10-04,96ef22ffcccfa736,True
PI|busca ativa escolar|1,FRM-CP-2026-EDU-0424,busca-ativa-escolar-pi,PI,Busca Ativa Escolar,3,2026-10-04,2026-10-05,adf9b68c6d7e0aa7,True
PI|programa pe de meia|1,FRM-CP-2026-PSOC-0221,programa-pe-de-meia-pi,PI,Programa Pé de Meia,3,2026-10-04,2026-10-04,4511003346e9c971,True
PI|ensino medio mais|1,FRM-CP-2026-EDU-0425,ensino-medio-mais-pi,PI,Ensino Médio Mais,3,2026-10-04,2026-10-04,3d9b19d342d86030,True
PI|alfabetiza piaui bolsa alfabetiza|1,FRM-CP-2026-EDU-0426,alfabetiza-piaui-bolsa-alfabetiza-pi,PI,Alfabetiza Piauí / Bolsa Alfabetiza,3,2026-10-04,2026-10-04,8f4ed74384ca7022,True
PI|qualifica piaui|1,FRM-CP-2026-TRAB-0330,qualifica-piaui-pi,PI,Qualifica Piauí,3,2026-10-04,2026-10-04,af4e7c621cc55eca,True
PI|sistema nacional de emprego sine|1,FRM-CP-2026-TRAB-0331,sistema-nacional-de-emprego-sine-pi,PI,Sistema Nacional de Emprego (SINE),3,2026-10-04,2026-10-04,5edc6540690ea656,True
PI|piaui oportunidades|1,FRM-CP-2026-TRAB-0332,piaui-oportunidades-pi,PI,Piauí Oportunidades,3,2026-10-04,2026-10-04,a0a93aea7f65848d,True
PI|programa brasil alfabetizado|1,FRM-CP-2026-EDU-0427,programa-brasil-alfabetizado-pi,PI,Programa Brasil Alfabetizado,3,2026-10-04,2026-10-04,d345b7fb151492f1,True
PI|pacto nacional pela superacao do analfabetismo e qualificacao da eja pacto nacional da eja|1,FRM-CP-2026-EDU-0428,pacto-nacional-pela-superacao-do-analfabetismo-e-qualificacao-da-eja-pacto-nacional-da-eja-pi,PI,Pacto Nacional pela Superação do Analfabetismo e Qualificação da EJA (Pacto Nacional da EJA),3,2026-10-04,2026-10-04,1a77e2ebd6d55970,True
PI|programa de apoio ao novo ensino medio pronem|1,FRM-CP-2026-EDU-0429,programa-de-apoio-ao-novo-ensino-medio-pronem-pi,PI,Programa de Apoio ao Novo Ensino Médio (ProNem),3,2026-10-04,2026-10-04,4811f3932a916691,True
PI|exame nacional para certificacao de competencias de jovens e adultos encceja|1,FRM-CP-2026-EDU-0430,exame-nacional-para-certificacao-de-competencias-de-jovens-e-adultos-encceja-pi,PI,Exame Nacional para Certificação de Competências de Jovens e Adultos  (ENCCEJA),3,2026-10-04,2026-10-04,bb2cee80a953bdeb,True
PI|programa nacional de integracao da educacao profissional com a educacao basica na modalidade de educacao de jovens e adultos proeja|1,FRM-CP-2026-EDU-0431,programa-nacional-de-integracao-da-educacao-profissional-com-a-educacao-basica-na-modalidade-de-educacao-de-jovens-pi,PI,Programa Nacional de Integração da Educação Profissional com a Educação Básica na Modalidade de Educação de Jovens e Adultos (PROEJA),3,2026-10-04,2026-10-04,6d3d8b25bf7df299,True
PI|cadastro da eja cadeja|1,FRM-CP-2026-EDU-0432,cadastro-da-eja-cadeja-pi,PI,Cadastro da EJA (CADEJA),3,2026-10-04,2026-10-04,7389cd3ab817cf36,True
PI|politica nacional de educacao profissional e tecnologica pnept|1,FRM-CP-2026-EDU-0433,politica-nacional-de-educacao-profissional-e-tecnologica-pnept-pi,PI,Política Nacional de Educação Profissional e Tecnológica (PNEPT),3,2026-10-04,2026-10-04,ccdd61853f493571,True
PI|programa juros por educacao|1,FRM-CP-2026-EDU-0434,programa-juros-por-educacao-pi,PI,Programa Juros por Educação,3,2026-10-04,2026-10-04,11edc09582801095,True
PI|programa novos caminhos cnj programa nacional de apoio a desinstitucionalizacao de criancas e adolescentes acolhidos e a egressos de unidades de acolhimento|1,FRM-CP-2026-PSOC-0222,programa-novos-caminhos-cnj-programa-nacional-de-apoio-a-desinstitucionalizacao-de-criancas-e-adolescentes-acolhid-pi,PI,Programa Novos Caminhos/CNJ (Programa Nacional de Apoio à Desinstitucionalização de Crianças e Adolescentes Acolhidos e a Egressos de Unidades de Acolhimento),3,2026-10-04,2026-10-04,2e1c6ad41f905681,True
PI|programa nacional de inclusao de jovens projovem|1,FRM-CP-2026-PSOC-0223,programa-nacional-de-inclusao-de-jovens-projovem-pi,PI,Programa Nacional de Inclusão de Jovens (ProJovem),3,2026-10-04,2026-10-04,f3d555eaa4761f0b,True
PI|programa estacao juventude federal|1,FRM-CP-2026-PSOC-0224,programa-estacao-juventude-federal-pi,PI,Programa Estação Juventude (Federal),3,2026-10-04,2026-10-04,07ac8bd9eea92d4b,True
PI|centros de artes e esportes unificados ceus das artes|1,FRM-CP-2026-PSOC-0225,centros-de-artes-e-esportes-unificados-ceus-das-artes-pi,PI,Centros de Artes e Esportes Unificados (CEUs das Artes),3,2026-10-04,2026-10-04,eb2bec01b3039cd4,True
PI|bolsa familia|1,FRM-CP-2026-PSOC-0226,bolsa-familia-pi,PI,Bolsa Família,3,2026-10-04,2026-10-04,dc4f8e6da6c9e97a,True
PI|auxilio brasil|1,FRM-CP-2026-PSOC-0227,auxilio-brasil-pi,PI,Auxílio Brasil,3,2026-10-04,2026-10-05,b2b6e7bf4774cdde,True
PI|brasil sem miseria|1,FRM-CP-2026-PSOC-0228,brasil-sem-miseria-pi,PI,Brasil Sem Miséria,3,2026-10-04,2026-10-04,ff41952fa35169c5,True
PI|programa pe de meia|2,FRM-CP-2026-PSOC-0229,programa-pe-de-meia-pi-2,PI,Programa Pé de Meia,3,2026-10-04,2026-10-04,54ab035dfc3c24da,True
PI|politica nacional de migracoes refugio e apatridia pnmra|1,FRM-CP-2026-PSOC-0230,politica-nacional-de-migracoes-refugio-e-apatridia-pnmra-pi,PI,"Política Nacional de Migrações, Refúgio e Apatridia (PNMRA)",3,2026-10-04,2026-10-04,194b3095a5cb7db2,True
PI|programa do seguro desemprego|1,FRM-CP-2026-TRAB-0333,programa-do-seguro-desemprego-pi,PI,Programa do Seguro-Desemprego,3,2026-10-04,2026-10-04,d887308eacb28912,True
PI|programa nacional de estimulo ao primeiro emprego pnpe|1,FRM-CP-2026-TRAB-0334,programa-nacional-de-estimulo-ao-primeiro-emprego-pnpe-pi,PI,Programa Nacional de Estímulo ao Primeiro Emprego (PNPE),3,2026-10-04,2026-10-04,f08aad746e39503a,True
PI|consorcio social da juventude|1,FRM-CP-2026-TRAB-0335,consorcio-social-da-juventude-pi,PI,Consórcio Social da Juventude,3,2026-10-04,2026-10-04,9feac07e233abda2,True
PI|novos caminhos mec|1,FRM-CP-2026-TRAB-0336,novos-caminhos-mec-pi,PI,Novos Caminhos (MEC),3,2026-10-04,2026-10-04,93a3e9ed861e726e,True
PI|aprendizagem profissional jovem aprendiz|1,FRM-CP-2026-TRAB-0337,aprendizagem-profissional-jovem-aprendiz-pi,PI,Aprendizagem Profissional (Jovem Aprendiz),3,2026-10-04,2026-10-04,8a680da638365a00,True
PI|programa nacional de acesso ao ensino tecnico e emprego pronatec|1,FRM-CP-2026-TRAB-0338,programa-nacional-de-acesso-ao-ensino-tecnico-e-emprego-pronatec-pi,PI,Programa Nacional de Acesso ao Ensino Técnico e Emprego (PRONATEC),3,2026-10-04,2026-10-05,241c983bca58bfee,True
PI|pronatec aprendiz na micro e pequena empresa|1,FRM-CP-2026-TRAB-0339,pronatec-aprendiz-na-micro-e-pequena-empresa-pi,PI,PRONATEC Aprendiz na Micro e Pequena Empresa,3,2026-10-04,2026-10-04,b4c9fb7094906fdc,True
PI|lei da liberdade economica|1,FRM-CP-2026-TRAB-0340,lei-da-liberdade-economica-pi,PI,Lei da Liberdade Econômica,3,2026-10-04,2026-10-04,36bd4fae9b0558e1,True
PI|programa emprega mulheres e jovens|1,FRM-CP-2026-TRAB-0341,programa-emprega-mulheres-e-jovens-pi,PI,Programa Emprega + Mulheres e Jovens,3,2026-10-04,2026-10-05,2a95d1411da7c0a0,True
PI|ensino medio mais|2,FRM-CP-2026-EDU-0435,ensino-medio-mais-pi-2,PI,Ensino Médio Mais,3,2026-10-04,2026-10-04,5267efccfd7c17f6,True
PI|programa ensino medio inovador proemi|1,FRM-CP-2026-EDU-0436,programa-ensino-medio-inovador-proemi-pi,PI,Programa Ensino Médio Inovador (ProEmi),3,2026-10-04,2026-10-04,fa34597aa8112332,True
PI|politica de fomento a implementacao de escolas de ensino medio em tempo integral emti|1,FRM-CP-2026-EDU-0437,politica-de-fomento-a-implementacao-de-escolas-de-ensino-medio-em-tempo-integral-emti-pi,PI,Política de Fomento à Implementação de Escolas de Ensino Médio em Tempo Integral (EMTI),3,2026-10-04,2026-10-04,16c8f235913541f3,True
AC|educacao de jovens e adultos eja|1,FRM-CP-2026-EDU-0438,educacao-de-jovens-e-adultos-eja-ac,AC,Educação de Jovens e Adultos (EJA),3,2026-10-04,2026-10-05,93ee4e0e888b8ba3,True
AC|aprender e o caminho|1,FRM-CP-2026-EDU-0439,aprender-e-o-caminho-ac,AC,Aprender é o Caminho,3,2026-10-04,2026-10-04,97c45af47456a519,True
AC|ensino medio noturno mais|1,FRM-CP-2026-EDU-0440,ensino-medio-noturno-mais-ac,AC,Ensino Médio Noturno Mais,3,2026-10-04,2026-10-04,31ef561bf3a22cd1,True
AC|alfabetiza acre eja|1,FRM-CP-2026-EDU-0441,alfabetiza-acre-eja-ac,AC,Alfabetiza Acre/EJA,3,2026-10-04,2026-10-04,a09fa76bffbd9a3c,True
AC|plano estadual de educacao para pessoas privadas de liberdade do sistema prisional do acre 2025 2028|1,FRM-CP-2026-EDU-0442,plano-estadual-de-educacao-para-pessoas-privadas-de-liberdade-do-sistema-prisional-do-acre-2025-2028-ac,AC,Plano Estadual de Educação para Pessoas Privadas de Liberdade do Sistema Prisional do Acre (2025/2028),3,2026-10-04,2026-10-04,1cc3eebc7592d00a,True
AC|programa brasil alfabetizado|1,FRM-CP-2026-EDU-0443,programa-brasil-alfabetizado-ac,AC,Programa Brasil Alfabetizado,3,2026-10-04,2026-10-04,d84070865b86efd1,True
AC|pacto nacional pela superacao do analfabetismo e qualificacao da eja pacto nacional da eja|1,FRM-CP-2026-EDU-0444,pacto-nacional-pela-superacao-do-analfabetismo-e-qualificacao-da-eja-pacto-nacional-da-eja-ac,AC,Pacto Nacional pela Superação do Analfabetismo e Qualificação da EJA (Pacto Nacional da EJA),3,2026-10-04,2026-10-04,7b1fa488d13cb640,True
AC|instituto estadual de educacao profissional e tecnologica ieptec dom moacyr|1,FRM-CP-2026-TRAB-0342,instituto-estadual-de-educacao-profissional-e-tecnologica-ieptec-dom-moacyr-ac,AC,Instituto Estadual de Educação Profissional e Tecnológica Ieptec/Dom Moacyr,3,2026-10-04,2026-10-04,b6997dc1f131b564,True
AC|eja ieptec|1,FRM-CP-2026-EDU-0445,eja-ieptec-ac,AC,EJA/IEPTEC,3,2026-10-04,2026-10-04,42619c4a84667c4d,True
AC|conecta trabalho|1,FRM-CP-2026-TRAB-0343,conecta-trabalho-ac,AC,Conecta Trabalho,3,2026-10-04,2026-10-04,207d256977cd9d1a,True
AC|programa de apoio ao novo ensino medio pronem|1,FRM-CP-2026-EDU-0446,programa-de-apoio-ao-novo-ensino-medio-pronem-ac,AC,Programa de Apoio ao Novo Ensino Médio (ProNem),3,2026-10-04,2026-10-04,10955900be694349,True
AC|exame nacional para certificacao de competencias de jovens e adultos encceja|1,FRM-CP-2026-EDU-0447,exame-nacional-para-certificacao-de-competencias-de-jovens-e-adultos-encceja-ac,AC,Exame Nacional para Certificação de Competências de Jovens e Adultos  (ENCCEJA),3,2026-10-04,2026-10-04,fceac8f3df135b27,True
AC|programa nacional de integracao da educacao profissional com a educacao basica na modalidade de educacao de jovens e adultos proeja|1,FRM-CP-2026-EDU-0448,programa-nacional-de-integracao-da-educacao-profissional-com-a-educacao-basica-na-modalidade-de-educacao-de-jovens-ac,AC,Programa Nacional de Integração da Educação Profissional com a Educação Básica na Modalidade de Educação de Jovens e Adultos (PROEJA),3,2026-10-04,2026-10-04,7a046af1da0f6e20,True
AC|cadastro da eja cadeja|1,FRM-CP-2026-EDU-0449,cadastro-da-eja-cadeja-ac,AC,Cadastro da EJA (CADEJA),3,2026-10-04,2026-10-04,0f11aed9b732da68,True
AC|politica nacional de educacao profissional e tecnologica pnept|1,FRM-CP-2026-EDU-0450,politica-nacional-de-educacao-profissional-e-tecnologica-pnept-ac,AC,Política Nacional de Educação Profissional e Tecnológica (PNEPT),3,2026-10-04,2026-10-04,fdb7947fda7e4ab9,True
AC|programa juros por educacao|1,FRM-CP-2026-EDU-0451,programa-juros-por-educacao-ac,AC,Programa Juros por Educação,3,2026-10-04,2026-10-04,f23ea6d33309ffe3,True
AC|programa novos caminhos cnj programa nacional de apoio a desinstitucionalizacao de criancas e adolescentes acolhidos e a egressos de unidades de acolhimento|1,FRM-CP-2026-PSOC-0231,programa-novos-caminhos-cnj-programa-nacional-de-apoio-a-desinstitucionalizacao-de-criancas-e-adolescentes-acolhid-ac,AC,Programa Novos Caminhos/CNJ (Programa Nacional de Apoio à Desinstitucionalização de Crianças e Adolescentes Acolhidos e a Egressos de Unidades de Acolhimento),3,2026-10-04,2026-10-04,c737de59e8e0f84a,True
AC|programa nacional de inclusao de jovens projovem|1,FRM-CP-2026-PSOC-0232,programa-nacional-de-inclusao-de-jovens-projovem-ac,AC,Programa Nacional de Inclusão de Jovens (ProJovem),3,2026-10-04,2026-10-04,791c40305cce314e,True
AC|programa estacao juventude federal|1,FRM-CP-2026-PSOC-0233,programa-estacao-juventude-federal-ac,AC,Programa Estação Juventude (Federal),3,2026-10-04,2026-10-04,bbc59e7772ae3e22,True
AC|centros de artes e esportes unificados ceus das artes|1,FRM-CP-2026-PSOC-0234,centros-de-artes-e-esportes-unificados-ceus-das-artes-ac,AC,Centros de Artes e Esportes Unificados (CEUs das Artes),3,2026-10-04,2026-10-04,b100bd96c38c1148,True
AC|bolsa familia|1,FRM-CP-2026-PSOC-0235,bolsa-familia-ac,AC,Bolsa Família,3,2026-10-04,2026-10-04,5c6322b1080fba9a,True
AC|auxilio brasil|1,FRM-CP-2026-PSOC-0236,auxilio-brasil-ac,AC,Auxílio Brasil,3,2026-10-04,2026-10-05,4ebf639bb4e2a99a,True
AC|brasil sem miseria|1,FRM-CP-2026-PSOC-0237,brasil-sem-miseria-ac,AC,Brasil Sem Miséria,3,2026-10-04,2026-10-04,7b9417d73dfa67c2,True
AC|programa pe de meia|1,FRM-CP-2026-PSOC-0238,programa-pe-de-meia-ac,AC,Programa Pé de Meia,3,2026-10-04,2026-10-04,18b1fd7c64e6876e,True
AC|politica nacional de migracoes refugio e apatridia pnmra|1,FRM-CP-2026-PSOC-0239,politica-nacional-de-migracoes-refugio-e-apatridia-pnmra-ac,AC,"Política Nacional de Migrações, Refúgio e Apatridia (PNMRA)",3,2026-10-04,2026-10-04,01074bc4e011a6e6,True
AC|sistema nacional de emprego sine|1,FRM-CP-2026-TRAB-0344,sistema-nacional-de-emprego-sine-ac,AC,Sistema Nacional de Emprego (SINE),3,2026-10-04,2026-10-04,b44edddab3ec423a,True
AC|programa do seguro desemprego|1,FRM-CP-2026-TRAB-0345,programa-do-seguro-desemprego-ac,AC,Programa do Seguro-Desemprego,3,2026-10-04,2026-10-04,db4b6fcfa326cc35,True
AC|programa nacional de estimulo ao primeiro emprego pnpe|1,FRM-CP-2026-TRAB-0346,programa-nacional-de-estimulo-ao-primeiro-emprego-pnpe-ac,AC,Programa Nacional de Estímulo ao Primeiro Emprego (PNPE),3,2026-10-04,2026-10-04,244eee0ce04dc8ab,True
AC|consorcio social da juventude|1,FRM-CP-2026-TRAB-0347,consorcio-social-da-juventude-ac,AC,Consórcio Social da Juventude,3,2026-10-04,2026-10-04,7a3007bbc8b917c5,True
AC|novos caminhos mec|1,FRM-CP-2026-TRAB-0348,novos-caminhos-mec-ac,AC,Novos Caminhos (MEC),3,2026-10-04,2026-10-04,6c57875ce4856c80,True
AC|aprendizagem profissional jovem aprendiz|1,FRM-CP-2026-TRAB-0349,aprendizagem-profissional-jovem-aprendiz-ac,AC,Aprendizagem Profissional (Jovem Aprendiz),3,2026-10-04,2026-10-04,d7c221e853f11e2f,True
AC|programa nacional de acesso ao ensino tecnico e emprego pronatec|1,FRM-CP-2026-TRAB-0350,programa-nacional-de-acesso-ao-ensino-tecnico-e-emprego-pronatec-ac,AC,Programa Nacional de Acesso ao Ensino Técnico e Emprego (PRONATEC),3,2026-10-04,2026-10-05,dcd7c18b7bcd81c5,True
AC|pronatec aprendiz na micro e pequena empresa|1,FRM-CP-2026-TRAB-0351,pronatec-aprendiz-na-micro-e-pequena-empresa-ac,AC,PRONATEC Aprendiz na Micro e Pequena Empresa,3,2026-10-04,2026-10-04,c0bbf5643fdc2370,True
AC|lei da liberdade economica|1,FRM-CP-2026-TRAB-0352,lei-da-liberdade-economica-ac,AC,Lei da Liberdade Econômica,3,2026-10-04,2026-10-04,76b2c81eb0e92892,True
AC|programa emprega mulheres e jovens|1,FRM-CP-2026-TRAB-0353,programa-emprega-mulheres-e-jovens-ac,AC,Programa Emprega + Mulheres e Jovens,3,2026-10-04,2026-10-05,03bee3e8a2d2b933,True
AC|ensino medio mais|1,FRM-CP-2026-EDU-0452,ensino-medio-mais-ac,AC,Ensino Médio Mais,3,2026-10-04,2026-10-04,2c04b56b6675892c,True
AC|busca ativa escolar|1,FRM-CP-2026-EDU-0453,busca-ativa-escolar-ac,AC,Busca Ativa Escolar,3,2026-10-04,2026-10-05,05d63399bb8a0761,True
AC|programa ensino medio inovador proemi|1,FRM-CP-2026-EDU-0454,programa-ensino-medio-inovador-proemi-ac,AC,Programa Ensino Médio Inovador (ProEmi),3,2026-10-04,2026-10-04,61a11db8c287ffa2,True
SE|eja na rede estadual de sergipe|1,FRM-CP-2026-EDU-0455,eja-na-rede-estadual-de-sergipe-se,SE,EJA na rede estadual de Sergipe,3,2026-10-04,2026-10-04,f07df5b9c3550432,True
SE|alfabetizar pra valer|1,FRM-CP-2026-EDU-0456,alfabetizar-pra-valer-se,SE,Alfabetizar pra Valer,3,2026-10-04,2026-10-04,0b8095165b0a3784,True
SE|programa estadual de correcao de fluxo escolar sergipe na idade certa prosic|1,FRM-CP-2026-EDU-0457,programa-estadual-de-correcao-de-fluxo-escolar-sergipe-na-idade-certa-prosic-se,SE,Programa Estadual de Correção de Fluxo Escolar Sergipe na Idade Certa (ProSIC),3,2026-10-04,2026-10-04,be3720613e341e54,True
SE|programa acolher|1,FRM-CP-2026-PSOC-0240,programa-acolher-se,SE,Programa Acolher,3,2026-10-04,2026-10-04,7fa7fdd51f7163fb,True
SE|politica estadual de educacao profissional e tecnologica|1,FRM-CP-2026-EDU-0458,politica-estadual-de-educacao-profissional-e-tecnologica-se,SE,Política Estadual de Educação Profissional e Tecnológica,3,2026-10-04,2026-10-04,a4f2b51ec893ebeb,True
SE|ensino medio mais|1,FRM-CP-2026-EDU-0459,ensino-medio-mais-se,SE, Ensino Médio Mais,3,2026-10-04,2026-10-04,99a1dc53e742fa90,True
SE|alfabetiza sergipe|1,FRM-CP-2026-EDU-0460,alfabetiza-sergipe-se,SE,Alfabetiza Sergipe,3,2026-10-04,2026-10-04,c26030869ddeddc2,True
SE|qualifica sergipe|1,FRM-CP-2026-TRAB-0354,qualifica-sergipe-se,SE,Qualifica Sergipe,3,2026-10-04,2026-10-04,489503b9749e2a88,True
SE|nucleo de apoio ao trabalho nat sine|1,FRM-CP-2026-TRAB-0355,nucleo-de-apoio-ao-trabalho-nat-sine-se,SE,Núcleo de Apoio ao Trabalho (NAT)/ SINE,3,2026-10-04,2026-10-05,fb1362d7021f6e02,True
SE|plataforma go sergipe|1,FRM-CP-2026-TRAB-0356,plataforma-go-sergipe-se,SE, Plataforma GO Sergipe,3,2026-10-04,2026-10-04,e1d9c1744382ba9a,True
SE|programa primeiro emprego e aprendizagem profissional|1,FRM-CP-2026-TRAB-0357,programa-primeiro-emprego-e-aprendizagem-profissional-se,SE,Programa Primeiro Emprego e Aprendizagem Profissional,3,2026-10-04,2026-10-04,45c9ea7765c752cd,True
SE|conecta trabalho|1,FRM-CP-2026-TRAB-0358,conecta-trabalho-se,SE,Conecta Trabalho,3,2026-10-04,2026-10-04,5c81a2484973b7d0,True
SE|programa brasil alfabetizado|1,FRM-CP-2026-EDU-0461,programa-brasil-alfabetizado-se,SE,Programa Brasil Alfabetizado,3,2026-10-04,2026-10-04,241bb5ea006478f6,True
SE|pacto nacional pela superacao do analfabetismo e qualificacao da eja pacto nacional da eja|1,FRM-CP-2026-EDU-0462,pacto-nacional-pela-superacao-do-analfabetismo-e-qualificacao-da-eja-pacto-nacional-da-eja-se,SE,Pacto Nacional pela Superação do Analfabetismo e Qualificação da EJA (Pacto Nacional da EJA),3,2026-10-04,2026-10-04,4eb9247b9a5f5186,True
SE|programa de apoio ao novo ensino medio pronem|1,FRM-CP-2026-EDU-0463,programa-de-apoio-ao-novo-ensino-medio-pronem-se,SE,Programa de Apoio ao Novo Ensino Médio (ProNem),3,2026-10-04,2026-10-04,5b0570ab91aedadc,True
SE|exame nacional para certificacao de competencias de jovens e adultos encceja|1,FRM-CP-2026-EDU-0464,exame-nacional-para-certificacao-de-competencias-de-jovens-e-adultos-encceja-se,SE,Exame Nacional para Certificação de Competências de Jovens e Adultos  (ENCCEJA),3,2026-10-04,2026-10-04,4762263e97f6f740,True
SE|programa nacional de integracao da educacao profissional com a educacao basica na modalidade de educacao de jovens e adultos proeja|1,FRM-CP-2026-EDU-0465,programa-nacional-de-integracao-da-educacao-profissional-com-a-educacao-basica-na-modalidade-de-educacao-de-jovens-se,SE,Programa Nacional de Integração da Educação Profissional com a Educação Básica na Modalidade de Educação de Jovens e Adultos (PROEJA),3,2026-10-04,2026-10-04,02b922b20acbebd7,True
SE|cadastro da eja cadeja|1,FRM-CP-2026-EDU-0466,cadastro-da-eja-cadeja-se,SE,Cadastro da EJA (CADEJA),3,2026-10-04,2026-10-04,ea3505de5a26903d,True
SE|politica nacional de educacao profissional e tecnologica pnept|1,FRM-CP-2026-EDU-0467,politica-nacional-de-educacao-profissional-e-tecnologica-pnept-se,SE,Política Nacional de Educação Profissional e Tecnológica (PNEPT),3,2026-10-04,2026-10-04,babdd1fe80a1c8cb,True
SE|programa juros por educacao|1,FRM-CP-2026-EDU-0468,programa-juros-por-educacao-se,SE,Programa Juros por Educação,3,2026-10-04,2026-10-04,b13bd5134228b377,True
SE|programa novos caminhos cnj programa nacional de apoio a desinstitucionalizacao de criancas e adolescentes acolhidos e a egressos de unidades de acolhimento|1,FRM-CP-2026-PSOC-0241,programa-novos-caminhos-cnj-programa-nacional-de-apoio-a-desinstitucionalizacao-de-criancas-e-adolescentes-acolhid-se,SE,Programa Novos Caminhos/CNJ (Programa Nacional de Apoio à Desinstitucionalização de Crianças e Adolescentes Acolhidos e a Egressos de Unidades de Acolhimento),3,2026-10-04,2026-10-04,3e4065199ec6a00f,True
SE|programa nacional de inclusao de jovens projovem|1,FRM-CP-2026-PSOC-0242,programa-nacional-de-inclusao-de-jovens-projovem-se,SE,Programa Nacional de Inclusão de Jovens (ProJovem),3,2026-10-04,2026-10-04,b3dd1b1ff2909e4b,True
SE|programa estacao juventude federal|1,FRM-CP-2026-PSOC-0243,programa-estacao-juventude-federal-se,SE,Programa Estação Juventude (Federal),3,2026-10-04,2026-10-04,d994d074033f409a,True
SE|centros de artes e esportes unificados ceus das artes|1,FRM-CP-2026-PSOC-0244,centros-de-artes-e-esportes-unificados-ceus-das-artes-se,SE,Centros de Artes e Esportes Unificados (CEUs das Artes),3,2026-10-04,2026-10-04,4916ad48c1c4740d,True
SE|bolsa familia|1,FRM-CP-2026-PSOC-0245,bolsa-familia-se,SE,Bolsa Família,3,2026-10-04,2026-10-04,85eb56b53f0b742b,True
SE|auxilio brasil|1,FRM-CP-2026-PSOC-0246,auxilio-brasil-se,SE,Auxílio Brasil,3,2026-10-04,2026-10-05,646d6dfc4b61e12c,True
SE|brasil sem miseria|1,FRM-CP-2026-PSOC-0247,brasil-sem-miseria-se,SE,Brasil Sem Miséria,3,2026-10-04,2026-10-04,99724cb76517368d,True
SE|programa pe de meia|1,FRM-CP-2026-PSOC-0248,programa-pe-de-meia-se,SE,Programa Pé de Meia,3,2026-10-04,2026-10-04,feec3a65f231a6a2,True
SE|politica nacional de migracoes refugio e apatridia pnmra|1,FRM-CP-2026-PSOC-0249,politica-nacional-de-migracoes-refugio-e-apatridia-pnmra-se,SE,"Política Nacional de Migrações, Refúgio e Apatridia (PNMRA)",3,2026-10-04,2026-10-04,15c6b903c203722b,True
SE|sistema nacional de emprego sine|1,FRM-CP-2026-TRAB-0359,sistema-nacional-de-emprego-sine-se,SE,Sistema Nacional de Emprego (SINE),3,2026-10-04,2026-10-04,42f7fff184251daf,True
SE|programa do seguro desemprego|1,FRM-CP-2026-TRAB-0360,programa-do-seguro-desemprego-se,SE,Programa do Seguro-Desemprego,3,2026-10-04,2026-10-04,935320e5035ed08b,True
SE|programa nacional de estimulo ao primeiro emprego pnpe|1,FRM-CP-2026-TRAB-0361,programa-nacional-de-estimulo-ao-primeiro-emprego-pnpe-se,SE,Programa Nacional de Estímulo ao Primeiro Emprego (PNPE),3,2026-10-04,2026-10-04,b8f065bb4b8d662e,True
SE|consorcio social da juventude|1,FRM-CP-2026-TRAB-0362,consorcio-social-da-juventude-se,SE,Consórcio Social da Juventude,3,2026-10-04,2026-10-04,3d385a2a5927d017,True
SE|novos caminhos mec|1,FRM-CP-2026-TRAB-0363,novos-caminhos-mec-se,SE,Novos Caminhos (MEC),3,2026-10-04,2026-10-04,31e843a3a651ee80,True
SE|aprendizagem profissional jovem aprendiz|1,FRM-CP-2026-TRAB-0364,aprendizagem-profissional-jovem-aprendiz-se,SE,Aprendizagem Profissional (Jovem Aprendiz),3,2026-10-04,2026-10-04,7621090f68d86063,True
SE|programa nacional de acesso ao ensino tecnico e emprego pronatec|1,FRM-CP-2026-TRAB-0365,programa-nacional-de-acesso-ao-ensino-tecnico-e-emprego-pronatec-se,SE,Programa Nacional de Acesso ao Ensino Técnico e Emprego (PRONATEC),3,2026-10-04,2026-10-05,b8c160c666167de4,True
SE|pronatec aprendiz na micro e pequena empresa|1,FRM-CP-2026-TRAB-0366,pronatec-aprendiz-na-micro-e-pequena-empresa-se,SE,PRONATEC Aprendiz na Micro e Pequena Empresa,3,2026-10-04,2026-10-04,64d56f7e60a99572,True
SE|lei da liberdade economica|1,FRM-CP-2026-TRAB-0367,lei-da-liberdade-economica-se,SE,Lei da Liberdade Econômica,3,2026-10-04,2026-10-04,04c6b52cc92bd31f,True
SE|programa emprega mulheres e jovens|1,FRM-CP-2026-TRAB-0368,programa-emprega-mulheres-e-jovens-se,SE,Programa Emprega + Mulheres e Jovens,3,2026-10-04,2026-10-05,7d8e3d5d2b466279,True
SE|busca ativa escolar|1,FRM-CP-2026-EDU-0469,busca-ativa-escolar-se,SE,Busca Ativa Escolar,3,2026-10-04,2026-10-05,8066afb2c0adce32,True
SE|programa ensino medio inovador proemi|1,FRM-CP-2026-EDU-0470,programa-ensino-medio-inovador-proemi-se,SE,Programa Ensino Médio Inovador (ProEmi),3,2026-10-04,2026-10-04,c8416df1876a9af4,True
TO|educacao de jovens e adultos eja|1,FRM-CP-2026-EDU-0471,educacao-de-jovens-e-adultos-eja-to,TO,Educação de Jovens e Adultos (EJA),3,2026-10-04,2026-10-05,007822c92912d33a,True
TO|pacto nacional pela superacao do analfabetismo e qualificacao da eja pacto nacional da eja|1,FRM-CP-2026-EDU-0472,pacto-nacional-pela-superacao-do-analfabetismo-e-qualificacao-da-eja-pacto-nacional-da-eja-to,TO,Pacto Nacional pela Superação do Analfabetismo e Qualificação da EJA (Pacto Nacional da EJA),3,2026-10-04,2026-10-04,dd476292591ab17f,True
TO|programa nacional de integracao da educacao profissional com a educacao basica na modalidade de educacao de jovens e adultos proeja|1,FRM-CP-2026-EDU-0473,programa-nacional-de-integracao-da-educacao-profissional-com-a-educacao-basica-na-modalidade-de-educacao-de-jovens-to,TO,Programa Nacional de Integração da Educação Profissional com a Educação Básica na Modalidade de Educação de Jovens e Adultos (PROEJA),3,2026-10-04,2026-10-04,b4fadf0c317096df,True
TO|exame nacional para certificacao de competencias de jovens e adultos encceja|1,FRM-CP-2026-EDU-0474,exame-nacional-para-certificacao-de-competencias-de-jovens-e-adultos-encceja-to,TO,Exame Nacional para Certificação de Competências de Jovens e Adultos  (ENCCEJA),3,2026-10-04,2026-10-04,9e27519224c26de4,True
TO|cadastro do eja cadeja|1,FRM-CP-2026-EDU-0475,cadastro-do-eja-cadeja-to,TO,Cadastro do EJA (CadEJA),3,2026-10-04,2026-10-04,f42be39185db7adf,True
TO|programa brasil alfabetizado|1,FRM-CP-2026-EDU-0476,programa-brasil-alfabetizado-to,TO,Programa Brasil Alfabetizado,3,2026-10-04,2026-10-04,d62aa7fc8969dc56,True
TO|programa evasao escolar nota zero|1,FRM-CP-2026-EDU-0477,programa-evasao-escolar-nota-zero-to,TO,Programa Evasão Escolar: Nota Zero,3,2026-10-04,2026-10-04,1687bb30a27d9e9f,True
TO|politica nacional de educacao profissional e tecnologica pnept|1,FRM-CP-2026-EDU-0478,politica-nacional-de-educacao-profissional-e-tecnologica-pnept-to,TO,Política Nacional de Educação Profissional e Tecnológica (PNEPT),3,2026-10-04,2026-10-04,509bbbadd4244a46,True
TO|busca ativa escolar|1,FRM-CP-2026-EDU-0479,busca-ativa-escolar-to,TO, Busca Ativa Escolar,3,2026-10-04,2026-10-05,f615056da95e4da1,True
TO|plano estadual de educacao pee 2021 2025|1,FRM-CP-2026-EDU-0480,plano-estadual-de-educacao-pee-2021-2025-to,TO,Plano Estadual de Educação (PEE) (2021-2025),3,2026-10-04,2026-10-04,fcd359d97073d969,True
TO|programa de apoio ao novo ensino medio pronem|1,FRM-CP-2026-EDU-0481,programa-de-apoio-ao-novo-ensino-medio-pronem-to,TO,Programa de Apoio ao Novo Ensino Médio (ProNem),3,2026-10-04,2026-10-04,60e89fa4340e8cc3,True
TO|ensino medio mais|1,FRM-CP-2026-EDU-0482,ensino-medio-mais-to,TO,Ensino Médio Mais,3,2026-10-04,2026-10-04,ce12a3dcd4324ecb,True
TO|programa ensino medio inovador proemi|1,FRM-CP-2026-EDU-0483,programa-ensino-medio-inovador-proemi-to,TO,Programa Ensino Médio Inovador (ProEmi),3,2026-10-04,2026-10-04,5fa6690cee3350d9,True
TO|expansao da educacao profissional e projeto profissao estudante|1,FRM-CP-2026-EDU-0484,expansao-da-educacao-profissional-e-projeto-profissao-estudante-to,TO,Expansão da Educação Profissional e projeto Profissão Estudante,3,2026-10-04,2026-10-04,71bd532d1d30e26f,True
TO|plano estadual de educacao em ambientes prisionais peesp 2025 2028|1,FRM-CP-2026-EDU-0485,plano-estadual-de-educacao-em-ambientes-prisionais-peesp-2025-2028-to,TO,Plano Estadual de Educação em Ambientes Prisionais (PEESP) - 2025-2028,3,2026-10-04,2026-10-05,64e67e557de40fd1,True
TO|programa novos caminhos cnj programa nacional de apoio a desinstitucionalizacao de criancas e adolescentes acolhidos e a egressos de unidades de acolhimento|1,FRM-CP-2026-PSOC-0250,programa-novos-caminhos-cnj-programa-nacional-de-apoio-a-desinstitucionalizacao-de-criancas-e-adolescentes-acolhid-to,TO,Programa Novos Caminhos/CNJ (Programa Nacional de Apoio à Desinstitucionalização de Crianças e Adolescentes Acolhidos e a Egressos de Unidades de Acolhimento),3,2026-10-04,2026-10-04,5049f76b12b61d53,True
TO|programa nacional de acesso ao ensino tecnico e emprego pronatec|1,FRM-CP-2026-TRAB-0369,programa-nacional-de-acesso-ao-ensino-tecnico-e-emprego-pronatec-to,TO,Programa Nacional de Acesso ao Ensino Técnico e Emprego (PRONATEC),3,2026-10-04,2026-10-05,2abf813856e1be35,True
TO|aprendizagem profissional jovem aprendiz|1,FRM-CP-2026-TRAB-0370,aprendizagem-profissional-jovem-aprendiz-to,TO,Aprendizagem Profissional (Jovem Aprendiz),3,2026-10-04,2026-10-04,ff9995a649151c6e,True
TO|novos caminhos mec|1,FRM-CP-2026-TRAB-0371,novos-caminhos-mec-to,TO,Novos Caminhos (MEC),3,2026-10-04,2026-10-04,a7a8c77fda3f6c62,True
TO|programa emprega mulheres e jovens|1,FRM-CP-2026-TRAB-0372,programa-emprega-mulheres-e-jovens-to,TO,Programa Emprega + Mulheres e Jovens,3,2026-10-04,2026-10-05,dc0b1dae4e57fa44,True
TO|consorcio social da juventude|1,FRM-CP-2026-TRAB-0373,consorcio-social-da-juventude-to,TO,Consórcio Social da Juventude,3,2026-10-04,2026-10-04,94e3f3137bf9c6fd,True
TO|programa nacional de estimulo ao primeiro emprego pnpe|1,FRM-CP-2026-TRAB-0374,programa-nacional-de-estimulo-ao-primeiro-emprego-pnpe-to,TO,Programa Nacional de Estímulo ao Primeiro Emprego (PNPE),3,2026-10-04,2026-10-04,2f3c6f2bcac1af84,True
TO|sistema nacional de emprego sine|1,FRM-CP-2026-TRAB-0375,sistema-nacional-de-emprego-sine-to,TO,Sistema Nacional de Emprego (SINE),3,2026-10-04,2026-10-04,f8faa4b3425dc097,True
TO|conecta trabalho|1,FRM-CP-2026-TRAB-0376,conecta-trabalho-to,TO,Conecta Trabalho,3,2026-10-04,2026-10-05,4e2f2787ff36c03e,True
TO|programa do seguro desemprego|1,FRM-CP-2026-TRAB-0377,programa-do-seguro-desemprego-to,TO,Programa do Seguro-Desemprego,3,2026-10-04,2026-10-04,72380dbe4a9e1f21,True
TO|programa pe de meia|1,FRM-CP-2026-PSOC-0251,programa-pe-de-meia-to,TO,Programa Pé de Meia,3,2026-10-04,2026-10-04,ce8536acee2dd519,True
TO|bolsa familia|1,FRM-CP-2026-PSOC-0252,bolsa-familia-to,TO,Bolsa Família,3,2026-10-04,2026-10-04,d89bd60813a05f91,True
TO|auxilio brasil|1,FRM-CP-2026-PSOC-0253,auxilio-brasil-to,TO,Auxílio Brasil,3,2026-10-04,2026-10-05,66d26c7c3b413ae3,True
TO|brasil sem miseria|1,FRM-CP-2026-PSOC-0254,brasil-sem-miseria-to,TO,Brasil Sem Miséria,3,2026-10-04,2026-10-04,f848ff328cfd1ec3,True
TO|bolsa presente profe|1,FRM-CP-2026-PSOC-0255,bolsa-presente-profe-to,TO,"Bolsa Presente, Profe!",3,2026-10-04,2026-10-04,1615498f713dacf1,True
TO|centros de artes e esportes unificados ceus das artes|1,FRM-CP-2026-PSOC-0256,centros-de-artes-e-esportes-unificados-ceus-das-artes-to,TO,Centros de Artes e Esportes Unificados (CEUs das Artes),3,2026-10-04,2026-10-04,4b8c25964b20ea41,True
TO|programa estacao juventude federal|1,FRM-CP-2026-PSOC-0257,programa-estacao-juventude-federal-to,TO,Programa Estação Juventude (Federal),3,2026-10-04,2026-10-04,d0d94816b48e7d40,True
TO|programa nacional de inclusao de jovens projovem|1,FRM-CP-2026-PSOC-0258,programa-nacional-de-inclusao-de-jovens-projovem-to,TO,Programa Nacional de Inclusão de Jovens (ProJovem),3,2026-10-04,2026-10-04,21b5eb0e9f9e4acc,True
TO|politica nacional de migracoes refugio e apatridia pnmra|1,FRM-CP-2026-PSOC-0259,politica-nacional-de-migracoes-refugio-e-apatridia-pnmra-to,TO,"Política Nacional de Migrações, Refúgio e Apatridia (PNMRA)",3,2026-10-04,2026-10-04,29eb2cb9f7f294b9,True
AP|educacao de jovens e adultos eja|1,FRM-CP-2026-EDU-0486,educacao-de-jovens-e-adultos-eja-ap,AP,Educação de Jovens e Adultos (EJA),3,2026-10-04,2026-10-05,198a4c6ec81b4376,True
AP|vem pra eja reescreva sua historia|1,FRM-CP-2026-EDU-0487,vem-pra-eja-reescreva-sua-historia-ap,AP,Vem pra EJA: Reescreva sua história!,3,2026-10-04,2026-10-04,7692fe0f3485431c,True
AP|ejatec|1,FRM-CP-2026-EDU-0488,ejatec-ap,AP,EJATEC,3,2026-10-04,2026-10-04,6648ddb3637207fd,True
AP|novo amapa jovem|1,FRM-CP-2026-PSOC-0260,novo-amapa-jovem-ap,AP,Novo Amapá Jovem,3,2026-10-04,2026-10-04,19582c3a3b96eaae,True
AP|o plano estadual de educacao para pessoas privadas de liberdade e egressas peepplesp ap|1,FRM-CP-2026-EDU-0489,o-plano-estadual-de-educacao-para-pessoas-privadas-de-liberdade-e-egressas-peepplesp-ap-ap,AP,O Plano Estadual de Educação para Pessoas Privadas de Liberdade e Egressas (PEEPPLESP/AP) ,3,2026-10-04,2026-10-04,78c75e13adc99220,True
AP|programa empodera mulher ifap|1,FRM-CP-2026-TRAB-0378,programa-empodera-mulher-ifap-ap,AP,Programa Empodera Mulher / IFAP,3,2026-10-04,2026-10-04,0307baa8349eb3cb,True
AP|qualifica amapa|1,FRM-CP-2026-TRAB-0379,qualifica-amapa-ap,AP,Qualifica Amapá,3,2026-10-04,2026-10-04,9a7a68d58cc125a4,True
AP|programa brasil alfabetizado|1,FRM-CP-2026-EDU-0490,programa-brasil-alfabetizado-ap,AP,Programa Brasil Alfabetizado,3,2026-10-04,2026-10-04,ad3ade0a052b386b,True
AP|pacto nacional pela superacao do analfabetismo e qualificacao da eja pacto nacional da eja|1,FRM-CP-2026-EDU-0491,pacto-nacional-pela-superacao-do-analfabetismo-e-qualificacao-da-eja-pacto-nacional-da-eja-ap,AP,Pacto Nacional pela Superação do Analfabetismo e Qualificação da EJA (Pacto Nacional da EJA),3,2026-10-04,2026-10-04,d480cad2418901f7,True
AP|programa de apoio ao novo ensino medio pronem|1,FRM-CP-2026-EDU-0492,programa-de-apoio-ao-novo-ensino-medio-pronem-ap,AP,Programa de Apoio ao Novo Ensino Médio (ProNem),3,2026-10-04,2026-10-04,c5c96db486aaf3c9,True
AP|exame nacional para certificacao de competencias de jovens e adultos encceja|1,FRM-CP-2026-EDU-0493,exame-nacional-para-certificacao-de-competencias-de-jovens-e-adultos-encceja-ap,AP,Exame Nacional para Certificação de Competências de Jovens e Adultos  (ENCCEJA),3,2026-10-04,2026-10-04,ad2ef8eb46bbe4b2,True
AP|programa nacional de integracao da educacao profissional com a educacao basica na modalidade de educacao de jovens e adultos proeja|1,FRM-CP-2026-EDU-0494,programa-nacional-de-integracao-da-educacao-profissional-com-a-educacao-basica-na-modalidade-de-educacao-de-jovens-ap,AP,Programa Nacional de Integração da Educação Profissional com a Educação Básica na Modalidade de Educação de Jovens e Adultos (PROEJA),3,2026-10-04,2026-10-04,0d1bb688ff601fb4,True
AP|cadastro da eja cadeja|1,FRM-CP-2026-EDU-0495,cadastro-da-eja-cadeja-ap,AP,Cadastro da EJA (CADEJA),3,2026-10-04,2026-10-04,3d17414c853cd674,True
AP|politica nacional de educacao profissional e tecnologica pnept|1,FRM-CP-2026-EDU-0496,politica-nacional-de-educacao-profissional-e-tecnologica-pnept-ap,AP,Política Nacional de Educação Profissional e Tecnológica (PNEPT),3,2026-10-04,2026-10-04,04a2989492f27667,True
AP|programa juros por educacao|1,FRM-CP-2026-EDU-0497,programa-juros-por-educacao-ap,AP,Programa Juros por Educação,3,2026-10-04,2026-10-04,024f72f4457e4dc7,True
AP|programa novos caminhos cnj programa nacional de apoio a desinstitucionalizacao de criancas e adolescentes acolhidos e a egressos de unidades de acolhimento|1,FRM-CP-2026-PSOC-0261,programa-novos-caminhos-cnj-programa-nacional-de-apoio-a-desinstitucionalizacao-de-criancas-e-adolescentes-acolhid-ap,AP,Programa Novos Caminhos/CNJ (Programa Nacional de Apoio à Desinstitucionalização de Crianças e Adolescentes Acolhidos e a Egressos de Unidades de Acolhimento),3,2026-10-04,2026-10-04,dc3023d9017ebf16,True
AP|programa nacional de inclusao de jovens projovem|1,FRM-CP-2026-PSOC-0262,programa-nacional-de-inclusao-de-jovens-projovem-ap,AP,Programa Nacional de Inclusão de Jovens (ProJovem),3,2026-10-04,2026-10-04,093b3e94a5e41e79,True
AP|programa estacao juventude federal|1,FRM-CP-2026-PSOC-0263,programa-estacao-juventude-federal-ap,AP,Programa Estação Juventude (Federal),3,2026-10-04,2026-10-04,c0caa32ce82b8783,True
AP|centros de artes e esportes unificados ceus das artes|1,FRM-CP-2026-PSOC-0264,centros-de-artes-e-esportes-unificados-ceus-das-artes-ap,AP,Centros de Artes e Esportes Unificados (CEUs das Artes),3,2026-10-04,2026-10-04,df6fd1c6f1bf700b,True
AP|bolsa familia|1,FRM-CP-2026-PSOC-0265,bolsa-familia-ap,AP,Bolsa Família,3,2026-10-04,2026-10-04,a3d9e303dbef1244,True
AP|auxilio brasil|1,FRM-CP-2026-PSOC-0266,auxilio-brasil-ap,AP,Auxílio Brasil,3,2026-10-04,2026-10-05,2a925c1c23c1f9a8,True
AP|brasil sem miseria|1,FRM-CP-2026-PSOC-0267,brasil-sem-miseria-ap,AP,Brasil Sem Miséria,3,2026-10-04,2026-10-04,94f3fdca980850a4,True
AP|programa pe de meia|1,FRM-CP-2026-PSOC-0268,programa-pe-de-meia-ap,AP,Programa Pé de Meia,3,2026-10-04,2026-10-04,3a6689228b19d968,True
AP|politica nacional de migracoes refugio e apatridia pnmra|1,FRM-CP-2026-PSOC-0269,politica-nacional-de-migracoes-refugio-e-apatridia-pnmra-ap,AP,"Política Nacional de Migrações, Refúgio e Apatridia (PNMRA)",3,2026-10-04,2026-10-04,60c0932fe8e651f5,True
AP|programa do seguro desemprego|1,FRM-CP-2026-TRAB-0380,programa-do-seguro-desemprego-ap,AP,Programa do Seguro-Desemprego,3,2026-10-04,2026-10-04,9c7cf8f412965f2c,True
AP|sistema nacional de emprego sine|1,FRM-CP-2026-TRAB-0381,sistema-nacional-de-emprego-sine-ap,AP,Sistema Nacional de Emprego (SINE),3,2026-10-04,2026-10-04,891d65e8155a50a1,True
AP|programa nacional de estimulo ao primeiro emprego pnpe|1,FRM-CP-2026-TRAB-0382,programa-nacional-de-estimulo-ao-primeiro-emprego-pnpe-ap,AP,Programa Nacional de Estímulo ao Primeiro Emprego (PNPE),3,2026-10-04,2026-10-04,4efb874e7dbb1fa9,True
AP|consorcio social da juventude|1,FRM-CP-2026-TRAB-0383,consorcio-social-da-juventude-ap,AP,Consórcio Social da Juventude,3,2026-10-04,2026-10-04,03d570af6d896a11,True
AP|novos caminhos mec|1,FRM-CP-2026-TRAB-0384,novos-caminhos-mec-ap,AP,Novos Caminhos (MEC),3,2026-10-04,2026-10-04,919013ea79b85d8b,True
AP|aprendizagem profissional jovem aprendiz|1,FRM-CP-2026-TRAB-0385,aprendizagem-profissional-jovem-aprendiz-ap,AP,Aprendizagem Profissional (Jovem Aprendiz),3,2026-10-04,2026-10-04,b775567529e47fcf,True
AP|programa nacional de acesso ao ensino tecnico e emprego pronatec|1,FRM-CP-2026-TRAB-0386,programa-nacional-de-acesso-ao-ensino-tecnico-e-emprego-pronatec-ap,AP,Programa Nacional de Acesso ao Ensino Técnico e Emprego (PRONATEC),3,2026-10-04,2026-10-05,7397262a3cf0eaeb,True
AP|pronatec aprendiz na micro e pequena empresa|1,FRM-CP-2026-TRAB-0387,pronatec-aprendiz-na-micro-e-pequena-empresa-ap,AP,PRONATEC Aprendiz na Micro e Pequena Empresa,3,2026-10-04,2026-10-04,e605d4b4cab8ed07,True
AP|lei da liberdade economica|1,FRM-CP-2026-TRAB-0388,lei-da-liberdade-economica-ap,AP,Lei da Liberdade Econômica,3,2026-10-04,2026-10-04,67be0b56ec496ca6,True
AP|programa emprega mulheres e jovens|1,FRM-CP-2026-TRAB-0389,programa-emprega-mulheres-e-jovens-ap,AP,Programa Emprega + Mulheres e Jovens,3,2026-10-04,2026-10-05,e7975e668b5e0557,True
AP|ensino medio mais|1,FRM-CP-2026-EDU-0498,ensino-medio-mais-ap,AP,Ensino Médio Mais,3,2026-10-04,2026-10-04,7de9b54011997ee0,True
AP|busca ativa escolar|1,FRM-CP-2026-EDU-0499,busca-ativa-escolar-ap,AP,Busca Ativa Escolar,3,2026-10-04,2026-10-05,e05facbb2a465036,True
AP|programa ensino medio inovador proemi|1,FRM-CP-2026-EDU-0500,programa-ensino-medio-inovador-proemi-ap,AP,Programa Ensino Médio Inovador (ProEmi),3,2026-10-04,2026-10-04,07857b55b629e4c7,True
