{"type":"FeatureCollection", "features": [
{"type":"Feature","geometry":{"type":"Polygon","coordinates":[[[-66.805966,-9.814127],[-68.727521,-8.999689],[-70.368997,-8.141024],[-72.658816,-7.624607],[-73.803699,-7.111057],[-73.713126,-7.235058],[-73.700266,-7.305066],[-73.758446,-7.346524],[-73.829428,-7.336158],[-73.869432,-7.378452],[-73.961742,-7.345469],[-73.919102,-7.465302],[-73.947296,-7.526239],[-73.987348,-7.531271],[-73.987573,-7.554907],[-73.888095,-7.631277],[-73.82661,-7.715599],[-73.739822,-7.73372],[-73.683598,-7.776067],[-73.697791,-7.866965],[-73.758737,-7.857943],[-73.771247,-7.90571],[-73.732583,-7.967719],[-73.697401,-7.960208],[-73.678271,-8.004731],[-73.630059,-8.021454],[-73.634254,-8.061118],[-73.586065,-8.12724],[-73.596918,-8.205357],[-73.536185,-8.269894],[-73.536741,-8.345494],[-73.485002,-8.390614],[-73.412159,-8.410613],[-73.389162,-8.469288],[-73.279806,-8.47484],[-73.290566,-8.614645],[-73.263316,-8.614508],[-73.22499,-8.677669],[-73.153466,-8.684037],[-73.131392,-8.706625],[-73.032137,-8.905665],[-72.992118,-8.920388],[-72.970962,-8.974069],[-72.936769,-8.98833],[-72.957407,-9.009374],[-72.946542,-9.114616],[-73.020279,-9.176937],[-72.996846,-9.19385],[-73.005153,-9.210582],[-73.08014,-9.237002],[-73.111238,-9.279432],[-73.10057,-9.30421],[-73.190546,-9.360181],[-73.214815,-9.410931],[-72.716601,-9.410844],[-72.693115,-9.438027],[-72.510151,-9.484946],[-72.481258,-9.471574],[-72.356853,-9.493771],[-72.319747,-9.541703],[-72.285249,-9.539564],[-72.288925,-9.600993],[-72.253722,-9.613856],[-72.270993,-9.749449],[-72.150676,-9.799055],[-72.165269,-9.82804],[-72.140465,-9.877524],[-72.174047,-9.922961],[-72.15549,-9.963656],[-72.180409,-9.99979],[-71.376734,-10.000566],[-71.349937,-9.973385],[-71.309482,-9.992109],[-71.212348,-9.966583],[-71.164364,-9.875397],[-71.051266,-9.814124],[-70.998598,-9.81361],[-70.971129,-9.752588],[-70.925403,-9.739395],[-70.870216,-9.664314],[-70.793875,-9.635879],[-70.759011,-9.603742],[-70.751353,-9.558642],[-70.729387,-9.566551],[-70.651604,-9.511606],[-70.594991,-9.440466],[-70.493979,-9.426199],[-70.503717,-9.461625],[-70.529972,-9.470369],[-70.505277,-9.506169],[-70.54568,-9.510811],[-70.547499,-9.538882],[-70.571195,-9.530154],[-70.557808,-9.571715],[-70.600274,-9.557555],[-70.58548,-9.638849],[-70.52595,-9.713189],[-70.537764,-9.764902],[-70.622653,-9.821404],[-70.621576,-10.999458],[-70.531044,-10.934591],[-70.452661,-10.996104],[-70.437261,-11.039065],[-70.311421,-11.069586],[-70.160587,-11.039568],[-70.108927,-10.99504],[-70.028521,-10.976416],[-69.935091,-10.92091],[-69.800898,-10.926237],[-69.736949,-10.974229],[-69.538567,-10.935871],[-69.480207,-10.954376],[-69.423511,-10.926513],[-69.376976,-10.951899],[-69.232505,-10.94062],[-69.101755,-10.979592],[-69.072628,-10.966035],[-68.994233,-11.010554],[-68.971708,-10.988949],[-68.914228,-11.018728],[-68.863582,-11.016249],[-68.847526,-10.993739],[-68.757804,-11.000915],[-68.764419,-11.066962],[-68.720948,-11.103135],[-68.715613,-11.143104],[-68.542816,-11.108756],[-68.487362,-11.050455],[-68.431897,-11.031456],[-68.395837,-11.05053],[-68.384319,-11.017491],[-68.33211,-11.012427],[-68.237692,-10.956333],[-68.194755,-10.858521],[-68.103355,-10.774608],[-68.103867,-10.714756],[-68.054241,-10.669845],[-67.877301,-10.639565],[-67.707391,-10.708131],[-67.676194,-10.604672],[-67.660178,-10.61611],[-67.637851,-10.593963],[-67.579255,-10.502671],[-67.441117,-10.452447],[-67.413359,-10.427111],[-67.406348,-10.373624],[-67.356328,-10.391951],[-67.312672,-10.376763],[-67.321627,-10.322038],[-67.223041,-10.316269],[-67.169086,-10.336953],[-67.132647,-10.317195],[-67.130624,-10.292803],[-67.011306,-10.254042],[-66.995628,-10.199235],[-66.951274,-10.185746],[-66.872661,-10.081206],[-66.838244,-10.082485],[-66.762183,-9.999667],[-66.675809,-9.967702],[-66.657149,-9.935893],[-66.637944,-9.949046],[-66.619301,-9.893602],[-66.805966,-9.814127]]]},"properties":{"id":1,"name":"Acre","sigla":"AC","regiao_id":"3","codigo_ibg":"12","cartodb_id":1,"created_at":"2015-02-09T16:46:01Z","updated_at":"2015-02-09T16:46:01Z"}},
{"type":"Feature","geometry":{"type":"Polygon","coordinates":[[[-35.152043,-8.912951],[-35.176222,-8.888406],[-35.450358,-8.841008],[-35.467076,-8.814569],[-35.534661,-8.819121],[-35.629593,-8.879239],[-35.747919,-8.916723],[-35.782491,-8.897251],[-35.787121,-8.850705],[-35.844521,-8.872072],[-35.895731,-8.853841],[-35.964717,-8.90247],[-36.063478,-8.914917],[-36.126455,-8.955591],[-36.111033,-9.017249],[-36.195287,-9.044411],[-36.236004,-9.103065],[-36.266392,-9.101956],[-36.224498,-9.170589],[-36.309474,-9.172318],[-36.365259,-9.222202],[-36.41936,-9.229148],[-36.436564,-9.211683],[-36.502872,-9.270551],[-36.571399,-9.292158],[-36.566916,-9.331408],[-36.603786,-9.340622],[-36.693396,-9.274908],[-36.758342,-9.270976],[-36.796709,-9.292608],[-36.867795,-9.268107],[-36.9154,-9.298606],[-36.930012,-9.369613],[-36.952008,-9.38212],[-37.02387,-9.315293],[-37.058492,-9.317369],[-37.056784,-9.281366],[-37.105852,-9.239376],[-37.163921,-9.275289],[-37.158534,-9.238686],[-37.198125,-9.215148],[-37.23392,-9.239747],[-37.24282,-9.185618],[-37.315103,-9.093861],[-37.468964,-9.027257],[-37.493299,-9.000178],[-37.48985,-8.965277],[-37.583403,-8.969839],[-37.643234,-9.017872],[-37.661242,-8.986852],[-37.698445,-8.992052],[-37.684249,-8.966709],[-37.759906,-8.857214],[-37.828693,-8.893373],[-37.838701,-8.977969],[-37.978946,-9.147961],[-38.091895,-9.172308],[-38.143519,-9.217796],[-38.178595,-9.289209],[-38.237084,-9.329271],[-38.194063,-9.385127],[-38.202893,-9.418237],[-38.154557,-9.443],[-38.078645,-9.440462],[-38.009357,-9.480153],[-38.00302,-9.51458],[-37.893638,-9.539958],[-37.78483,-9.638153],[-37.711365,-9.630879],[-37.581417,-9.73355],[-37.350489,-9.791583],[-37.285005,-9.830535],[-37.23706,-9.893857],[-37.152546,-9.900428],[-37.049262,-9.986186],[-36.991601,-9.976776],[-36.966685,-9.993565],[-36.954001,-10.070215],[-36.910464,-10.137513],[-36.71994,-10.264468],[-36.623312,-10.25773],[-36.571366,-10.318515],[-36.56376,-10.415908],[-36.509582,-10.432378],[-36.455743,-10.407212],[-36.393427,-10.498067],[-36.293274,-10.35446],[-36.302218,-10.326048],[-36.271716,-10.27463],[-36.046058,-10.075284],[-35.812344,-9.731779],[-35.754159,-9.677724],[-35.694346,-9.664304],[-35.696702,-9.634734],[-35.649387,-9.567128],[-35.591589,-9.529838],[-35.497139,-9.419182],[-35.484013,-9.369617],[-35.353576,-9.255001],[-35.152043,-8.912951]]]},"properties":{"id":2,"name":"Alagoas","sigla":"AL","regiao_id":"4","codigo_ibg":"27","cartodb_id":2,"created_at":"2015-02-09T16:46:01Z","updated_at":"2015-02-09T16:46:01Z"}},
{"type":"Feature","geometry":{"type":"Polygon","coordinates":[[[-63.371834,2.212058],[-63.420341,2.131805],[-63.466031,2.141367],[-63.508765,2.113959],[-63.561295,2.132743],[-63.616805,2.106937],[-63.661541,2.065853],[-63.667371,2.017307],[-63.702658,2.046684],[-63.739925,2.000058],[-63.823019,1.990315],[-63.843527,1.964896],[-63.897939,1.99284],[-63.995785,1.979573],[-64.060025,1.931356],[-64.070481,1.852775],[-64.054654,1.825841],[-64.077428,1.759424],[-64.060757,1.701984],[-64.094647,1.617491],[-64.125971,1.578903],[-64.173217,1.571431],[-64.214774,1.509],[-64.301484,1.468551],[-64.337406,1.363963],[-64.399379,1.395258],[-64.348409,1.502485],[-64.396853,1.527208],[-64.437936,1.472257],[-64.527406,1.444427],[-64.590168,1.337843],[-64.659277,1.291644],[-64.701291,1.291672],[-64.745882,1.225626],[-64.809914,1.314744],[-64.860983,1.269751],[-64.867997,1.232273],[-64.897723,1.253036],[-64.934665,1.211679],[-64.960234,1.23053],[-64.960222,1.190043],[-65.021636,1.115381],[-65.060759,1.112132],[-65.070667,1.153798],[-65.102503,1.157025],[-65.154399,1.125361],[-65.168853,1.018879],[-65.147612,1.009753],[-65.181275,0.923526],[-65.206856,0.907284],[-65.208247,0.929178],[-65.262947,0.920033],[-65.269354,0.943675],[-65.328523,0.931928],[-65.351354,0.873357],[-65.41238,0.816135],[-65.394965,0.758622],[-65.413244,0.755528],[-65.423018,0.708349],[-65.539922,0.64926],[-65.59061,0.722275],[-65.527141,0.833679],[-65.499699,0.842859],[-65.493079,0.882491],[-65.511687,0.885628],[-65.541357,0.975905],[-65.584982,1.009292],[-65.626561,1.009649],[-65.624425,0.98952],[-65.652194,1.01216],[-65.67747,0.990015],[-65.738824,0.999981],[-65.773519,0.959507],[-65.879065,0.933058],[-65.900559,0.884071],[-65.936033,0.882517],[-65.963874,0.809872],[-66.069475,0.805428],[-66.087916,0.759496],[-66.150544,0.744857],[-66.213021,0.781946],[-66.317916,0.755435],[-66.856352,1.230626],[-67.08759,1.167322],[-67.071758,1.443022],[-67.096812,1.733011],[-67.156484,1.849256],[-67.243386,1.858599],[-67.2862,1.889007],[-67.342929,2.205865],[-67.388705,2.244417],[-67.430127,2.24209],[-67.447503,2.208534],[-67.539268,2.156396],[-67.619139,2.024124],[-67.768272,2.039764],[-67.858874,1.920703],[-67.910231,1.898551],[-67.906044,1.866638],[-67.940565,1.831186],[-67.972927,1.833195],[-68.042794,1.900112],[-68.0867,1.901836],[-68.139322,1.985516],[-68.182187,1.979262],[-68.242623,1.927169],[-68.266269,1.82776],[-68.232853,1.830431],[-68.235956,1.77295],[-68.187088,1.785123],[-68.156176,1.73211],[-69.392529,1.724968],[-69.425466,1.757284],[-69.551673,1.79191],[-69.635866,1.737622],[-69.727495,1.7473],[-69.785513,1.705689],[-69.841504,1.720918],[-69.843846,1.085633],[-69.811556,1.069791],[-69.76447,1.113542],[-69.71039,1.126694],[-69.705327,1.082665],[-69.68407,1.077288],[-69.606415,1.105445],[-69.565665,1.081288],[-69.447329,1.084081],[-69.415881,1.053119],[-69.378722,1.095514],[-69.321204,1.096133],[-69.264789,1.064718],[-69.205297,1.010511],[-69.219996,0.985426],[-69.162991,0.946404],[-69.189812,0.933253],[-69.184543,0.903246],[-69.135255,0.877623],[-69.141645,0.852823],[-69.165429,0.852307],[-69.14445,0.783483],[-69.185624,0.733631],[-69.114365,0.650391],[-69.116218,0.636037],[-69.192654,0.651968],[-69.203101,0.605913],[-69.297409,0.603979],[-69.300948,0.649466],[-69.358015,0.612602],[-69.480791,0.735938],[-69.533768,0.683983],[-69.565518,0.684385],[-69.606432,0.629895],[-69.67946,0.670917],[-69.724909,0.617385],[-69.749789,0.622321],[-69.808802,0.572992],[-69.831169,0.590291],[-69.91406,0.585421],[-69.94167,0.555064],[-69.997923,0.57044],[-70.015182,0.539915],[-70.042718,0.559422],[-70.041288,-0.123698],[-70.05706,-0.186323],[-69.922767,-0.331057],[-69.844475,-0.345339],[-69.732848,-0.44574],[-69.614233,-0.505595],[-69.592575,-0.567164],[-69.604525,-0.599542],[-69.563854,-0.63935],[-69.625743,-0.749224],[-69.562661,-0.811834],[-69.573275,-0.841755],[-69.522818,-0.885814],[-69.523098,-0.929271],[-69.44958,-0.997789],[-69.421194,-0.999968],[-69.442755,-1.03608],[-69.395245,-1.132138],[-69.430806,-1.232583],[-69.399527,-1.370256],[-69.428687,-1.386383],[-69.457037,-1.493006],[-69.706423,-2.973364],[-69.963656,-4.300192],[-70.043562,-4.351926],[-70.107803,-4.264269],[-70.119438,-4.2899],[-70.157916,-4.283937],[-70.152055,-4.335078],[-70.198758,-4.365906],[-70.216218,-4.318851],[-70.26623,-4.311552],[-70.25538,-4.277383],[-70.297766,-4.29018],[-70.315585,-4.259012],[-70.284507,-4.2335],[-70.290764,-4.176236],[-70.325613,-4.14608],[-70.340338,-4.185931],[-70.376617,-4.141912],[-70.438996,-4.133879],[-70.44346,-4.165065],[-70.487619,-4.161514],[-70.503312,-4.196387],[-70.522237,-4.190367],[-70.521767,-4.142574],[-70.548486,-4.136883],[-70.565524,-4.168685],[-70.624403,-4.192082],[-70.638618,-4.165508],[-70.623852,-4.13116],[-70.652803,-4.126768],[-70.680871,-4.198996],[-70.758716,-4.159616],[-70.807557,-4.18321],[-70.832801,-4.249795],[-70.868115,-4.249989],[-70.849759,-4.278098],[-70.942851,-4.385059],[-70.996211,-4.345155],[-70.995604,-4.383765],[-71.042686,-4.400152],[-71.048243,-4.374428],[-71.079069,-4.395442],[-71.100128,-4.376955],[-71.11734,-4.409587],[-71.153059,-4.382845],[-71.150458,-4.399511],[-71.184718,-4.392342],[-71.201258,-4.425168],[-71.207282,-4.37933],[-71.2306,-4.407228],[-71.229656,-4.387214],[-71.26877,-4.384642],[-71.272445,-4.434074],[-71.323504,-4.420989],[-71.31438,-4.45765],[-71.353968,-4.427669],[-71.395033,-4.431937],[-71.41788,-4.46533],[-71.460234,-4.438919],[-71.488956,-4.45918],[-71.508764,-4.447957],[-71.495125,-4.486812],[-71.537241,-4.467145],[-71.604992,-4.533385],[-71.633952,-4.519033],[-71.619703,-4.469996],[-71.653597,-4.507405],[-71.714726,-4.511498],[-71.748908,-4.472351],[-71.761517,-4.503002],[-71.777487,-4.487166],[-71.882947,-4.516117],[-71.926522,-4.544309],[-71.945709,-4.604409],[-72.006287,-4.640869],[-72.038919,-4.623208],[-72.127025,-4.7222],[-72.231773,-4.776257],[-72.254523,-4.765664],[-72.279779,-4.797842],[-72.321117,-4.777455],[-72.32471,-4.796289],[-72.370975,-4.806778],[-72.386101,-4.871782],[-72.426829,-4.880558],[-72.4338,-4.910607],[-72.464139,-4.895984],[-72.458429,-4.925411],[-72.482169,-4.95247],[-72.521652,-4.938123],[-72.606304,-4.994722],[-72.629831,-5.051316],[-72.707697,-5.053094],[-72.739978,-5.090162],[-72.814452,-5.109594],[-72.816786,-5.138381],[-72.885452,-5.16594],[-72.864146,-5.272622],[-72.956608,-5.464366],[-72.96166,-5.653915],[-72.986016,-5.66138],[-72.985939,-5.693755],[-73.056485,-5.788467],[-73.156913,-5.868734],[-73.190008,-5.998757],[-73.236244,-6.03117],[-73.248967,-6.144206],[-73.108835,-6.409347],[-73.137127,-6.497262],[-73.185806,-6.526922],[-73.212849,-6.576074],[-73.356219,-6.594239],[-73.382349,-6.634627],[-73.5153,-6.676065],[-73.644775,-6.761425],[-73.751603,-6.932365],[-73.725492,-7.021811],[-73.803699,-7.111057],[-72.658816,-7.624607],[-70.368997,-8.141024],[-68.727521,-8.999689],[-66.805966,-9.814127],[-66.774996,-9.752687],[-66.725017,-9.755671],[-66.609064,-9.6645],[-66.585922,-9.67316],[-66.50022,-9.633167],[-66.494523,-9.601186],[-66.392013,-9.500085],[-66.408458,-9.406552],[-66.307088,-9.43645],[-66.267393,-9.409369],[-66.173214,-9.434026],[-66.123468,-9.408386],[-65.969866,-9.412766],[-65.912199,-9.483358],[-65.824637,-9.529702],[-65.79108,-9.585253],[-65.749884,-9.553232],[-65.723101,-9.558664],[-65.680551,-9.500019],[-65.678985,-9.451002],[-65.596321,-9.413476],[-65.506089,-9.44731],[-65.492341,-9.473274],[-65.434254,-9.465947],[-65.456137,-9.400819],[-65.446554,-9.31599],[-65.384747,-9.337642],[-65.246189,-9.257276],[-65.207553,-9.285247],[-65.195685,-9.374876],[-65.17307,-9.385064],[-65.184149,-9.426604],[-65.142404,-9.446424],[-65.097373,-9.43213],[-65.005365,-9.343145],[-65.000034,-9.30423],[-64.935593,-9.255427],[-64.919198,-9.219896],[-64.939444,-9.124184],[-64.916781,-9.042756],[-64.838837,-8.993728],[-64.786811,-8.988069],[-64.76069,-9.0202],[-64.702961,-8.989506],[-64.670883,-9.014415],[-64.61058,-9.016071],[-64.549626,-8.977888],[-64.446073,-8.976487],[-64.322894,-8.92848],[-64.310813,-8.996089],[-64.148942,-8.958555],[-64.157693,-8.842785],[-64.128947,-8.804783],[-64.144254,-8.776067],[-64.13036,-8.721781],[-64.027357,-8.715286],[-63.985695,-8.585255],[-63.94544,-8.609106],[-63.924056,-8.575147],[-63.973991,-8.486861],[-63.940323,-8.451887],[-63.97738,-8.419754],[-63.94486,-8.387449],[-63.943608,-8.330811],[-63.910321,-8.328148],[-63.870245,-8.288443],[-63.790714,-8.332839],[-63.77299,-8.320355],[-63.722242,-8.249121],[-63.746515,-8.198207],[-63.669379,-8.121367],[-63.66648,-8.081226],[-63.621259,-8.029235],[-63.620267,-7.968921],[-62.866087,-7.975496],[-62.69175,-8.092534],[-62.672499,-8.144938],[-62.686133,-8.173399],[-62.649414,-8.236651],[-62.561386,-8.283631],[-62.550992,-8.35782],[-62.525603,-8.382677],[-62.464942,-8.339362],[-62.366551,-8.389222],[-62.365519,-8.493185],[-62.325271,-8.56333],[-62.340551,-8.602451],[-62.280771,-8.638212],[-62.292749,-8.595615],[-62.268353,-8.575382],[-62.187856,-8.590182],[-62.17611,-8.636544],[-62.199997,-8.643915],[-62.164552,-8.679015],[-62.124437,-8.801291],[-62.030525,-8.799329],[-61.984687,-8.878228],[-61.905349,-8.874129],[-61.8595,-8.852734],[-61.835964,-8.732345],[-61.77407,-8.747851],[-61.741316,-8.694817],[-61.712737,-8.687474],[-61.704825,-8.707149],[-61.630019,-8.721581],[-61.605491,-8.794334],[-61.582423,-8.79831],[-59.8565,-8.800318],[-58.415355,-8.792461],[-58.325551,-8.719611],[-58.350511,-8.701192],[-58.410527,-8.719758],[-58.436896,-8.703034],[-58.390822,-8.60295],[-58.416655,-8.491859],[-58.353024,-8.392414],[-58.347575,-8.345768],[-58.314372,-8.32267],[-58.322069,-8.169617],[-58.286495,-8.128132],[-58.382425,-7.838707],[-58.294332,-7.771928],[-58.277494,-7.703335],[-58.201587,-7.620545],[-58.212486,-7.458079],[-58.136365,-7.356093],[-58.169486,-7.312848],[-58.167566,-7.230961],[-58.209,-7.133889],[-58.338264,-6.98355],[-58.37973,-6.970133],[-58.434032,-6.908436],[-58.481232,-6.781051],[-58.477949,-6.699242],[-58.426783,-6.615798],[-58.349364,-6.56203],[-58.325113,-6.498925],[-58.262031,-6.468555],[-57.547571,-4.921233],[-57.018401,-3.797953],[-56.401654,-2.456277],[-56.46509,-2.422775],[-56.383812,-2.270135],[-56.219794,-2.195503],[-56.097053,-2.036796],[-56.227872,-2.055883],[-56.296952,-2.100468],[-56.316257,-2.139786],[-56.369128,-2.137171],[-56.413378,-2.17561],[-56.443675,-2.153584],[-56.477388,-2.170037],[-56.526559,-2.138856],[-56.597284,-2.174616],[-56.612406,-2.209831],[-56.678565,-2.212225],[-56.768032,-2.165412],[-56.722898,-2.066981],[-56.734026,-2.021675],[-56.858536,-2.015587],[-56.896865,-1.975885],[-56.952261,-1.959893],[-56.987841,-1.906822],[-57.036699,-1.911216],[-57.07306,-1.831333],[-57.063396,-1.808159],[-57.097345,-1.774767],[-57.115316,-1.791447],[-57.128867,-1.763828],[-57.162702,-1.768244],[-57.16439,-1.720534],[-57.230234,-1.725585],[-57.253385,-1.695962],[-57.305,-1.729945],[-57.392176,-1.722738],[-57.40295,-1.675192],[-57.42706,-1.691462],[-57.438158,-1.666152],[-57.474691,-1.677665],[-57.506665,-1.640929],[-57.528274,-1.652386],[-57.524687,-1.626433],[-57.59287,-1.59936],[-57.60207,-1.569963],[-57.678165,-1.594003],[-57.706339,-1.57562],[-57.71265,-1.503815],[-57.783174,-1.50767],[-57.823524,-1.439425],[-57.959836,-1.40124],[-58.000421,-1.329842],[-57.96384,-1.222923],[-57.971508,-1.162238],[-58.00664,-1.145395],[-58.01703,-1.105819],[-58.081339,-1.126151],[-58.162129,-1.229325],[-58.254251,-1.132259],[-58.322768,-1.142963],[-58.367973,-1.065691],[-58.429563,-1.026786],[-58.410229,-0.980975],[-58.450309,-0.925752],[-58.435532,-0.883137],[-58.704659,-0.678644],[-58.733478,-0.611301],[-58.709637,-0.538231],[-58.729246,-0.434959],[-58.871545,-0.342665],[-58.863362,-0.077706],[-58.897809,-0.017591],[-58.89489,0.263852],[-60.037434,0.263837],[-60.058551,0.163319],[-60.115761,0.133561],[-60.137418,0.103017],[-60.122995,0.081374],[-60.138037,0.029095],[-60.20275,-0.033268],[-60.223867,-0.14253],[-60.298864,-0.211414],[-60.289417,-0.292811],[-60.349449,-0.40696],[-60.344168,-0.440285],[-60.399423,-0.509759],[-60.382757,-0.589747],[-60.313032,-0.641139],[-60.303101,-0.71094],[-60.426639,-0.77808],[-60.47859,-0.770587],[-60.530535,-0.874748],[-60.590808,-0.85308],[-60.593868,-0.871967],[-60.61998,-0.863083],[-60.667481,-0.894188],[-60.675259,-0.873083],[-60.752194,-0.860857],[-60.756089,-0.795304],[-60.773314,-0.790857],[-60.760538,-0.76114],[-60.796641,-0.744471],[-60.797199,-0.70058],[-60.842758,-0.690306],[-60.854144,-0.647528],[-60.907752,-0.623645],[-60.920256,-0.555036],[-61.045536,-0.54559],[-61.086925,-0.499759],[-61.157051,-0.514999],[-61.216365,-0.49975],[-61.230537,-0.563644],[-61.428315,-0.633915],[-61.482693,-0.71718],[-61.538314,-0.755865],[-61.543037,-0.851972],[-61.584703,-0.93669],[-61.543588,-1.06197],[-61.576095,-1.078918],[-61.573316,-1.184461],[-61.628317,-1.301136],[-61.581642,-1.353073],[-61.618591,-1.394467],[-61.537763,-1.433072],[-61.51595,-1.502098],[-61.472759,-1.527517],[-61.482203,-1.5803],[-61.634982,-1.433631],[-61.78968,-1.378635],[-61.826372,-1.401412],[-61.896094,-1.395022],[-62.039147,-1.118076],[-62.099149,-1.096413],[-62.124988,-1.036973],[-62.203321,-0.982522],[-62.293315,-0.947802],[-62.395266,-0.820025],[-62.500542,-0.781139],[-62.507759,-0.713922],[-62.486096,-0.681141],[-62.428044,-0.69253],[-62.406375,-0.726972],[-62.35832,-0.706693],[-62.37026,-0.67642],[-62.290344,-0.64633],[-62.317843,-0.552169],[-62.308673,-0.513833],[-62.201731,-0.392717],[-62.18784,-0.330494],[-62.247844,-0.301609],[-62.244506,-0.174393],[-62.319206,-0.102201],[-62.346084,0.02993],[-62.423875,0.091908],[-62.428041,0.173852],[-62.467758,0.276075],[-62.445813,0.379402],[-62.484715,0.454402],[-62.51813,0.444021],[-62.53248,0.509141],[-62.517771,0.584129],[-62.534983,0.694151],[-62.457205,0.785515],[-62.485534,0.866852],[-62.442443,0.960367],[-62.477201,1.028264],[-62.471089,1.086598],[-62.529138,1.089134],[-62.636847,1.434036],[-62.72028,1.488849],[-62.803914,1.590666],[-62.79582,1.63098],[-62.723213,1.712696],[-62.730539,1.818542],[-62.70365,1.874256],[-62.705501,1.940031],[-62.838305,2.016776],[-62.947955,2.031348],[-63.023254,2.014976],[-63.106733,2.079657],[-63.14098,2.172756],[-63.193608,2.181523],[-63.282257,2.154189],[-63.371834,2.212058]]]},"properties":{"id":3,"name":"Amazonas","sigla":"AM","regiao_id":"3","codigo_ibg":"13","cartodb_id":3,"created_at":"2015-02-09T16:46:01Z","updated_at":"2015-02-09T16:46:01Z"}},
{"type":"Feature","geometry":{"type":"Polygon","coordinates":[[[-50.093461,0.702404],[-50.092433,0.78254],[-50.053084,0.806649],[-50.052234,0.850701],[-49.940383,0.993751],[-49.945211,1.108311],[-49.893209,1.193334],[-49.909934,1.29684],[-49.875766,1.481127],[-49.914603,1.695828],[-50.091295,1.791721],[-50.16916,1.81458],[-50.237715,1.803558],[-50.351989,2.087119],[-50.445945,2.199662],[-50.521543,2.208689],[-50.702067,2.13866],[-50.681908,2.173329],[-50.721798,2.237505],[-50.764362,2.448136],[-50.802327,2.508472],[-50.854452,2.491053],[-50.831092,2.533164],[-50.840569,2.639025],[-50.881918,2.68592],[-50.901517,2.794914],[-50.941787,2.80382],[-50.943904,2.884485],[-50.980766,2.937291],[-51.014374,3.045764],[-51.006657,3.094069],[-51.0353,3.137645],[-51.021597,3.208381],[-51.090128,3.447117],[-51.070545,3.491822],[-51.090378,3.680222],[-51.075149,3.890906],[-51.178546,3.945131],[-51.184429,4.051013],[-51.251546,4.191709],[-51.513572,4.437029],[-51.55355,4.415153],[-51.645939,4.044961],[-51.755711,3.987777],[-51.801801,3.881739],[-51.923717,3.783872],[-51.925095,3.735462],[-51.971244,3.719504],[-51.995692,3.626768],[-52.191557,3.301757],[-52.236556,3.244724],[-52.26264,3.25622],[-52.291409,3.233468],[-52.307126,3.176251],[-52.332621,3.172676],[-52.352588,3.129304],[-52.328396,3.080644],[-52.400841,2.924782],[-52.382539,2.911009],[-52.426467,2.886764],[-52.52969,2.656688],[-52.557077,2.636091],[-52.526995,2.577261],[-52.562929,2.545058],[-52.55407,2.516693],[-52.587666,2.475105],[-52.6112,2.475734],[-52.607299,2.45094],[-52.640508,2.437511],[-52.664378,2.38081],[-52.716003,2.338444],[-52.855669,2.275226],[-52.904909,2.187345],[-52.936107,2.192343],[-52.943625,2.169207],[-52.983962,2.157643],[-53.083466,2.214301],[-53.220074,2.194051],[-53.242643,2.209092],[-53.272245,2.191509],[-53.266912,2.169116],[-53.286414,2.197011],[-53.279135,2.223714],[-53.231104,2.269038],[-53.337633,2.353968],[-53.404501,2.297949],[-53.46875,2.288128],[-53.458134,2.261476],[-53.540102,2.257596],[-53.600339,2.286807],[-53.648291,2.283733],[-53.652775,2.302797],[-53.748189,2.31321],[-53.723277,2.353752],[-53.766666,2.379297],[-53.8341,2.342851],[-53.816391,2.317617],[-53.883837,2.316078],[-53.907218,2.274426],[-53.934798,2.297434],[-53.941806,2.242806],[-54.188524,2.179194],[-54.436022,2.210262],[-54.601136,2.337541],[-54.661689,2.327363],[-54.691525,2.361771],[-54.684358,2.44719],[-54.743472,2.471857],[-54.796809,2.43945],[-54.871708,2.434102],[-54.807069,2.341979],[-54.793756,2.31304],[-54.810928,2.266683],[-54.76262,2.202624],[-54.805762,2.139235],[-54.81234,2.06312],[-54.753311,1.967476],[-54.771097,1.940806],[-54.733533,1.832283],[-54.744288,1.776109],[-54.570422,1.784762],[-54.508064,1.748582],[-54.424174,1.76075],[-54.386955,1.745465],[-54.377229,1.763997],[-54.308816,1.74136],[-54.190615,1.625219],[-54.18173,1.658384],[-54.143178,1.640923],[-54.12787,1.591623],[-54.101512,1.590938],[-54.11704,1.558485],[-54.084104,1.526645],[-54.08598,1.488609],[-54.008564,1.519977],[-53.996982,1.476082],[-53.928278,1.469491],[-53.935377,1.436464],[-53.895514,1.455437],[-53.882343,1.401059],[-53.84382,1.406618],[-53.849856,1.392152],[-53.80795,1.391931],[-53.822291,1.414146],[-53.803508,1.423837],[-53.731845,1.386599],[-53.716706,1.432073],[-53.695321,1.418455],[-53.710979,1.384276],[-53.666456,1.373391],[-53.649819,1.408565],[-53.650483,1.336535],[-53.594735,1.358467],[-53.538067,1.341175],[-53.532905,1.322743],[-53.562151,1.306896],[-53.522846,1.261651],[-53.535535,1.212585],[-53.42604,1.243034],[-53.399398,1.158723],[-53.459065,1.127848],[-53.411014,0.92966],[-53.105819,0.6843],[-53.153013,0.576784],[-53.174834,0.382038],[-53.093649,0.25928],[-53.093815,0.195629],[-52.976816,0.024119],[-52.933229,-0.139195],[-52.851068,-0.149837],[-52.835623,-0.185824],[-52.689648,-0.302593],[-52.698096,-0.386842],[-52.678677,-0.423347],[-52.702207,-0.458905],[-52.639535,-0.584576],[-52.534706,-0.573758],[-52.522704,-0.588746],[-52.497402,-0.73042],[-52.522251,-0.791362],[-52.509376,-0.813122],[-52.538185,-0.854477],[-52.455045,-0.829937],[-52.402686,-0.876817],[-52.404273,-0.912521],[-52.438953,-0.934962],[-52.413992,-1.00894],[-52.426566,-1.050463],[-52.357686,-1.062252],[-52.332516,-1.115558],[-52.119791,-1.145867],[-52.099932,-1.226163],[-52.054179,-1.233887],[-52.061947,-1.184021],[-51.990654,-1.171481],[-51.984865,-1.121114],[-51.965124,-1.125475],[-51.956608,-1.168852],[-51.925489,-1.131984],[-51.88682,-1.166065],[-51.808628,-1.156769],[-51.703871,-1.067409],[-51.686763,-1.035677],[-51.67874,-0.784922],[-51.595071,-0.65011],[-51.457325,-0.512906],[-51.420262,-0.428667],[-51.362044,-0.367782],[-51.347318,-0.299288],[-51.2159,-0.11829],[-51.084457,-0.087216],[-50.933711,0.070004],[-50.784337,0.112435],[-50.667739,0.185354],[-50.555692,0.307038],[-50.451885,0.571265],[-50.409404,0.62366],[-50.314182,0.678304],[-50.093461,0.702404]]]},"properties":{"id":4,"name":"Amapá","sigla":"AP","regiao_id":"3","codigo_ibg":"16","cartodb_id":4,"created_at":"2015-02-09T16:46:01Z","updated_at":"2015-02-09T16:46:01Z"}},
{"type":"Feature","geometry":{"type":"Polygon","coordinates":[[[-38.237084,-9.329271],[-38.287209,-9.173472],[-38.318258,-9.140595],[-38.304212,-9.096378],[-38.325472,-9.077594],[-38.289727,-9.046939],[-38.295991,-9.02249],[-38.320245,-8.990659],[-38.40807,-9.038103],[-38.483023,-9.001073],[-38.519065,-8.947946],[-38.472893,-8.889137],[-38.47945,-8.849688],[-38.570844,-8.831192],[-38.603443,-8.880192],[-38.60879,-8.952355],[-38.640324,-8.986867],[-38.686068,-8.950568],[-38.706152,-8.861859],[-38.798427,-8.792369],[-38.953025,-8.803108],[-39.032059,-8.736936],[-39.168721,-8.691755],[-39.22347,-8.710925],[-39.282291,-8.567706],[-39.383353,-8.533223],[-39.607204,-8.655585],[-39.690755,-8.661922],[-39.671853,-8.778938],[-39.691468,-8.79681],[-39.894253,-8.831304],[-39.873572,-8.930907],[-39.957648,-9.048202],[-40.065263,-9.062782],[-40.12833,-9.109193],[-40.250327,-9.060099],[-40.28632,-9.116917],[-40.307434,-9.27099],[-40.357732,-9.376784],[-40.420508,-9.352161],[-40.467924,-9.420104],[-40.528956,-9.413674],[-40.5619,-9.460955],[-40.622789,-9.482496],[-40.721819,-9.445544],[-40.776329,-9.454027],[-40.74229,-9.400291],[-40.736899,-9.336477],[-40.755094,-9.313275],[-40.686229,-9.276438],[-40.69411,-9.233057],[-40.667025,-9.158669],[-40.803722,-9.09793],[-40.851215,-8.952099],[-40.920958,-8.835043],[-40.94611,-8.844587],[-40.97871,-8.823013],[-41.02086,-8.843156],[-41.035856,-8.785472],[-41.101379,-8.78156],[-41.124188,-8.752272],[-41.113256,-8.703597],[-41.226598,-8.704303],[-41.28115,-8.735693],[-41.357936,-8.707229],[-41.38196,-8.708455],[-41.42384,-8.802063],[-41.487463,-8.843498],[-41.544135,-8.960144],[-41.605411,-8.956998],[-41.680065,-9.011876],[-41.72322,-9.013136],[-41.7348,-9.094295],[-41.799682,-9.14762],[-41.837579,-9.241864],[-41.870136,-9.237026],[-41.917548,-9.278057],[-41.97188,-9.24823],[-41.999552,-9.26554],[-42.020962,-9.249773],[-42.100143,-9.28062],[-42.24334,-9.28851],[-42.318771,-9.319847],[-42.442525,-9.456995],[-42.487505,-9.46131],[-42.491784,-9.493047],[-42.586088,-9.49636],[-42.621248,-9.540823],[-42.719659,-9.530798],[-42.716502,-9.55587],[-42.764775,-9.616339],[-42.82016,-9.618822],[-42.836747,-9.549962],[-42.870522,-9.563524],[-42.945855,-9.518006],[-42.958006,-9.428464],[-42.98747,-9.40093],[-43.05665,-9.41738],[-43.059262,-9.396851],[-43.119603,-9.37213],[-43.158227,-9.37663],[-43.191304,-9.420026],[-43.218235,-9.400213],[-43.278369,-9.424166],[-43.373618,-9.350967],[-43.427457,-9.272158],[-43.46127,-9.261372],[-43.574182,-9.317684],[-43.686415,-9.417647],[-43.769327,-9.441643],[-43.849292,-9.547644],[-43.841551,-9.637019],[-43.798317,-9.694738],[-43.784519,-9.761973],[-43.652847,-9.838644],[-43.708637,-9.912808],[-43.690053,-9.929087],[-43.70255,-9.965704],[-43.661876,-10.003925],[-43.692516,-10.076982],[-43.76563,-10.079641],[-43.778686,-10.180056],[-43.836933,-10.250725],[-43.837763,-10.303407],[-43.914386,-10.383692],[-43.916816,-10.423994],[-44.017668,-10.404737],[-44.072611,-10.580291],[-44.146312,-10.641013],[-44.208243,-10.614911],[-44.263615,-10.624253],[-44.335243,-10.548554],[-44.400969,-10.606587],[-44.452878,-10.607334],[-44.50206,-10.649485],[-44.589108,-10.632004],[-44.667307,-10.685525],[-44.667273,-10.759639],[-44.750798,-10.78171],[-44.845442,-10.899327],[-44.863246,-10.88585],[-44.930806,-10.928339],[-45.072821,-10.840005],[-45.247635,-10.821551],[-45.271371,-10.774128],[-45.357802,-10.731791],[-45.374479,-10.667356],[-45.435502,-10.61946],[-45.446914,-10.555923],[-45.446839,-10.507007],[-45.396019,-10.446486],[-45.42408,-10.426077],[-45.429904,-10.359056],[-45.516714,-10.286135],[-45.525878,-10.236442],[-45.566848,-10.201137],[-45.567041,-10.139111],[-45.602765,-10.107574],[-45.72247,-10.154896],[-45.698859,-10.16644],[-45.69711,-10.263155],[-45.738021,-10.342031],[-45.824298,-10.365556],[-45.827299,-10.435545],[-45.887587,-10.449105],[-45.970765,-10.528161],[-46.024603,-10.542365],[-46.065735,-10.602921],[-46.168807,-10.619576],[-46.210548,-10.649255],[-46.192138,-10.719288],[-46.251004,-10.75666],[-46.227193,-10.76638],[-46.229093,-10.794034],[-46.289561,-10.847486],[-46.282995,-10.906335],[-46.398507,-10.993976],[-46.471932,-11.190765],[-46.609202,-11.255504],[-46.616668,-11.289032],[-46.601248,-11.346766],[-46.527746,-11.422086],[-46.519635,-11.483129],[-46.478886,-11.515971],[-46.410905,-11.54153],[-46.313026,-11.539069],[-46.235856,-11.564917],[-46.202347,-11.60217],[-46.08625,-11.621714],[-46.08657,-11.642212],[-46.153572,-11.65656],[-46.25585,-11.620751],[-46.314531,-11.631832],[-46.29497,-11.694474],[-46.32894,-11.736879],[-46.373041,-11.750718],[-46.322293,-11.77032],[-46.374156,-11.868178],[-46.317547,-11.898064],[-46.188949,-11.883475],[-46.170841,-11.900564],[-46.192133,-11.929073],[-46.325276,-11.958062],[-46.397437,-12.039917],[-46.365943,-12.110827],[-46.389275,-12.166479],[-46.359819,-12.224642],[-46.374602,-12.286428],[-46.32406,-12.302139],[-46.351964,-12.336976],[-46.285242,-12.378626],[-46.300598,-12.41535],[-46.256004,-12.423908],[-46.254333,-12.492756],[-46.153544,-12.482796],[-46.160236,-12.528154],[-46.254776,-12.546644],[-46.279515,-12.584471],[-46.289769,-12.631327],[-46.256396,-12.655691],[-46.292822,-12.692385],[-46.264492,-12.716519],[-46.282495,-12.783693],[-46.261881,-12.831243],[-46.292292,-12.858984],[-46.304358,-12.949443],[-46.113889,-12.917537],[-46.125415,-12.961044],[-46.272949,-13.014522],[-46.322236,-13.097851],[-46.291648,-13.147429],[-46.330711,-13.249103],[-46.298161,-13.253245],[-46.315491,-13.302738],[-46.278959,-13.347464],[-46.063382,-13.260869],[-46.041738,-13.272236],[-46.048046,-13.308765],[-46.242457,-13.429489],[-46.205379,-13.464854],[-46.229821,-13.480998],[-46.235072,-13.562471],[-46.183868,-13.566624],[-46.161537,-13.590492],[-46.260326,-13.686802],[-46.235936,-13.707791],[-46.266462,-13.739887],[-46.223165,-13.769034],[-46.28202,-13.79605],[-46.234058,-13.848549],[-46.267705,-13.943318],[-46.220828,-13.972409],[-46.209574,-14.012412],[-46.247985,-14.056096],[-46.224773,-14.069183],[-46.265352,-14.097523],[-46.201762,-14.119187],[-46.185214,-14.151416],[-46.117708,-14.159931],[-46.095795,-14.205048],[-46.063069,-14.193118],[-46.060597,-14.232078],[-45.995624,-14.256782],[-45.942547,-14.342251],[-45.906861,-14.352935],[-45.93492,-14.414895],[-45.97461,-14.431362],[-46.016355,-14.418867],[-46.00384,-14.515374],[-45.976655,-14.538397],[-45.994854,-14.54231],[-45.989323,-14.658745],[-46.028178,-14.681536],[-46.001914,-14.712779],[-46.007628,-14.792753],[-46.052396,-14.830925],[-46.036986,-14.873636],[-45.965653,-14.965196],[-45.975092,-15.038462],[-46.04329,-15.117681],[-46.049446,-15.165939],[-46.118815,-15.191776],[-46.076651,-15.264229],[-46.052203,-15.258742],[-46.02762,-15.200897],[-45.984075,-15.195508],[-45.953321,-15.13908],[-45.872551,-15.157431],[-45.824962,-15.11593],[-45.721392,-15.111625],[-45.565705,-14.944415],[-45.454708,-14.95327],[-45.317622,-14.85212],[-45.316728,-14.831551],[-45.285265,-14.832028],[-45.205153,-14.744292],[-45.083056,-14.748568],[-45.039107,-14.67981],[-44.843013,-14.580372],[-44.858378,-14.571078],[-44.823935,-14.538935],[-44.832819,-14.499385],[-44.700879,-14.449341],[-44.687937,-14.416235],[-44.667565,-14.423398],[-44.658463,-14.395313],[-44.56515,-14.339617],[-44.486761,-14.328075],[-44.316068,-14.239909],[-44.247091,-14.259673],[-44.214657,-14.232851],[-44.172532,-14.266112],[-44.136854,-14.263705],[-44.135205,-14.28174],[-44.112184,-14.258284],[-44.034097,-14.288425],[-43.985963,-14.267109],[-43.941728,-14.304646],[-43.891711,-14.29528],[-43.782789,-14.338799],[-43.87347,-14.520136],[-43.883097,-14.652781],[-43.725848,-14.697713],[-43.719453,-14.729091],[-43.580212,-14.750364],[-43.536764,-14.783055],[-43.530985,-14.814849],[-43.474139,-14.789527],[-43.480849,-14.767446],[-43.434484,-14.722593],[-43.310822,-14.669298],[-43.175946,-14.650098],[-43.08337,-14.697544],[-43.065982,-14.680109],[-42.93848,-14.707578],[-42.92665,-14.743689],[-42.722958,-14.88516],[-42.624891,-14.944012],[-42.586747,-14.929893],[-42.475511,-15.016586],[-42.436397,-15.022263],[-42.442519,-15.060152],[-42.375684,-15.070794],[-42.354524,-15.097726],[-42.330804,-15.079507],[-42.264398,-15.12472],[-42.172924,-15.085499],[-42.091227,-15.186151],[-41.996603,-15.158923],[-41.932564,-15.172912],[-41.870582,-15.11608],[-41.800314,-15.100642],[-41.356026,-15.499831],[-41.330809,-15.744212],[-41.214882,-15.736791],[-41.143847,-15.771365],[-41.077163,-15.718827],[-41.003905,-15.711625],[-40.961884,-15.648427],[-40.881164,-15.69401],[-40.815248,-15.648014],[-40.767278,-15.713612],[-40.698962,-15.668161],[-40.644553,-15.728392],[-40.628998,-15.71525],[-40.6062,-15.736298],[-40.561657,-15.802818],[-40.460247,-15.75327],[-40.42464,-15.805243],[-40.376464,-15.823054],[-40.230469,-15.80329],[-40.199675,-15.862041],[-40.16571,-15.867911],[-40.170336,-15.907054],[-40.084627,-15.89666],[-40.065801,-15.959743],[-40.004039,-16.001371],[-39.915717,-16.000144],[-39.93529,-16.023278],[-39.856434,-16.113361],[-39.896561,-16.141132],[-39.882995,-16.194224],[-39.935489,-16.244534],[-39.916289,-16.283372],[-39.968271,-16.326597],[-39.990354,-16.312976],[-40.06793,-16.457938],[-40.083587,-16.463457],[-40.097578,-16.42217],[-40.170818,-16.523679],[-40.159458,-16.579837],[-40.234083,-16.558316],[-40.275115,-16.573557],[-40.309769,-16.735742],[-40.345099,-16.786795],[-40.257407,-16.80607],[-40.246509,-16.845267],[-40.281248,-16.900711],[-40.326683,-16.908865],[-40.366089,-16.873696],[-40.407162,-16.898218],[-40.490807,-16.884017],[-40.569629,-17.06143],[-40.556388,-17.089128],[-40.578305,-17.14833],[-40.552011,-17.198708],[-40.570768,-17.251742],[-40.547353,-17.283229],[-40.608602,-17.326473],[-40.599341,-17.389873],[-40.623079,-17.405503],[-40.520251,-17.446926],[-40.482602,-17.488036],[-40.460255,-17.568205],[-40.410282,-17.567749],[-40.41406,-17.609618],[-40.396414,-17.625124],[-40.371564,-17.611979],[-40.354262,-17.643795],[-40.347329,-17.614232],[-40.279962,-17.722306],[-40.223543,-17.733587],[-40.217677,-17.795179],[-40.174701,-17.852197],[-40.263082,-17.921507],[-40.222017,-17.979948],[-39.673821,-18.324258],[-39.670192,-18.348743],[-39.635565,-18.234362],[-39.553671,-18.102532],[-39.567193,-18.089973],[-39.549434,-18.095213],[-39.442743,-17.944413],[-39.27077,-17.871131],[-39.259887,-17.830241],[-39.135396,-17.687681],[-39.194443,-17.578954],[-39.212599,-17.168154],[-39.1655,-17.062335],[-39.152192,-16.941785],[-39.111526,-16.895192],[-39.14195,-16.865398],[-39.141006,-16.756671],[-39.107217,-16.709384],[-39.058195,-16.42711],[-39.008165,-16.375004],[-39.017241,-16.252269],[-38.948642,-16.15581],[-38.953091,-16.097982],[-38.856339,-15.860115],[-38.93647,-15.656409],[-38.993145,-15.295702],[-38.997779,-14.993614],[-39.024368,-14.805651],[-39.053142,-14.777755],[-39.065244,-14.705098],[-39.006243,-14.340401],[-38.981962,-14.295733],[-38.989126,-14.187299],[-38.927587,-13.938912],[-38.936177,-13.884737],[-38.999734,-13.783056],[-38.997504,-13.74407],[-38.966355,-13.670157],[-38.936616,-13.655094],[-38.913562,-13.673277],[-38.888232,-13.642959],[-38.934921,-13.559281],[-38.915777,-13.473857],[-38.88797,-13.447847],[-38.905846,-13.377464],[-38.9427,-13.395122],[-38.960703,-13.366968],[-38.96459,-13.283183],[-38.93212,-13.217421],[-38.654919,-13.029024],[-38.605473,-12.958591],[-38.615855,-12.930842],[-38.56176,-12.919511],[-38.582816,-12.999273],[-38.488732,-13.014093],[-38.347479,-12.950453],[-38.049109,-12.634461],[-37.622034,-11.994965],[-37.514729,-11.741572],[-37.342503,-11.443448],[-37.517548,-11.547579],[-37.578167,-11.551016],[-37.588375,-11.528193],[-37.650583,-11.518344],[-37.688166,-11.565807],[-37.702998,-11.540209],[-37.726676,-11.55236],[-37.81335,-11.513874],[-37.808742,-11.496368],[-37.862768,-11.464783],[-37.848653,-11.444653],[-37.880349,-11.43301],[-37.865528,-11.428022],[-37.89847,-11.436549],[-37.928795,-11.402989],[-37.943466,-11.423222],[-37.95245,-11.395491],[-37.977461,-11.39315],[-38.00298,-11.289069],[-37.973964,-11.194839],[-38.062554,-11.163393],[-38.106058,-11.015435],[-38.175647,-10.984872],[-38.184006,-10.94194],[-38.229144,-10.915496],[-38.245262,-10.822303],[-38.211549,-10.708731],[-38.057897,-10.708145],[-38.022931,-10.762646],[-37.999466,-10.763949],[-37.813529,-10.690617],[-37.840174,-10.549135],[-37.81265,-10.508062],[-37.858716,-10.426042],[-37.838582,-10.37874],[-37.736156,-10.331607],[-37.78253,-10.180215],[-37.776355,-10.135725],[-37.831385,-10.0005],[-37.95969,-9.969857],[-37.99726,-9.916292],[-37.966276,-9.815631],[-38.027805,-9.775656],[-38.042209,-9.715636],[-38.039507,-9.686172],[-37.987479,-9.646968],[-38.040108,-9.602122],[-38.00302,-9.51458],[-38.009357,-9.480153],[-38.078645,-9.440462],[-38.154557,-9.443],[-38.202893,-9.418237],[-38.194063,-9.385127],[-38.237084,-9.329271]]]},"properties":{"id":5,"name":"Bahia","sigla":"BA","regiao_id":"4","codigo_ibg":"29","cartodb_id":5,"created_at":"2015-02-09T16:46:01Z","updated_at":"2015-02-09T16:46:01Z"}},
{"type":"Feature","geometry":{"type":"Polygon","coordinates":[[[-40.018043,-2.836985],[-40.435529,-2.810916],[-40.499423,-2.784096],[-40.591589,-2.843331],[-40.759581,-2.849789],[-40.842832,-2.884254],[-40.861475,-2.855926],[-40.905704,-2.858508],[-41.101339,-2.900599],[-41.258416,-2.884046],[-41.322306,-2.920971],[-41.318686,-2.956991],[-41.271941,-2.970922],[-41.25675,-3.004292],[-41.256275,-3.087663],[-41.31878,-3.14499],[-41.423139,-3.367652],[-41.402325,-3.362039],[-41.388617,-3.412029],[-41.347591,-3.414268],[-41.327636,-3.488297],[-41.298837,-3.490666],[-41.323704,-3.50287],[-41.336491,-3.553535],[-41.370226,-3.566788],[-41.33096,-3.62446],[-41.34137,-3.680416],[-41.239101,-3.712209],[-41.253745,-3.77468],[-41.300438,-3.825942],[-41.276477,-3.825261],[-41.219862,-3.941146],[-41.254308,-4.035393],[-41.182673,-4.018353],[-41.114012,-4.040281],[-41.142796,-4.123882],[-41.117952,-4.164863],[-41.090514,-4.169968],[-41.135526,-4.233147],[-41.119793,-4.330202],[-41.159635,-4.381133],[-41.190395,-4.515162],[-41.242161,-4.571146],[-41.221078,-4.580012],[-41.228954,-4.619729],[-41.173903,-4.667095],[-41.249962,-4.756258],[-41.207639,-4.776401],[-41.248798,-4.868725],[-41.22028,-4.93721],[-41.137143,-4.984597],[-41.131425,-5.047694],[-41.096627,-5.052777],[-41.052036,-5.103033],[-41.033625,-5.090694],[-40.982088,-5.153151],[-40.925133,-5.181109],[-40.921654,-5.226081],[-40.941592,-5.23992],[-40.911436,-5.269166],[-40.913135,-5.319102],[-40.935726,-5.365588],[-40.911175,-5.407002],[-40.942079,-5.419857],[-40.915439,-5.465808],[-40.932006,-5.54852],[-40.900688,-5.615392],[-40.938392,-5.672964],[-40.874062,-5.974332],[-40.906727,-6.041363],[-40.872947,-6.055878],[-40.84653,-6.131713],[-40.851847,-6.223839],[-40.780745,-6.323861],[-40.804777,-6.392747],[-40.791747,-6.512477],[-40.721627,-6.617297],[-40.731554,-6.653683],[-40.606744,-6.713686],[-40.47586,-6.734121],[-40.431793,-6.81259],[-40.37021,-6.802665],[-40.428142,-6.863868],[-40.428933,-6.99424],[-40.405875,-7.004936],[-40.436803,-7.015677],[-40.427342,-7.033492],[-40.489363,-7.118301],[-40.511794,-7.301411],[-40.54113,-7.331874],[-40.548081,-7.392315],[-40.318951,-7.373985],[-40.27167,-7.391727],[-40.24606,-7.433332],[-39.961097,-7.388578],[-39.915167,-7.337808],[-39.662188,-7.310208],[-39.317183,-7.540886],[-39.277615,-7.606602],[-39.30651,-7.664686],[-39.271613,-7.660052],[-39.25217,-7.704534],[-39.207728,-7.689212],[-39.135257,-7.722986],[-39.102227,-7.770655],[-39.090918,-7.857785],[-39.017491,-7.813521],[-38.965739,-7.84459],[-38.939201,-7.758381],[-38.881014,-7.747049],[-38.869368,-7.711145],[-38.830268,-7.72],[-38.819312,-7.664439],[-38.742407,-7.659923],[-38.714717,-7.62152],[-38.710643,-7.586235],[-38.654944,-7.565145],[-38.631335,-7.484896],[-38.644538,-7.459619],[-38.584919,-7.434419],[-38.595171,-7.414157],[-38.534205,-7.293397],[-38.551433,-7.242808],[-38.594732,-7.246134],[-38.625684,-7.191187],[-38.687448,-7.189766],[-38.656027,-7.092035],[-38.66947,-7.047311],[-38.76462,-6.993504],[-38.74251,-6.974836],[-38.764833,-6.910524],[-38.675038,-6.861439],[-38.641144,-6.790381],[-38.617028,-6.793577],[-38.67277,-6.696831],[-38.611908,-6.512803],[-38.517528,-6.408346],[-38.601666,-6.389237],[-38.564007,-6.355795],[-38.578217,-6.279809],[-38.52791,-6.237049],[-38.526822,-6.192993],[-38.500944,-6.190559],[-38.446934,-6.084893],[-38.400714,-6.05325],[-38.36487,-6.08807],[-38.3464,-6.066894],[-38.304418,-6.086582],[-38.276625,-6.069567],[-38.244118,-5.999075],[-38.164332,-5.945699],[-38.124554,-5.887229],[-38.11848,-5.832452],[-38.04669,-5.730028],[-38.088566,-5.727706],[-38.082335,-5.672168],[-38.033884,-5.636771],[-37.98965,-5.555416],[-37.901598,-5.497133],[-37.847084,-5.339646],[-37.782719,-5.294437],[-37.789642,-5.210564],[-37.764566,-5.139239],[-37.723672,-5.069471],[-37.677261,-5.052997],[-37.639945,-4.926029],[-37.251574,-4.832043],[-37.324909,-4.701287],[-37.498672,-4.625534],[-37.540066,-4.643885],[-37.592569,-4.625231],[-37.728987,-4.49682],[-37.769632,-4.40116],[-37.850912,-4.378963],[-38.013328,-4.246088],[-38.270868,-3.946197],[-38.302599,-3.943086],[-38.363867,-3.881482],[-38.471724,-3.707322],[-38.498763,-3.724841],[-38.666507,-3.674369],[-38.811944,-3.540874],[-38.908651,-3.504168],[-38.994576,-3.397091],[-39.039448,-3.41083],[-39.083157,-3.393191],[-39.252153,-3.221755],[-39.364546,-3.173435],[-39.383965,-3.183761],[-39.589485,-3.070441],[-39.619051,-3.025967],[-39.713597,-2.999528],[-39.886304,-2.884359],[-39.99941,-2.842737],[-40.018043,-2.836985]]]},"properties":{"id":6,"name":"Ceará","sigla":"CE","regiao_id":"4","codigo_ibg":"23","cartodb_id":6,"created_at":"2015-02-09T16:46:01Z","updated_at":"2015-02-09T16:46:01Z"}},
{"type":"Feature","geometry":{"type":"Polygon","coordinates":[[[-40.723829,-20.841778],[-40.645291,-20.78601],[-40.627279,-20.840849],[-40.472407,-20.654176],[-40.460722,-20.623091],[-40.423668,-20.63522],[-40.358345,-20.518224],[-40.268723,-20.324475],[-40.289231,-20.322985],[-40.285524,-20.27685],[-40.258315,-20.266554],[-40.237226,-20.289066],[-40.197382,-20.216341],[-40.171087,-20.10916],[-40.190305,-20.056034],[-40.158502,-20.037785],[-40.139262,-19.948668],[-39.983066,-19.738855],[-39.807,-19.64766],[-39.729039,-19.465404],[-39.688553,-19.305828],[-39.749915,-18.841233],[-39.746562,-18.705674],[-39.728156,-18.499897],[-39.670192,-18.348743],[-39.673821,-18.324258],[-40.222017,-17.979948],[-40.333556,-17.92688],[-40.463787,-17.92772],[-40.52664,-17.891464],[-40.613048,-17.939248],[-40.625541,-17.98885],[-40.70415,-18.022872],[-40.830155,-17.953704],[-40.862726,-17.987823],[-40.882317,-17.97007],[-40.902196,-17.986994],[-40.772902,-18.10708],[-40.771099,-18.155441],[-40.849462,-18.146956],[-40.89271,-18.107399],[-40.949604,-18.128805],[-40.954138,-18.154014],[-40.986636,-18.146295],[-40.989075,-18.170169],[-41.055643,-18.166124],[-41.104048,-18.212797],[-41.096073,-18.255097],[-41.158438,-18.308275],[-41.145485,-18.373381],[-41.162142,-18.390281],[-41.144336,-18.405766],[-41.181624,-18.438594],[-41.023539,-18.456692],[-41.032573,-18.617747],[-41.052706,-18.628239],[-40.943239,-18.687094],[-40.916547,-18.814972],[-40.963512,-18.840684],[-41.097074,-18.841825],[-41.133728,-18.795555],[-41.232142,-18.796794],[-41.243474,-18.84308],[-41.214383,-18.877152],[-41.208024,-18.854564],[-41.165966,-18.857746],[-41.103273,-18.933574],[-41.038368,-18.979924],[-41.017966,-18.973054],[-41.071387,-19.023361],[-41.05345,-19.068377],[-41.012201,-19.075313],[-40.962491,-19.12107],[-40.926336,-19.188793],[-40.940755,-19.23167],[-40.919548,-19.270942],[-40.944095,-19.279059],[-40.907301,-19.308324],[-40.96721,-19.427168],[-40.94447,-19.459626],[-40.971835,-19.504804],[-41.045368,-19.487491],[-41.03643,-19.568302],[-41.168069,-19.671731],[-41.190394,-19.74639],[-41.16554,-19.791973],[-41.184476,-19.888469],[-41.24377,-19.936391],[-41.307512,-19.947845],[-41.307688,-20.012525],[-41.381706,-20.188318],[-41.411293,-20.206186],[-41.756348,-20.206372],[-41.780621,-20.292051],[-41.846733,-20.328993],[-41.858371,-20.372478],[-41.797829,-20.434524],[-41.803905,-20.543591],[-41.855737,-20.614006],[-41.808382,-20.643747],[-41.860644,-20.706253],[-41.874501,-20.766324],[-41.813448,-20.804775],[-41.755267,-20.807047],[-41.741324,-20.871379],[-41.711998,-20.871073],[-41.736005,-20.927984],[-41.710368,-20.990953],[-41.735717,-21.102283],[-41.707457,-21.106648],[-41.717586,-21.123331],[-41.587396,-21.148311],[-41.565311,-21.182236],[-41.478837,-21.181751],[-41.447527,-21.213638],[-41.377109,-21.195249],[-41.276665,-21.239754],[-41.240871,-21.220665],[-41.160566,-21.245512],[-41.09203,-21.218159],[-41.040982,-21.254669],[-41.006026,-21.251673],[-40.994867,-21.285098],[-40.957184,-21.302959],[-40.953224,-21.237192],[-40.855965,-21.127554],[-40.800628,-21.004651],[-40.803538,-20.943057],[-40.723829,-20.841778]]]},"properties":{"id":8,"name":"Espírito Santo","sigla":"ES","regiao_id":"2","codigo_ibg":"32","cartodb_id":8,"created_at":"2015-02-09T16:46:01Z","updated_at":"2015-02-09T16:46:01Z"}},
{"type":"Feature","geometry":{"type":"Polygon","coordinates":[[[-46.113889,-12.917537],[-46.194124,-12.95624],[-46.363444,-12.990788],[-46.365765,-12.864423],[-46.417186,-12.823042],[-46.45422,-12.970722],[-46.750177,-12.968724],[-46.819264,-13.002039],[-46.854547,-13.066533],[-46.892487,-13.052791],[-46.978435,-13.131143],[-46.999967,-13.121175],[-47.086911,-13.181989],[-47.132154,-13.178071],[-47.15261,-13.209539],[-47.182414,-13.187673],[-47.228716,-13.194438],[-47.281713,-13.264477],[-47.377296,-13.23018],[-47.426534,-13.289007],[-47.454131,-13.249435],[-47.43532,-13.226669],[-47.486681,-13.219816],[-47.478448,-13.184709],[-47.562632,-13.183799],[-47.560907,-13.124241],[-47.63434,-13.104065],[-47.668457,-13.208973],[-47.640043,-13.262775],[-47.661765,-13.303418],[-47.649686,-13.350817],[-47.62229,-13.36723],[-47.678542,-13.46728],[-47.823547,-13.311435],[-47.883133,-13.320078],[-47.935435,-13.29029],[-47.965877,-13.314826],[-47.985707,-13.277895],[-48.022123,-13.279405],[-48.062013,-13.234968],[-48.082573,-13.288347],[-48.164957,-13.305356],[-48.145442,-13.152767],[-48.173492,-13.147675],[-48.441266,-13.291938],[-48.474827,-13.235304],[-48.472106,-13.142345],[-48.508419,-13.128422],[-48.554159,-13.204538],[-48.553158,-13.301548],[-48.58596,-13.317182],[-48.600122,-13.238197],[-48.578216,-13.12616],[-48.601652,-13.059894],[-48.67412,-12.994844],[-48.730296,-12.989361],[-48.736125,-12.920598],[-48.841907,-12.843977],[-48.857053,-12.804994],[-48.975176,-12.956771],[-49.024068,-12.906177],[-49.077627,-12.903279],[-49.067068,-12.846911],[-49.105767,-12.835679],[-49.118631,-12.789931],[-49.236963,-12.883541],[-49.353938,-13.10256],[-49.3395,-13.235997],[-49.369037,-13.274169],[-49.912912,-12.965565],[-50.078432,-12.905513],[-50.182961,-12.896345],[-50.231076,-12.853677],[-50.292184,-12.839493],[-50.310817,-12.798122],[-50.28377,-12.717761],[-50.299642,-12.680466],[-50.266355,-12.68203],[-50.234495,-12.577387],[-50.192711,-12.563885],[-50.229263,-12.531938],[-50.215575,-12.485135],[-50.142216,-12.39551],[-50.17463,-12.423309],[-50.196122,-12.412919],[-50.18369,-12.429883],[-50.207149,-12.448386],[-50.36546,-12.545645],[-50.391952,-12.611515],[-50.418186,-12.624181],[-50.411241,-12.645753],[-50.440405,-12.652849],[-50.434909,-12.693889],[-50.477597,-12.709527],[-50.467842,-12.735668],[-50.485547,-12.748149],[-50.468069,-12.754976],[-50.510606,-12.860278],[-50.525463,-12.975996],[-50.592539,-13.002431],[-50.568708,-13.038705],[-50.610289,-13.062646],[-50.584228,-13.223158],[-50.606737,-13.310428],[-50.665183,-13.375709],[-50.664989,-13.441854],[-50.762984,-13.529582],[-50.80349,-13.690536],[-50.871321,-13.73266],[-50.840959,-13.86249],[-50.865111,-13.979785],[-50.833177,-14.089412],[-50.868577,-14.1252],[-50.917014,-14.114384],[-50.912873,-14.169352],[-50.974791,-14.290422],[-50.998599,-14.418798],[-50.962402,-14.526629],[-51.053485,-14.746226],[-51.043667,-14.7927],[-51.089349,-14.840725],[-51.085531,-14.917279],[-51.242127,-15.03496],[-51.290016,-15.033891],[-51.322129,-14.971375],[-51.376323,-15.012427],[-51.425682,-15.007633],[-51.477267,-15.056283],[-51.521762,-15.057991],[-51.597764,-15.155006],[-51.651614,-15.179438],[-51.667542,-15.245907],[-51.646458,-15.267507],[-51.687818,-15.308417],[-51.670899,-15.371289],[-51.697148,-15.409551],[-51.699496,-15.484091],[-51.734981,-15.51043],[-51.727322,-15.550161],[-51.775811,-15.537214],[-51.762485,-15.645193],[-51.87912,-15.824951],[-51.946349,-15.81012],[-52.007555,-15.885037],[-52.252232,-15.892651],[-52.327268,-16.068151],[-52.52504,-16.140115],[-52.548123,-16.164674],[-52.545204,-16.222945],[-52.568804,-16.230281],[-52.546811,-16.260846],[-52.575929,-16.249511],[-52.623014,-16.286934],[-52.656567,-16.279723],[-52.686431,-16.315038],[-52.687903,-16.395856],[-52.642956,-16.412297],[-52.603901,-16.464214],[-52.612098,-16.501679],[-52.637065,-16.502469],[-52.635262,-16.551188],[-52.668125,-16.550064],[-52.67501,-16.584549],[-52.703645,-16.570809],[-52.706253,-16.597827],[-52.738953,-16.589367],[-52.715205,-16.638819],[-52.74637,-16.630264],[-52.739932,-16.656353],[-52.770761,-16.668066],[-52.761256,-16.705841],[-52.785484,-16.740745],[-52.881787,-16.775664],[-52.907179,-16.809826],[-52.932148,-16.802424],[-52.926615,-16.840571],[-52.966697,-16.868175],[-53.010827,-16.85757],[-53.039121,-16.911513],[-53.072045,-17.050148],[-53.055517,-17.069923],[-53.118626,-17.112774],[-53.218139,-17.298858],[-53.197017,-17.380892],[-53.232932,-17.440485],[-53.250706,-17.618628],[-53.23784,-17.713691],[-53.168122,-17.765811],[-53.13093,-17.916395],[-53.069568,-17.986086],[-53.071484,-18.039018],[-53.142735,-18.081387],[-53.100667,-18.309687],[-53.069433,-18.342428],[-53.024318,-18.350153],[-52.948908,-18.296119],[-52.82094,-18.310605],[-52.758375,-18.348349],[-52.798011,-18.414407],[-52.873277,-18.427667],[-52.880456,-18.465039],[-52.961848,-18.540364],[-52.916123,-18.638707],[-52.749107,-18.690316],[-52.592368,-18.689436],[-52.552536,-18.656532],[-52.44862,-18.690507],[-52.344188,-18.821079],[-52.180977,-18.847455],[-52.080869,-18.950448],[-52.044737,-18.950043],[-52.015101,-18.98232],[-51.939823,-18.967488],[-51.854366,-19.05093],[-51.657456,-19.137458],[-51.577423,-19.127812],[-51.419986,-19.166075],[-51.368983,-19.220228],[-51.307323,-19.218068],[-51.251725,-19.273613],[-51.202737,-19.260566],[-51.087475,-19.307867],[-51.01751,-19.383411],[-51.030236,-19.400973],[-50.98457,-19.409947],[-50.935323,-19.467213],[-50.841692,-19.498685],[-50.826205,-19.487001],[-50.87487,-19.42237],[-50.816638,-19.289363],[-50.74724,-19.235359],[-50.732984,-19.185341],[-50.680173,-19.172735],[-50.677225,-19.139227],[-50.584544,-19.136925],[-50.53704,-19.098939],[-50.498262,-19.033565],[-50.508662,-18.936965],[-50.441094,-18.890323],[-50.420656,-18.8307],[-50.376259,-18.811918],[-50.30888,-18.697987],[-50.163811,-18.663889],[-50.079568,-18.671781],[-50.016113,-18.599377],[-49.783217,-18.64088],[-49.769808,-18.612343],[-49.686448,-18.589742],[-49.639648,-18.599759],[-49.647524,-18.558406],[-49.557564,-18.545895],[-49.53537,-18.493183],[-49.492384,-18.496112],[-49.481358,-18.560567],[-49.41626,-18.638086],[-49.378284,-18.641881],[-49.329799,-18.565055],[-49.292127,-18.563544],[-49.24863,-18.522201],[-49.192624,-18.447322],[-49.205198,-18.411329],[-49.157678,-18.413425],[-49.10834,-18.383382],[-49.076574,-18.416316],[-48.93631,-18.305744],[-48.831621,-18.34567],[-48.815893,-18.379193],[-48.755281,-18.343916],[-48.560952,-18.323421],[-48.515186,-18.365951],[-48.484347,-18.353166],[-48.479183,-18.379235],[-48.405259,-18.355879],[-48.313173,-18.384374],[-48.314488,-18.363692],[-48.261949,-18.331418],[-48.1609,-18.371769],[-48.11417,-18.426097],[-48.055367,-18.412778],[-48.006024,-18.453881],[-47.980452,-18.442394],[-47.954481,-18.499815],[-47.913817,-18.466111],[-47.867726,-18.47393],[-47.858363,-18.439896],[-47.831483,-18.449315],[-47.808671,-18.400405],[-47.778563,-18.423666],[-47.74742,-18.411141],[-47.740116,-18.363374],[-47.701923,-18.378673],[-47.65712,-18.327339],[-47.625733,-18.33383],[-47.610809,-18.314924],[-47.638318,-18.287211],[-47.567117,-18.203397],[-47.538271,-18.194527],[-47.533288,-18.23024],[-47.517755,-18.19841],[-47.429589,-18.165347],[-47.428337,-18.138819],[-47.396422,-18.141398],[-47.357346,-18.084557],[-47.282756,-18.057769],[-47.37261,-17.829485],[-47.313236,-17.698553],[-47.269967,-17.67401],[-47.266424,-17.608627],[-47.330481,-17.524378],[-47.399327,-17.512475],[-47.453161,-17.536734],[-47.477067,-17.51127],[-47.49204,-17.525979],[-47.513857,-17.460343],[-47.540735,-17.453844],[-47.511202,-17.331282],[-47.44034,-17.347241],[-47.454568,-17.330222],[-47.421261,-17.315507],[-47.434011,-17.275758],[-47.362198,-17.222248],[-47.362596,-17.186033],[-47.339728,-17.186927],[-47.35154,-17.166038],[-47.282263,-17.14364],[-47.247283,-17.081311],[-47.18165,-17.063496],[-47.184005,-17.035502],[-47.146538,-17.030325],[-47.131315,-17.009977],[-47.15068,-16.996894],[-47.126161,-16.980106],[-47.166145,-16.952179],[-47.159797,-16.921629],[-47.196277,-16.909037],[-47.193078,-16.824748],[-47.219734,-16.806369],[-47.249709,-16.666359],[-47.318094,-16.603103],[-47.333898,-16.616673],[-47.342409,-16.592724],[-47.412427,-16.575405],[-47.405433,-16.555235],[-47.443965,-16.540311],[-47.458136,-16.501765],[-47.426728,-16.393706],[-47.365828,-16.331044],[-47.322016,-16.230863],[-47.351626,-16.131507],[-47.33269,-16.085434],[-47.310899,-16.087679],[-47.308367,-16.050078],[-48.278674,-16.051101],[-48.251511,-15.942599],[-48.276316,-15.930093],[-48.286648,-15.842687],[-48.20562,-15.741003],[-48.207041,-15.717894],[-48.240373,-15.706534],[-48.232538,-15.638692],[-48.199872,-15.621412],[-48.197192,-15.500511],[-47.416906,-15.499863],[-47.417289,-15.546381],[-47.31543,-15.593974],[-47.332682,-15.629463],[-47.31371,-15.746782],[-47.36551,-15.827737],[-47.37645,-15.977942],[-47.308609,-16.035491],[-47.276092,-16.005712],[-47.219088,-16.01379],[-47.141512,-15.926185],[-47.134127,-15.949738],[-47.086572,-15.960395],[-46.811723,-15.885109],[-46.854352,-15.619905],[-46.948659,-15.554148],[-46.930029,-15.442643],[-46.84904,-15.372715],[-46.86904,-15.361025],[-46.836466,-15.322149],[-46.888881,-15.281798],[-46.891768,-15.234878],[-46.927214,-15.254647],[-46.940486,-15.22919],[-46.888711,-15.111191],[-46.925598,-15.073117],[-46.918317,-15.049421],[-46.85646,-15.009818],[-46.78142,-15.018878],[-46.625006,-15.089069],[-46.50217,-15.05181],[-46.546101,-14.924998],[-46.521124,-14.85073],[-46.565456,-14.785928],[-46.509847,-14.737816],[-46.502907,-14.703965],[-46.321767,-14.814134],[-46.324484,-14.847342],[-46.30004,-14.857633],[-46.318903,-14.899996],[-46.286411,-14.9277],[-46.23327,-14.92108],[-46.176046,-14.948604],[-46.16099,-14.905727],[-46.087711,-14.935946],[-46.036986,-14.873636],[-46.052396,-14.830925],[-46.007628,-14.792753],[-46.001914,-14.712779],[-46.028178,-14.681536],[-45.989323,-14.658745],[-45.994854,-14.54231],[-45.976655,-14.538397],[-46.00384,-14.515374],[-46.016355,-14.418867],[-45.97461,-14.431362],[-45.93492,-14.414895],[-45.906861,-14.352935],[-45.942547,-14.342251],[-45.995624,-14.256782],[-46.060597,-14.232078],[-46.063069,-14.193118],[-46.095795,-14.205048],[-46.117708,-14.159931],[-46.185214,-14.151416],[-46.201762,-14.119187],[-46.265352,-14.097523],[-46.224773,-14.069183],[-46.247985,-14.056096],[-46.209574,-14.012412],[-46.220828,-13.972409],[-46.267705,-13.943318],[-46.234058,-13.848549],[-46.28202,-13.79605],[-46.223165,-13.769034],[-46.266462,-13.739887],[-46.235936,-13.707791],[-46.260326,-13.686802],[-46.161537,-13.590492],[-46.183868,-13.566624],[-46.235072,-13.562471],[-46.229821,-13.480998],[-46.205379,-13.464854],[-46.242457,-13.429489],[-46.048046,-13.308765],[-46.041738,-13.272236],[-46.063382,-13.260869],[-46.278959,-13.347464],[-46.315491,-13.302738],[-46.298161,-13.253245],[-46.330711,-13.249103],[-46.291648,-13.147429],[-46.322236,-13.097851],[-46.272949,-13.014522],[-46.125415,-12.961044],[-46.113889,-12.917537]]]},"properties":{"id":9,"name":"Goiás","sigla":"GO","regiao_id":"5","codigo_ibg":"52","cartodb_id":9,"created_at":"2015-02-09T16:46:01Z","updated_at":"2015-02-09T16:46:01Z"}},
{"type":"Feature","geometry":{"type":"MultiPolygon","coordinates":[[[[-47.031021,-8.98549],[-47.068072,-9.011622],[-47.043053,-9.026149],[-47.068303,-9.063475],[-47.006912,-9.081794],[-46.92223,-9.0663],[-46.925878,-9.134542],[-46.894068,-9.122583],[-46.851992,-9.154049],[-46.850275,-9.191437],[-46.822356,-9.198644],[-46.818518,-9.259656],[-46.846635,-9.292022],[-46.767886,-9.365102],[-46.762939,-9.40855],[-46.665546,-9.391517],[-46.632356,-9.411185],[-46.649138,-9.443686],[-46.627163,-9.465318],[-46.560548,-9.483629],[-46.575262,-9.517144],[-46.5374,-9.557383],[-46.591133,-9.586598],[-46.612631,-9.665405],[-46.65291,-9.693039],[-46.646991,-9.729945],[-46.575719,-9.757599],[-46.576579,-9.804772],[-46.511726,-9.798577],[-46.49322,-9.827016],[-46.455986,-10.049472],[-46.383468,-10.119959],[-46.367463,-10.168403],[-46.327097,-10.183284],[-46.210496,-10.169309],[-46.164216,-10.212492],[-46.099302,-10.21249],[-46.027854,-10.17646],[-46.003128,-10.260517],[-45.945953,-10.258155],[-45.954872,-10.218032],[-45.878121,-10.10989],[-45.841865,-9.941148],[-45.865856,-9.87031],[-45.820999,-9.77272],[-45.8376,-9.69605],[-45.819532,-9.61795],[-45.841001,-9.561897],[-45.783406,-9.479703],[-45.823745,-9.374542],[-45.893256,-9.341779],[-45.896655,-9.186113],[-45.927656,-9.137514],[-45.943042,-9.014915],[-45.993873,-8.926466],[-45.934583,-8.7787],[-45.839528,-8.71488],[-45.815129,-8.632828],[-45.765218,-8.609179],[-45.79336,-8.584002],[-45.760948,-8.561439],[-45.731313,-8.415241],[-45.687117,-8.355156],[-45.661138,-8.249623],[-45.58105,-8.155652],[-45.561016,-8.047507],[-45.575871,-8.028697],[-45.549417,-8.014095],[-45.566669,-7.996736],[-45.555737,-7.953927],[-45.523217,-7.911802],[-45.539958,-7.864306],[-45.48953,-7.786143],[-45.496078,-7.749908],[-45.455584,-7.670276],[-45.434842,-7.675332],[-45.393663,-7.612621],[-45.373231,-7.618393],[-45.339354,-7.579855],[-45.232674,-7.549534],[-45.217738,-7.567459],[-45.155041,-7.513091],[-45.04451,-7.510844],[-44.924034,-7.4699],[-44.900986,-7.425645],[-44.868535,-7.421896],[-44.816324,-7.360815],[-44.780548,-7.37783],[-44.742567,-7.361833],[-44.729488,-7.390652],[-44.687572,-7.394145],[-44.662945,-7.331419],[-44.616326,-7.307511],[-44.563663,-7.227144],[-44.379632,-7.118637],[-44.305797,-7.116782],[-44.261581,-6.998338],[-44.2355,-6.99835],[-44.119498,-6.832404],[-44.102831,-6.852758],[-44.113928,-6.804673],[-44.069297,-6.820993],[-44.032993,-6.76002],[-43.960811,-6.741513],[-43.928052,-6.771091],[-43.794986,-6.702513],[-43.715621,-6.698807],[-43.58398,-6.7571],[-43.560446,-6.749547],[-43.481557,-6.834714],[-43.419644,-6.843448],[-43.244301,-6.765967],[-43.145638,-6.782716],[-43.081722,-6.747696],[-43.000776,-6.754076],[-42.919385,-6.669924],[-42.871432,-6.511559],[-42.877362,-6.417484],[-42.828943,-6.337041],[-42.8598,-6.330165],[-42.846612,-6.282113],[-42.866743,-6.234282],[-42.968194,-6.177875],[-42.98213,-6.129111],[-43.049587,-6.099368],[-43.074595,-6.054348],[-43.049361,-5.993384],[-43.099029,-5.900712],[-43.077214,-5.864768],[-43.096252,-5.829572],[-43.100941,-5.765103],[-43.077155,-5.731244],[-43.098607,-5.632817],[-43.080251,-5.599474],[-43.03421,-5.591883],[-42.962086,-5.446092],[-42.825925,-5.346574],[-42.811967,-5.281829],[-42.827104,-5.23344],[-42.797558,-5.182848],[-42.859189,-4.98187],[-42.854396,-4.936649],[-42.895895,-4.887541],[-42.89712,-4.842324],[-42.949395,-4.790325],[-42.920286,-4.736038],[-42.954199,-4.689096],[-42.874286,-4.581709],[-42.85005,-4.480991],[-42.876014,-4.46368],[-42.887312,-4.411443],[-42.962921,-4.376049],[-42.988804,-4.233691],[-42.935596,-4.161382],[-42.887906,-4.155103],[-42.902667,-4.123984],[-42.862544,-4.092509],[-42.823258,-3.991836],[-42.797528,-3.996248],[-42.784742,-3.957601],[-42.725816,-3.909646],[-42.66831,-3.790549],[-42.675365,-3.675239],[-42.609343,-3.585774],[-42.572087,-3.569135],[-42.497976,-3.447375],[-42.45831,-3.485303],[-42.431886,-3.454254],[-42.409294,-3.474856],[-42.392272,-3.447226],[-42.330421,-3.433506],[-42.298411,-3.452583],[-42.20399,-3.435414],[-42.18998,-3.395216],[-42.151811,-3.387118],[-42.099748,-3.311033],[-42.13219,-3.28971],[-42.115443,-3.261972],[-42.009922,-3.245962],[-41.964071,-3.178633],[-41.938667,-3.187008],[-41.922366,-3.107575],[-41.823894,-3.024143],[-41.796411,-2.966204],[-41.86511,-2.87453],[-41.840738,-2.818188],[-41.848666,-2.773167],[-41.813728,-2.738959],[-41.823449,-2.718938],[-42.005889,-2.714656],[-42.024095,-2.7583],[-42.050221,-2.688759],[-42.211695,-2.683683],[-42.212442,-2.701305],[-42.22781,-2.666752],[-42.368443,-2.710323],[-42.483703,-2.692123],[-42.478749,-2.711717],[-42.504075,-2.679877],[-42.544029,-2.686949],[-42.597722,-2.659648],[-42.737492,-2.550376],[-42.693022,-2.586499],[-42.694724,-2.647677],[-42.698767,-2.590767],[-42.744241,-2.557435],[-42.792777,-2.559658],[-43.184776,-2.373164],[-43.304082,-2.338504],[-43.43647,-2.33092],[-43.491542,-2.371156],[-43.565299,-2.246642],[-43.614769,-2.219012],[-43.728151,-2.287612],[-43.760669,-2.354629],[-43.747404,-2.372983],[-43.784092,-2.341577],[-43.826807,-2.360928],[-43.924593,-2.510509],[-43.999583,-2.578304],[-43.958428,-2.481912],[-44.101168,-2.4643],[-44.072424,-2.436226],[-44.021883,-2.449883],[-44.022443,-2.397911],[-44.325584,-2.499677],[-44.412392,-2.412709],[-44.385338,-2.407401],[-44.35553,-2.338767],[-44.392581,-2.222693],[-44.409389,-2.229354],[-44.414446,-2.22791],[-44.409389,-2.229354],[-44.395555,-2.213196],[-44.438763,-2.190683],[-44.433581,-2.167085],[-44.499196,-2.141422],[-44.499947,-2.053401],[-44.465553,-2.015744],[-44.496252,-2.007403],[-44.486838,-1.975084],[-44.518621,-1.95415],[-44.487477,-1.966634],[-44.48747,-1.944881],[-44.522768,-1.882047],[-44.52821,-1.908658],[-44.546026,-1.889755],[-44.571443,-1.914937],[-44.573789,-1.894304],[-44.599249,-1.897009],[-44.529463,-1.837879],[-44.545371,-1.821174],[-44.566706,-1.852134],[-44.56983,-1.797126],[-44.593728,-1.813341],[-44.583374,-1.859488],[-44.598518,-1.854721],[-44.613755,-1.830106],[-44.632776,-1.828773],[-44.634074,-1.783859],[-44.593409,-1.743669],[-44.654696,-1.720517],[-44.646572,-1.76427],[-44.649441,-1.783371],[-44.646572,-1.76427],[-44.669659,-1.802227],[-44.659598,-1.743395],[-44.663773,-1.767063],[-44.72646,-1.800997],[-44.716372,-1.782484],[-44.81366,-1.814537],[-44.696758,-1.737646],[-44.701064,-1.718965],[-44.772278,-1.710713],[-44.756095,-1.728143],[-44.784022,-1.74541],[-44.756095,-1.728143],[-44.804372,-1.704313],[-44.773391,-1.692282],[-44.779871,-1.675334],[-44.699933,-1.640974],[-44.656899,-1.665966],[-44.642346,-1.623917],[-44.673117,-1.565962],[-44.69777,-1.593221],[-44.719367,-1.612353],[-44.697943,-1.552923],[-44.74743,-1.587768],[-44.757305,-1.625536],[-44.76185,-1.561073],[-44.789523,-1.588036],[-44.772239,-1.630711],[-44.797829,-1.659171],[-44.777363,-1.624428],[-44.821114,-1.574971],[-44.845467,-1.623949],[-44.866252,-1.602814],[-44.897584,-1.613394],[-44.906615,-1.547698],[-44.851763,-1.492162],[-44.87925,-1.481733],[-44.846358,-1.488455],[-44.840405,-1.458147],[-44.827886,-1.487595],[-44.834508,-1.448333],[-44.810229,-1.429735],[-44.824872,-1.413155],[-44.868744,-1.425249],[-44.868993,-1.457724],[-44.880616,-1.443249],[-44.920455,-1.479408],[-44.90435,-1.489788],[-44.946378,-1.491548],[-44.951807,-1.499493],[-44.946378,-1.491548],[-44.945411,-1.476406],[-44.958207,-1.514848],[-45.004234,-1.481371],[-45.039467,-1.499781],[-45.063832,-1.4806],[-45.064788,-1.502232],[-45.063832,-1.4806],[-45.070153,-1.453052],[-45.068669,-1.466032],[-45.077929,-1.486976],[-45.078153,-1.480761],[-45.099882,-1.478884],[-45.091467,-1.503087],[-45.102751,-1.491354],[-45.103876,-1.478782],[-45.096906,-1.468196],[-45.101025,-1.360215],[-45.10648,-1.393977],[-45.103678,-1.402188],[-45.129699,-1.459079],[-45.122229,-1.514095],[-45.128603,-1.529149],[-45.126242,-1.511479],[-45.14528,-1.522558],[-45.127418,-1.507517],[-45.142523,-1.491073],[-45.14317,-1.462671],[-45.180144,-1.523444],[-45.196345,-1.513667],[-45.233788,-1.548567],[-45.247573,-1.622345],[-45.309027,-1.600268],[-45.338406,-1.732439],[-45.3594,-1.728479],[-45.357402,-1.679308],[-45.371544,-1.685203],[-45.364594,-1.674356],[-45.297664,-1.494176],[-45.321766,-1.473398],[-45.326354,-1.50596],[-45.337192,-1.474636],[-45.374376,-1.54899],[-45.345293,-1.469544],[-45.384163,-1.484588],[-45.379187,-1.514356],[-45.387851,-1.481401],[-45.300166,-1.422195],[-45.310479,-1.41381],[-45.300166,-1.422195],[-45.300241,-1.344313],[-45.342925,-1.307268],[-45.359226,-1.322494],[-45.328001,-1.3522],[-45.334188,-1.356942],[-45.338848,-1.349821],[-45.349091,-1.341601],[-45.371229,-1.362547],[-45.372574,-1.391217],[-45.364656,-1.376542],[-45.347083,-1.392721],[-45.36474,-1.381202],[-45.403512,-1.44919],[-45.408421,-1.433747],[-45.418897,-1.47113],[-45.415973,-1.415272],[-45.459871,-1.476256],[-45.443181,-1.542735],[-45.480769,-1.533396],[-45.449864,-1.517152],[-45.484236,-1.47532],[-45.488071,-1.431251],[-45.467237,-1.373113],[-45.410363,-1.343368],[-45.409746,-1.289303],[-45.465205,-1.319421],[-45.465892,-1.349643],[-45.490521,-1.379468],[-45.476319,-1.336966],[-45.515138,-1.406052],[-45.502054,-1.291117],[-45.551043,-1.3508],[-45.55761,-1.328899],[-45.554294,-1.317899],[-45.526622,-1.266688],[-45.58839,-1.30735],[-45.579919,-1.257056],[-45.613589,-1.278082],[-45.628712,-1.365428],[-45.693154,-1.369869],[-45.685833,-1.396938],[-45.718669,-1.403679],[-45.702451,-1.389468],[-45.70028,-1.358071],[-45.717845,-1.377402],[-45.738825,-1.382167],[-45.719746,-1.375255],[-45.701396,-1.353705],[-45.677577,-1.344425],[-45.697616,-1.312859],[-45.728212,-1.340714],[-45.69483,-1.267578],[-45.718978,-1.231284],[-45.738034,-1.237025],[-45.679288,-1.148166],[-45.69118,-1.127654],[-45.736033,-1.134408],[-45.779607,-1.264607],[-45.804467,-1.2506],[-45.839126,-1.283542],[-45.81443,-1.254715],[-45.796257,-1.159016],[-45.823153,-1.17924],[-45.81211,-1.218288],[-45.831028,-1.193418],[-45.862037,-1.270548],[-45.856826,-1.252719],[-45.879847,-1.259904],[-45.847115,-1.209048],[-45.90432,-1.222575],[-45.865319,-1.201626],[-45.861357,-1.151206],[-45.884493,-1.15461],[-45.901734,-1.193144],[-45.907908,-1.176264],[-45.838668,-1.100836],[-45.845856,-1.045085],[-45.871157,-1.060836],[-45.857606,-1.070404],[-45.886308,-1.091772],[-45.948063,-1.238292],[-45.941831,-1.138206],[-45.993946,-1.162085],[-45.989784,-1.137751],[-45.952392,-1.123161],[-45.961082,-1.1078],[-45.981634,-1.122125],[-45.97029,-1.0869],[-45.988235,-1.089826],[-45.957895,-1.084791],[-45.978858,-1.06664],[-45.964677,-1.046262],[-45.98709,-1.046349],[-45.999056,-1.089274],[-46.015117,-1.064811],[-46.045646,-1.120806],[-46.03985,-1.172569],[-46.055939,-1.131249],[-46.076666,-1.195909],[-46.103738,-1.201748],[-46.150725,-1.224448],[-46.14027,-1.249235],[-46.162483,-1.277969],[-46.128885,-1.333719],[-46.103838,-1.336605],[-46.155572,-1.421217],[-46.139091,-1.444062],[-46.176215,-1.475021],[-46.131559,-1.578472],[-46.159574,-1.624246],[-46.153206,-1.675556],[-46.217796,-1.726688],[-46.304677,-1.727392],[-46.32356,-1.765203],[-46.306583,-1.803942],[-46.25748,-1.792574],[-46.214901,-1.818131],[-46.24225,-1.88101],[-46.218159,-1.912881],[-46.272975,-2.058399],[-46.268471,-2.111506],[-46.296604,-2.142933],[-46.280222,-2.152558],[-46.376111,-2.247002],[-46.431918,-2.239473],[-46.421412,-2.28923],[-46.464448,-2.370999],[-46.408372,-2.369808],[-46.43964,-2.412489],[-46.435283,-2.509989],[-46.415968,-2.529057],[-46.491656,-2.535377],[-46.504584,-2.61457],[-46.574356,-2.628414],[-46.593328,-2.665025],[-46.6215,-2.644176],[-46.635578,-2.686076],[-46.663524,-2.69385],[-46.669804,-2.730425],[-46.635494,-2.75422],[-46.636221,-2.793332],[-46.601919,-2.788847],[-46.575388,-2.841041],[-46.613517,-2.828603],[-46.610002,-2.854641],[-46.640019,-2.852564],[-46.640441,-2.880893],[-46.679228,-2.881383],[-46.647519,-2.971393],[-46.651664,-2.996168],[-46.672221,-2.996897],[-46.679441,-3.09319],[-46.706415,-3.097818],[-46.71011,-3.127996],[-46.719318,-3.108528],[-46.747395,-3.120528],[-46.723357,-3.150803],[-46.752029,-3.186934],[-46.773333,-3.17541],[-46.755723,-3.215744],[-46.80702,-3.2415],[-46.827415,-3.292244],[-46.812952,-3.309188],[-46.942053,-3.374901],[-46.948461,-3.476885],[-46.968882,-3.473502],[-46.97664,-3.525685],[-47.037359,-3.562529],[-47.029662,-3.600119],[-47.055827,-3.646222],[-47.036082,-3.671073],[-47.08769,-3.855094],[-47.169715,-3.92145],[-47.193215,-3.977644],[-47.293945,-4.05247],[-47.318469,-4.046564],[-47.372054,-4.244452],[-47.473017,-4.31407],[-47.502075,-4.403453],[-47.610681,-4.555974],[-47.67951,-4.608241],[-47.789489,-4.585147],[-48.395834,-5.070009],[-48.434185,-5.076309],[-48.433717,-5.095869],[-48.754713,-5.348801],[-48.713132,-5.352251],[-48.678998,-5.305455],[-48.605691,-5.336132],[-48.538579,-5.204547],[-48.36347,-5.168012],[-48.178105,-5.260407],[-48.078838,-5.27466],[-48.005813,-5.235019],[-47.885136,-5.260332],[-47.843325,-5.37584],[-47.741794,-5.380925],[-47.618187,-5.459356],[-47.554938,-5.465366],[-47.49969,-5.525235],[-47.473272,-5.661608],[-47.492943,-5.730158],[-47.430634,-5.868837],[-47.447533,-5.992542],[-47.431006,-6.119875],[-47.378389,-6.270479],[-47.43096,-6.424978],[-47.416367,-6.48465],[-47.456056,-6.537881],[-47.498212,-6.67085],[-47.493687,-6.754451],[-47.528236,-6.830015],[-47.505466,-6.897169],[-47.529477,-6.976146],[-47.644021,-7.143228],[-47.715906,-7.141368],[-47.744693,-7.162119],[-47.745785,-7.200837],[-47.69057,-7.237921],[-47.648084,-7.302969],[-47.588667,-7.263709],[-47.499355,-7.293472],[-47.485444,-7.366716],[-47.590437,-7.439154],[-47.504277,-7.436249],[-47.474781,-7.532977],[-47.427257,-7.525359],[-47.438189,-7.556166],[-47.381664,-7.59958],[-47.381474,-7.653671],[-47.351777,-7.646451],[-47.372444,-7.624976],[-47.357796,-7.616703],[-47.313777,-7.660236],[-47.33729,-7.666636],[-47.302107,-7.688663],[-47.312696,-7.730442],[-47.273126,-7.730639],[-47.266329,-7.760893],[-47.245801,-7.758128],[-47.243877,-7.814918],[-47.174074,-7.855922],[-47.140665,-7.924886],[-47.106803,-7.936591],[-47.106053,-7.990406],[-47.061858,-8.004677],[-47.043074,-8.053196],[-46.996998,-8.066837],[-46.952971,-8.006253],[-46.872329,-7.955169],[-46.839516,-7.965126],[-46.755745,-7.921972],[-46.604246,-7.895787],[-46.491707,-7.981303],[-46.46619,-8.065802],[-46.514215,-8.166672],[-46.487135,-8.199514],[-46.507164,-8.270375],[-46.54421,-8.318931],[-46.63481,-8.318926],[-46.732189,-8.38527],[-46.782004,-8.36769],[-46.786589,-8.398704],[-46.806408,-8.398576],[-46.796133,-8.446234],[-46.850437,-8.476965],[-46.846653,-8.532739],[-46.915971,-8.595382],[-46.897298,-8.600618],[-46.915964,-8.648008],[-46.886522,-8.686091],[-46.930853,-8.726355],[-46.902237,-8.790502],[-46.913022,-8.847427],[-46.992123,-8.879003],[-46.969859,-8.914093],[-47.031021,-8.98549]]],[[[-44.97073,-1.335455],[-45.005096,-1.319872],[-45.02802,-1.338557],[-45.000881,-1.341354],[-45.011966,-1.386953],[-44.98279,-1.409302],[-44.887159,-1.345734],[-44.910408,-1.347906],[-44.901002,-1.331033],[-44.869561,-1.326465],[-44.87546,-1.355308],[-44.842263,-1.333955],[-44.881646,-1.284792],[-44.925639,-1.277878],[-44.921642,-1.298348],[-44.972263,-1.283463],[-44.984966,-1.30306],[-44.941594,-1.342222],[-44.97073,-1.335455]]],[[[-45.677976,-1.300212],[-45.672722,-1.345468],[-45.696054,-1.361711],[-45.632442,-1.348353],[-45.640329,-1.31059],[-45.622929,-1.252531],[-45.632321,-1.220041],[-45.602252,-1.164233],[-45.615549,-1.115555],[-45.636121,-1.177922],[-45.638032,-1.274697],[-45.654364,-1.289367],[-45.656706,-1.254158],[-45.684205,-1.269467],[-45.677976,-1.300212]]],[[[-44.801813,-1.529242],[-44.763368,-1.48391],[-44.828285,-1.540941],[-44.803524,-1.564718],[-44.783618,-1.537322],[-44.801813,-1.529242]]],[[[-44.774421,-1.527162],[-44.736724,-1.511588],[-44.753019,-1.457771],[-44.7719,-1.46195],[-44.761015,-1.488541],[-44.774421,-1.527162]]],[[[-45.685207,-1.19606],[-45.675034,-1.215977],[-45.688257,-1.200722],[-45.699548,-1.234029],[-45.683,-1.26168],[-45.657943,-1.221714],[-45.685207,-1.19606]]],[[[-45.541913,-1.195021],[-45.570006,-1.189753],[-45.559093,-1.211535],[-45.592885,-1.246324],[-45.524058,-1.223378],[-45.541913,-1.195021]]],[[[-44.611386,-1.784215],[-44.616155,-1.817901],[-44.575974,-1.779582],[-44.611386,-1.784215]]],[[[-44.728811,-1.562094],[-44.742613,-1.5376],[-44.755527,-1.582919],[-44.728811,-1.562094]]],[[[-45.798437,-1.126644],[-45.816647,-1.121357],[-45.816613,-1.147622],[-45.798437,-1.126644]]],[[[-45.794195,-1.188348],[-45.785854,-1.227598],[-45.776356,-1.196193],[-45.794195,-1.188348]]],[[[-45.55761,-1.328899],[-45.529437,-1.316234],[-45.554294,-1.317899],[-45.55761,-1.328899]]],[[[-45.096906,-1.468196],[-45.068669,-1.466032],[-45.088878,-1.450677],[-45.096906,-1.468196]]],[[[-45.677976,-1.300212],[-45.690592,-1.287999],[-45.682592,-1.316737],[-45.677976,-1.300212]]],[[[-44.480207,-2.106097],[-44.472332,-2.124924],[-44.463409,-2.100845],[-44.480207,-2.106097]]]]},"properties":{"id":10,"name":"Maranhão","sigla":"MA","regiao_id":"4","codigo_ibg":"21","cartodb_id":10,"created_at":"2015-02-09T16:46:01Z","updated_at":"2015-02-09T16:46:01Z"}},
{"type":"Feature","geometry":{"type":"Polygon","coordinates":[[[-40.222017,-17.979948],[-40.263082,-17.921507],[-40.174701,-17.852197],[-40.217677,-17.795179],[-40.223543,-17.733587],[-40.279962,-17.722306],[-40.347329,-17.614232],[-40.354262,-17.643795],[-40.371564,-17.611979],[-40.396414,-17.625124],[-40.41406,-17.609618],[-40.410282,-17.567749],[-40.460255,-17.568205],[-40.482602,-17.488036],[-40.520251,-17.446926],[-40.623079,-17.405503],[-40.599341,-17.389873],[-40.608602,-17.326473],[-40.547353,-17.283229],[-40.570768,-17.251742],[-40.552011,-17.198708],[-40.578305,-17.14833],[-40.556388,-17.089128],[-40.569629,-17.06143],[-40.490807,-16.884017],[-40.407162,-16.898218],[-40.366089,-16.873696],[-40.326683,-16.908865],[-40.281248,-16.900711],[-40.246509,-16.845267],[-40.257407,-16.80607],[-40.345099,-16.786795],[-40.309769,-16.735742],[-40.275115,-16.573557],[-40.234083,-16.558316],[-40.159458,-16.579837],[-40.170818,-16.523679],[-40.097578,-16.42217],[-40.083587,-16.463457],[-40.06793,-16.457938],[-39.990354,-16.312976],[-39.968271,-16.326597],[-39.916289,-16.283372],[-39.935489,-16.244534],[-39.882995,-16.194224],[-39.896561,-16.141132],[-39.856434,-16.113361],[-39.93529,-16.023278],[-39.915717,-16.000144],[-40.004039,-16.001371],[-40.065801,-15.959743],[-40.084627,-15.89666],[-40.170336,-15.907054],[-40.16571,-15.867911],[-40.199675,-15.862041],[-40.230469,-15.80329],[-40.376464,-15.823054],[-40.42464,-15.805243],[-40.460247,-15.75327],[-40.561657,-15.802818],[-40.6062,-15.736298],[-40.628998,-15.71525],[-40.644553,-15.728392],[-40.698962,-15.668161],[-40.767278,-15.713612],[-40.815248,-15.648014],[-40.881164,-15.69401],[-40.961884,-15.648427],[-41.003905,-15.711625],[-41.077163,-15.718827],[-41.143847,-15.771365],[-41.214882,-15.736791],[-41.330809,-15.744212],[-41.356026,-15.499831],[-41.800314,-15.100642],[-41.870582,-15.11608],[-41.932564,-15.172912],[-41.996603,-15.158923],[-42.091227,-15.186151],[-42.172924,-15.085499],[-42.264398,-15.12472],[-42.330804,-15.079507],[-42.354524,-15.097726],[-42.375684,-15.070794],[-42.442519,-15.060152],[-42.436397,-15.022263],[-42.475511,-15.016586],[-42.586747,-14.929893],[-42.624891,-14.944012],[-42.722958,-14.88516],[-42.92665,-14.743689],[-42.93848,-14.707578],[-43.065982,-14.680109],[-43.08337,-14.697544],[-43.175946,-14.650098],[-43.310822,-14.669298],[-43.434484,-14.722593],[-43.480849,-14.767446],[-43.474139,-14.789527],[-43.530985,-14.814849],[-43.536764,-14.783055],[-43.580212,-14.750364],[-43.719453,-14.729091],[-43.725848,-14.697713],[-43.883097,-14.652781],[-43.87347,-14.520136],[-43.782789,-14.338799],[-43.891711,-14.29528],[-43.941728,-14.304646],[-43.985963,-14.267109],[-44.034097,-14.288425],[-44.112184,-14.258284],[-44.135205,-14.28174],[-44.136854,-14.263705],[-44.172532,-14.266112],[-44.214657,-14.232851],[-44.247091,-14.259673],[-44.316068,-14.239909],[-44.486761,-14.328075],[-44.56515,-14.339617],[-44.658463,-14.395313],[-44.667565,-14.423398],[-44.687937,-14.416235],[-44.700879,-14.449341],[-44.832819,-14.499385],[-44.823935,-14.538935],[-44.858378,-14.571078],[-44.843013,-14.580372],[-45.039107,-14.67981],[-45.083056,-14.748568],[-45.205153,-14.744292],[-45.285265,-14.832028],[-45.316728,-14.831551],[-45.317622,-14.85212],[-45.454708,-14.95327],[-45.565705,-14.944415],[-45.721392,-15.111625],[-45.824962,-15.11593],[-45.872551,-15.157431],[-45.953321,-15.13908],[-45.984075,-15.195508],[-46.02762,-15.200897],[-46.052203,-15.258742],[-46.076651,-15.264229],[-46.118815,-15.191776],[-46.049446,-15.165939],[-46.04329,-15.117681],[-45.975092,-15.038462],[-45.965653,-14.965196],[-46.036986,-14.873636],[-46.087711,-14.935946],[-46.16099,-14.905727],[-46.176046,-14.948604],[-46.23327,-14.92108],[-46.286411,-14.9277],[-46.318903,-14.899996],[-46.30004,-14.857633],[-46.324484,-14.847342],[-46.321767,-14.814134],[-46.502907,-14.703965],[-46.509847,-14.737816],[-46.565456,-14.785928],[-46.521124,-14.85073],[-46.546101,-14.924998],[-46.50217,-15.05181],[-46.625006,-15.089069],[-46.78142,-15.018878],[-46.85646,-15.009818],[-46.918317,-15.049421],[-46.925598,-15.073117],[-46.888711,-15.111191],[-46.940486,-15.22919],[-46.927214,-15.254647],[-46.891768,-15.234878],[-46.888881,-15.281798],[-46.836466,-15.322149],[-46.86904,-15.361025],[-46.84904,-15.372715],[-46.930029,-15.442643],[-46.948659,-15.554148],[-46.854352,-15.619905],[-46.811723,-15.885109],[-47.086572,-15.960395],[-47.134127,-15.949738],[-47.141512,-15.926185],[-47.219088,-16.01379],[-47.276092,-16.005712],[-47.308609,-16.035491],[-47.308367,-16.050078],[-47.310899,-16.087679],[-47.33269,-16.085434],[-47.351626,-16.131507],[-47.322016,-16.230863],[-47.365828,-16.331044],[-47.426728,-16.393706],[-47.458136,-16.501765],[-47.443965,-16.540311],[-47.405433,-16.555235],[-47.412427,-16.575405],[-47.342409,-16.592724],[-47.333898,-16.616673],[-47.318094,-16.603103],[-47.249709,-16.666359],[-47.219734,-16.806369],[-47.193078,-16.824748],[-47.196277,-16.909037],[-47.159797,-16.921629],[-47.166145,-16.952179],[-47.126161,-16.980106],[-47.15068,-16.996894],[-47.131315,-17.009977],[-47.146538,-17.030325],[-47.184005,-17.035502],[-47.18165,-17.063496],[-47.247283,-17.081311],[-47.282263,-17.14364],[-47.35154,-17.166038],[-47.339728,-17.186927],[-47.362596,-17.186033],[-47.362198,-17.222248],[-47.434011,-17.275758],[-47.421261,-17.315507],[-47.454568,-17.330222],[-47.44034,-17.347241],[-47.511202,-17.331282],[-47.540735,-17.453844],[-47.513857,-17.460343],[-47.49204,-17.525979],[-47.477067,-17.51127],[-47.453161,-17.536734],[-47.399327,-17.512475],[-47.330481,-17.524378],[-47.266424,-17.608627],[-47.269967,-17.67401],[-47.313236,-17.698553],[-47.37261,-17.829485],[-47.282756,-18.057769],[-47.357346,-18.084557],[-47.396422,-18.141398],[-47.428337,-18.138819],[-47.429589,-18.165347],[-47.517755,-18.19841],[-47.533288,-18.23024],[-47.538271,-18.194527],[-47.567117,-18.203397],[-47.638318,-18.287211],[-47.610809,-18.314924],[-47.625733,-18.33383],[-47.65712,-18.327339],[-47.701923,-18.378673],[-47.740116,-18.363374],[-47.74742,-18.411141],[-47.778563,-18.423666],[-47.808671,-18.400405],[-47.831483,-18.449315],[-47.858363,-18.439896],[-47.867726,-18.47393],[-47.913817,-18.466111],[-47.954481,-18.499815],[-47.980452,-18.442394],[-48.006024,-18.453881],[-48.055367,-18.412778],[-48.11417,-18.426097],[-48.1609,-18.371769],[-48.261949,-18.331418],[-48.314488,-18.363692],[-48.313173,-18.384374],[-48.405259,-18.355879],[-48.479183,-18.379235],[-48.484347,-18.353166],[-48.515186,-18.365951],[-48.560952,-18.323421],[-48.755281,-18.343916],[-48.815893,-18.379193],[-48.831621,-18.34567],[-48.93631,-18.305744],[-49.076574,-18.416316],[-49.10834,-18.383382],[-49.157678,-18.413425],[-49.205198,-18.411329],[-49.192624,-18.447322],[-49.24863,-18.522201],[-49.292127,-18.563544],[-49.329799,-18.565055],[-49.378284,-18.641881],[-49.41626,-18.638086],[-49.481358,-18.560567],[-49.492384,-18.496112],[-49.53537,-18.493183],[-49.557564,-18.545895],[-49.647524,-18.558406],[-49.639648,-18.599759],[-49.686448,-18.589742],[-49.769808,-18.612343],[-49.783217,-18.64088],[-50.016113,-18.599377],[-50.079568,-18.671781],[-50.163811,-18.663889],[-50.30888,-18.697987],[-50.376259,-18.811918],[-50.420656,-18.8307],[-50.441094,-18.890323],[-50.508662,-18.936965],[-50.498262,-19.033565],[-50.53704,-19.098939],[-50.584544,-19.136925],[-50.677225,-19.139227],[-50.680173,-19.172735],[-50.732984,-19.185341],[-50.74724,-19.235359],[-50.816638,-19.289363],[-50.87487,-19.42237],[-50.826205,-19.487001],[-50.841692,-19.498685],[-50.935323,-19.467213],[-50.962459,-19.500113],[-50.92751,-19.587333],[-50.987067,-19.58904],[-51.045455,-19.728584],[-50.998983,-19.905909],[-51.01991,-19.961919],[-50.999985,-20.084914],[-50.907644,-19.993788],[-50.656409,-19.904906],[-50.575501,-19.815551],[-50.471424,-19.779185],[-50.352314,-19.864117],[-50.10233,-19.875441],[-50.011705,-19.926244],[-49.890804,-19.94325],[-49.64074,-19.931402],[-49.550991,-19.905373],[-49.503005,-19.919449],[-49.439905,-19.980332],[-49.25025,-19.97033],[-49.247868,-19.999167],[-49.296087,-20.016377],[-49.308059,-20.101506],[-49.259027,-20.257783],[-49.217187,-20.303227],[-49.179091,-20.3097],[-49.130296,-20.279669],[-49.067439,-20.153973],[-48.991778,-20.164918],[-48.961317,-20.262817],[-48.968425,-20.393266],[-48.898861,-20.440723],[-48.8671,-20.398194],[-48.884986,-20.268664],[-48.855175,-20.18161],[-48.822743,-20.161432],[-48.646403,-20.166068],[-48.580736,-20.131665],[-48.490648,-20.137649],[-48.405309,-20.113036],[-48.319275,-20.112958],[-48.24591,-20.140474],[-48.218215,-20.125899],[-48.25298,-20.077381],[-48.240484,-20.028873],[-48.111617,-20.143418],[-48.019393,-20.11968],[-47.975508,-20.034894],[-47.933638,-20.107371],[-47.893921,-20.123355],[-47.859325,-19.992516],[-47.703779,-19.979426],[-47.635516,-20.047902],[-47.580637,-19.995384],[-47.465923,-19.963742],[-47.425215,-20.012348],[-47.438674,-20.049187],[-47.256588,-20.165722],[-47.230652,-20.218623],[-47.297756,-20.347966],[-47.291328,-20.448829],[-47.153918,-20.519245],[-47.096922,-20.643854],[-47.114507,-20.705317],[-47.165354,-20.701372],[-47.185802,-20.730649],[-47.239588,-20.884798],[-47.143268,-20.981899],[-47.156518,-21.018475],[-47.14183,-21.087743],[-47.112696,-21.104432],[-47.133046,-21.132975],[-47.118334,-21.185287],[-47.098248,-21.213003],[-47.0623,-21.209496],[-47.076908,-21.239295],[-47.051821,-21.246124],[-46.9976,-21.350345],[-47.010779,-21.421805],[-46.920317,-21.426641],[-46.832307,-21.367317],[-46.764251,-21.359575],[-46.705504,-21.404353],[-46.665248,-21.36116],[-46.614807,-21.440979],[-46.576101,-21.426465],[-46.508802,-21.469408],[-46.517102,-21.611396],[-46.565411,-21.678852],[-46.621139,-21.675047],[-46.625579,-21.765715],[-46.690506,-21.836456],[-46.647087,-21.879969],[-46.666848,-21.932061],[-46.613023,-22.009113],[-46.681516,-22.028114],[-46.664365,-22.068408],[-46.722808,-22.07652],[-46.6511,-22.090815],[-46.600063,-22.134254],[-46.645486,-22.179911],[-46.673201,-22.175628],[-46.722804,-22.306125],[-46.660474,-22.365546],[-46.666102,-22.413897],[-46.554357,-22.446157],[-46.530212,-22.470354],[-46.541691,-22.493858],[-46.504828,-22.516552],[-46.406688,-22.540048],[-46.433299,-22.573376],[-46.404304,-22.620393],[-46.424165,-22.633098],[-46.392603,-22.662476],[-46.469271,-22.672957],[-46.477479,-22.698898],[-46.452278,-22.727053],[-46.334763,-22.759699],[-46.376358,-22.827333],[-46.383735,-22.869469],[-46.359178,-22.895635],[-46.295,-22.897102],[-46.266413,-22.875188],[-46.237717,-22.893655],[-46.14419,-22.857802],[-46.138633,-22.922257],[-46.094767,-22.89393],[-46.007991,-22.888724],[-45.909433,-22.816785],[-45.888465,-22.875316],[-45.822936,-22.829383],[-45.790825,-22.857636],[-45.754468,-22.792415],[-45.713135,-22.814285],[-45.72783,-22.72317],[-45.796379,-22.738283],[-45.819423,-22.722059],[-45.74236,-22.658667],[-45.693546,-22.651209],[-45.736988,-22.608068],[-45.716467,-22.5781],[-45.66045,-22.578483],[-45.680631,-22.635836],[-45.664559,-22.650157],[-45.576271,-22.601853],[-45.55491,-22.62594],[-45.583925,-22.651189],[-45.539461,-22.652079],[-45.488357,-22.628285],[-45.471344,-22.590023],[-45.412487,-22.621713],[-45.399546,-22.65263],[-45.332517,-22.61714],[-45.274162,-22.615691],[-45.259429,-22.58237],[-45.177603,-22.549378],[-45.128017,-22.496609],[-45.027964,-22.462698],[-44.965433,-22.474688],[-44.808797,-22.404772],[-44.723544,-22.359454],[-44.659962,-22.379067],[-44.587295,-22.321124],[-44.532779,-22.329933],[-44.456015,-22.256748],[-44.387154,-22.272003],[-44.291078,-22.242562],[-44.235046,-22.265704],[-44.12109,-22.208619],[-44.099654,-22.172809],[-44.004623,-22.161884],[-43.76557,-22.062424],[-43.733577,-22.096101],[-43.691428,-22.070413],[-43.673225,-22.089077],[-43.652151,-22.066616],[-43.611933,-22.081323],[-43.585661,-22.051532],[-43.562174,-22.0873],[-43.513182,-22.05883],[-43.462045,-22.072151],[-43.346429,-22.003372],[-43.300569,-22.019144],[-43.246126,-22.006538],[-43.202228,-22.036522],[-43.130661,-22.029483],[-43.153699,-22.077482],[-43.136462,-22.108805],[-43.106327,-22.083542],[-43.072998,-22.093352],[-43.032182,-22.066031],[-43.038162,-22.046554],[-42.88209,-21.959616],[-42.271127,-21.714706],[-42.274872,-21.676418],[-42.364603,-21.6458],[-42.368575,-21.619118],[-42.252349,-21.489779],[-42.292204,-21.459544],[-42.278651,-21.410083],[-42.23873,-21.401335],[-42.228571,-21.283935],[-42.189283,-21.249405],[-42.20808,-21.177719],[-42.163957,-21.100962],[-42.139872,-21.102391],[-42.100705,-21.033966],[-42.080057,-21.035198],[-42.151261,-20.973889],[-42.093237,-20.935765],[-41.976257,-20.935011],[-41.925764,-20.83759],[-41.927726,-20.794499],[-41.874501,-20.766324],[-41.860644,-20.706253],[-41.808382,-20.643747],[-41.855737,-20.614006],[-41.803905,-20.543591],[-41.797829,-20.434524],[-41.858371,-20.372478],[-41.846733,-20.328993],[-41.780621,-20.292051],[-41.756348,-20.206372],[-41.411293,-20.206186],[-41.381706,-20.188318],[-41.307688,-20.012525],[-41.307512,-19.947845],[-41.24377,-19.936391],[-41.184476,-19.888469],[-41.16554,-19.791973],[-41.190394,-19.74639],[-41.168069,-19.671731],[-41.03643,-19.568302],[-41.045368,-19.487491],[-40.971835,-19.504804],[-40.94447,-19.459626],[-40.96721,-19.427168],[-40.907301,-19.308324],[-40.944095,-19.279059],[-40.919548,-19.270942],[-40.940755,-19.23167],[-40.926336,-19.188793],[-40.962491,-19.12107],[-41.012201,-19.075313],[-41.05345,-19.068377],[-41.071387,-19.023361],[-41.017966,-18.973054],[-41.038368,-18.979924],[-41.103273,-18.933574],[-41.165966,-18.857746],[-41.208024,-18.854564],[-41.214383,-18.877152],[-41.243474,-18.84308],[-41.232142,-18.796794],[-41.133728,-18.795555],[-41.097074,-18.841825],[-40.963512,-18.840684],[-40.916547,-18.814972],[-40.943239,-18.687094],[-41.052706,-18.628239],[-41.032573,-18.617747],[-41.023539,-18.456692],[-41.181624,-18.438594],[-41.144336,-18.405766],[-41.162142,-18.390281],[-41.145485,-18.373381],[-41.158438,-18.308275],[-41.096073,-18.255097],[-41.104048,-18.212797],[-41.055643,-18.166124],[-40.989075,-18.170169],[-40.986636,-18.146295],[-40.954138,-18.154014],[-40.949604,-18.128805],[-40.89271,-18.107399],[-40.849462,-18.146956],[-40.771099,-18.155441],[-40.772902,-18.10708],[-40.902196,-17.986994],[-40.882317,-17.97007],[-40.862726,-17.987823],[-40.830155,-17.953704],[-40.70415,-18.022872],[-40.625541,-17.98885],[-40.613048,-17.939248],[-40.52664,-17.891464],[-40.463787,-17.92772],[-40.333556,-17.92688],[-40.222017,-17.979948]]]},"properties":{"id":11,"name":"Minas Gerais","sigla":"MG","regiao_id":"2","codigo_ibg":"31","cartodb_id":11,"created_at":"2015-02-09T16:46:01Z","updated_at":"2015-02-09T16:46:01Z"}},
{"type":"Feature","geometry":{"type":"Polygon","coordinates":[[[-53.87182,-17.921417],[-53.948407,-17.922976],[-53.955241,-17.882572],[-53.887873,-17.748545],[-53.805821,-17.671926],[-53.705649,-17.661944],[-53.67957,-17.253125],[-53.70815,-17.227724],[-53.819566,-17.294168],[-53.830818,-17.354576],[-53.877932,-17.374752],[-53.95174,-17.458891],[-54.037121,-17.485997],[-54.076527,-17.614564],[-54.178322,-17.602406],[-54.301909,-17.661214],[-54.387285,-17.631492],[-54.38243,-17.571087],[-54.466402,-17.52863],[-54.480798,-17.487221],[-54.553676,-17.488224],[-54.581152,-17.467562],[-54.74844,-17.522444],[-54.758266,-17.565253],[-54.86035,-17.623409],[-54.942906,-17.608586],[-54.991317,-17.637953],[-55.108835,-17.629997],[-55.126737,-17.652278],[-55.220982,-17.616656],[-55.292149,-17.542105],[-55.350152,-17.548117],[-55.376593,-17.5146],[-55.523567,-17.480734],[-55.584931,-17.422082],[-55.585087,-17.373173],[-55.640763,-17.338967],[-55.645205,-17.35853],[-55.656045,-17.337822],[-55.700824,-17.353689],[-55.783897,-17.329605],[-55.874289,-17.268196],[-55.88604,-17.284325],[-55.901404,-17.272959],[-55.886014,-17.26487],[-55.925816,-17.257419],[-55.938837,-17.276635],[-55.9514,-17.249757],[-55.986239,-17.257667],[-56.01026,-17.238603],[-56.004985,-17.203758],[-56.04462,-17.171152],[-56.050459,-17.186509],[-56.112591,-17.166756],[-56.139342,-17.190752],[-56.184906,-17.188793],[-56.208241,-17.226831],[-56.25082,-17.218585],[-56.298621,-17.275618],[-56.335346,-17.289509],[-56.355426,-17.266932],[-56.442799,-17.330273],[-56.50124,-17.285886],[-56.526011,-17.31938],[-56.629906,-17.333764],[-56.646906,-17.316549],[-56.64718,-17.339025],[-56.733322,-17.309422],[-56.785456,-17.387089],[-56.828341,-17.390727],[-56.824881,-17.458453],[-56.861432,-17.48347],[-56.875436,-17.532533],[-56.981824,-17.579793],[-56.980877,-17.610575],[-56.958921,-17.610559],[-57.04438,-17.729882],[-57.115074,-17.780648],[-57.146207,-17.767067],[-57.251488,-17.793018],[-57.232097,-17.811943],[-57.376979,-17.825718],[-57.446186,-17.874066],[-57.451931,-17.902203],[-57.477049,-17.858615],[-57.534231,-17.8532],[-57.575793,-17.800091],[-57.603244,-17.803409],[-57.639765,-17.716921],[-57.683769,-17.715201],[-57.668296,-17.67147],[-57.711544,-17.543665],[-57.727517,-17.529311],[-57.751762,-17.563888],[-57.794963,-17.559944],[-57.775045,-17.65653],[-57.708944,-17.729369],[-57.719491,-17.771229],[-57.68258,-17.807511],[-57.682523,-17.827607],[-57.719922,-17.82737],[-57.57422,-18.131396],[-57.453292,-18.230674],[-57.557122,-18.239851],[-57.766025,-18.89879],[-57.719137,-18.898544],[-57.718612,-18.976526],[-57.693622,-19.010418],[-57.708824,-19.031052],[-57.783548,-19.033015],[-58.131162,-19.757998],[-57.858701,-19.969935],[-57.902869,-20.040577],[-57.959694,-20.021857],[-57.984569,-20.057078],[-58.025266,-20.058612],[-58.048454,-20.104634],[-58.088283,-20.107305],[-58.166806,-20.171292],[-58.12167,-20.19463],[-58.160771,-20.223768],[-58.160483,-20.262144],[-58.094056,-20.255029],[-58.083622,-20.372066],[-57.996433,-20.434807],[-58.018058,-20.512557],[-57.996911,-20.572652],[-58.012221,-20.612473],[-57.970426,-20.642139],[-57.984592,-20.701208],[-57.953989,-20.703027],[-57.919256,-20.66366],[-57.862474,-20.741218],[-57.932679,-20.745926],[-57.959874,-20.788999],[-57.889766,-20.791884],[-57.858971,-20.826363],[-57.927699,-20.897513],[-57.892617,-20.904453],[-57.863178,-20.94574],[-57.818828,-20.942133],[-57.816579,-20.979536],[-57.867066,-21.041056],[-57.844819,-21.098628],[-57.861809,-21.139336],[-57.849551,-21.219336],[-57.920511,-21.279483],[-57.85285,-21.317924],[-57.854037,-21.338328],[-57.966222,-21.525029],[-57.957409,-21.563572],[-57.912406,-21.59039],[-57.93909,-21.620886],[-57.932885,-21.65096],[-57.881898,-21.688112],[-57.945472,-21.74241],[-57.909099,-21.768884],[-57.913284,-21.791481],[-57.96911,-21.846325],[-57.912193,-21.879092],[-57.947295,-21.900598],[-57.962805,-21.999841],[-58.003269,-22.031636],[-57.991276,-22.090252],[-57.938903,-22.085269],[-57.924856,-22.121149],[-57.858753,-22.135798],[-57.827746,-22.119551],[-57.802267,-22.150053],[-57.777377,-22.125962],[-57.741742,-22.135965],[-57.736442,-22.102374],[-57.70588,-22.090457],[-57.612416,-22.094478],[-57.576254,-22.175345],[-57.448065,-22.187116],[-57.385989,-22.204106],[-57.372214,-22.231129],[-57.318687,-22.243336],[-57.291759,-22.218277],[-57.240515,-22.249215],[-57.197658,-22.211776],[-57.182026,-22.2348],[-57.104515,-22.22652],[-57.080084,-22.250104],[-56.996383,-22.222806],[-56.905471,-22.266879],[-56.884615,-22.246509],[-56.841153,-22.302007],[-56.804822,-22.284016],[-56.793566,-22.242191],[-56.77462,-22.258848],[-56.745149,-22.234993],[-56.719513,-22.261485],[-56.701855,-22.218357],[-56.63499,-22.262378],[-56.64029,-22.244037],[-56.55724,-22.195796],[-56.501759,-22.095315],[-56.392318,-22.074254],[-56.362919,-22.169924],[-56.315292,-22.217494],[-56.238715,-22.235292],[-56.209411,-22.276399],[-55.85243,-22.281485],[-55.788387,-22.387418],[-55.741117,-22.391843],[-55.747745,-22.500103],[-55.613554,-22.660306],[-55.616841,-22.767543],[-55.652101,-22.792305],[-55.664853,-22.850607],[-55.596666,-23.152081],[-55.542539,-23.155674],[-55.523329,-23.196523],[-55.545931,-23.219192],[-55.522772,-23.25847],[-55.553875,-23.277577],[-55.55578,-23.318502],[-55.505619,-23.376359],[-55.561407,-23.482365],[-55.523745,-23.567267],[-55.536545,-23.625473],[-55.480891,-23.641086],[-55.460852,-23.712624],[-55.43425,-23.717281],[-55.442892,-23.916699],[-55.418665,-23.958944],[-55.343745,-23.994823],[-55.311762,-23.961936],[-55.245206,-23.999157],[-55.106902,-23.963309],[-55.060033,-23.992131],[-54.997931,-23.955913],[-54.927928,-23.959668],[-54.924382,-23.922572],[-54.883276,-23.895469],[-54.849077,-23.905595],[-54.759646,-23.856716],[-54.705055,-23.862798],[-54.670806,-23.811711],[-54.609661,-23.851055],[-54.58578,-23.839146],[-54.569639,-23.874463],[-54.500189,-23.875898],[-54.436737,-23.906147],[-54.413913,-23.959596],[-54.319163,-24.00817],[-54.287104,-24.06951],[-54.099323,-23.945986],[-54.075179,-23.764004],[-53.982333,-23.459527],[-53.770581,-23.371651],[-53.730098,-23.317225],[-53.636063,-23.124554],[-53.633603,-22.998018],[-53.6069,-22.950856],[-53.546304,-22.889621],[-53.354031,-22.776892],[-53.201436,-22.728292],[-53.104669,-22.621452],[-53.080933,-22.557774],[-52.998066,-22.492709],[-52.857328,-22.441005],[-52.74532,-22.342837],[-52.492499,-22.219484],[-52.376708,-22.106201],[-52.308313,-21.95144],[-52.190058,-21.845666],[-52.160756,-21.770297],[-52.102396,-21.744795],[-52.049327,-21.660861],[-52.099483,-21.570218],[-52.092745,-21.537583],[-52.065951,-21.504118],[-51.967399,-21.501288],[-51.867191,-21.351186],[-51.848013,-21.266164],[-51.878809,-21.197406],[-51.875362,-21.135676],[-51.789171,-21.101645],[-51.724692,-20.979677],[-51.665564,-20.970061],[-51.61849,-20.93195],[-51.634399,-20.754379],[-51.586467,-20.63433],[-51.499729,-20.567745],[-51.342903,-20.355342],[-51.150606,-20.30145],[-51.068671,-20.249579],[-50.999985,-20.084914],[-51.01991,-19.961919],[-50.998983,-19.905909],[-51.045455,-19.728584],[-50.987067,-19.58904],[-50.92751,-19.587333],[-50.962459,-19.500113],[-50.935323,-19.467213],[-50.98457,-19.409947],[-51.030236,-19.400973],[-51.01751,-19.383411],[-51.087475,-19.307867],[-51.202737,-19.260566],[-51.251725,-19.273613],[-51.307323,-19.218068],[-51.368983,-19.220228],[-51.419986,-19.166075],[-51.577423,-19.127812],[-51.657456,-19.137458],[-51.854366,-19.05093],[-51.939823,-18.967488],[-52.015101,-18.98232],[-52.044737,-18.950043],[-52.080869,-18.950448],[-52.180977,-18.847455],[-52.344188,-18.821079],[-52.44862,-18.690507],[-52.552536,-18.656532],[-52.592368,-18.689436],[-52.749107,-18.690316],[-52.916123,-18.638707],[-52.961848,-18.540364],[-52.880456,-18.465039],[-52.873277,-18.427667],[-52.798011,-18.414407],[-52.758375,-18.348349],[-52.82094,-18.310605],[-52.948908,-18.296119],[-53.024318,-18.350153],[-53.069433,-18.342428],[-53.100667,-18.309687],[-53.142735,-18.081387],[-53.071484,-18.039018],[-53.173182,-18.041596],[-53.237258,-18.007108],[-53.380265,-18.008306],[-53.4299,-17.983541],[-53.472073,-18.0387],[-53.589037,-18.01216],[-53.614645,-17.977807],[-53.660739,-17.977062],[-53.691681,-18.013226],[-53.773707,-18.000322],[-53.87182,-17.921417]]]},"properties":{"id":12,"name":"Mato Grosso do Sul","sigla":"MS","regiao_id":"5","codigo_ibg":"50","cartodb_id":12,"created_at":"2015-02-09T16:46:01Z","updated_at":"2015-02-09T16:46:01Z"}},
{"type":"Feature","geometry":{"type":"Polygon","coordinates":[[[-60.360833,-13.299324],[-60.387376,-13.454285],[-60.431458,-13.488028],[-60.50615,-13.501554],[-60.577101,-13.56482],[-60.631655,-13.571292],[-60.685484,-13.62482],[-60.70778,-13.692483],[-60.655229,-13.736808],[-60.622773,-13.719069],[-60.549442,-13.781193],[-60.522275,-13.768418],[-60.527625,-13.791293],[-60.466579,-13.795243],[-60.491243,-13.856001],[-60.455374,-13.85475],[-60.473454,-13.884873],[-60.45168,-13.883798],[-60.44992,-13.937154],[-60.419513,-13.937994],[-60.418053,-13.974082],[-60.381385,-13.986968],[-60.440429,-14.077893],[-60.478253,-14.095725],[-60.48944,-14.188363],[-60.448913,-14.240532],[-60.452442,-14.313466],[-60.394829,-14.363845],[-60.4057,-14.412158],[-60.338178,-14.510857],[-60.321064,-14.605572],[-60.271537,-14.619837],[-60.243662,-15.0963],[-60.564259,-15.108196],[-60.237945,-15.473381],[-60.171006,-16.265216],[-58.429683,-16.320738],[-58.393521,-16.296297],[-58.38799,-16.26056],[-58.320661,-16.264235],[-58.306444,-16.369683],[-58.343736,-16.389644],[-58.35548,-16.42704],[-58.333051,-16.489507],[-58.43544,-16.591878],[-58.469858,-16.703149],[-58.473212,-16.933392],[-58.423204,-16.98913],[-58.435189,-17.078327],[-58.423807,-17.111676],[-58.38555,-17.110848],[-58.394895,-17.183657],[-58.276831,-17.299826],[-58.254046,-17.352059],[-58.201554,-17.35655],[-58.184381,-17.390202],[-58.151486,-17.384027],[-58.109232,-17.452896],[-58.058579,-17.451962],[-58.042741,-17.492183],[-57.991355,-17.513795],[-57.883044,-17.449215],[-57.751762,-17.563888],[-57.727517,-17.529311],[-57.711544,-17.543665],[-57.668296,-17.67147],[-57.683769,-17.715201],[-57.639765,-17.716921],[-57.603244,-17.803409],[-57.575793,-17.800091],[-57.534231,-17.8532],[-57.477049,-17.858615],[-57.451931,-17.902203],[-57.446186,-17.874066],[-57.376979,-17.825718],[-57.232097,-17.811943],[-57.251488,-17.793018],[-57.146207,-17.767067],[-57.115074,-17.780648],[-57.04438,-17.729882],[-56.958921,-17.610559],[-56.980877,-17.610575],[-56.981824,-17.579793],[-56.875436,-17.532533],[-56.861432,-17.48347],[-56.824881,-17.458453],[-56.828341,-17.390727],[-56.785456,-17.387089],[-56.733322,-17.309422],[-56.64718,-17.339025],[-56.646906,-17.316549],[-56.629906,-17.333764],[-56.526011,-17.31938],[-56.50124,-17.285886],[-56.442799,-17.330273],[-56.355426,-17.266932],[-56.335346,-17.289509],[-56.298621,-17.275618],[-56.25082,-17.218585],[-56.208241,-17.226831],[-56.184906,-17.188793],[-56.139342,-17.190752],[-56.112591,-17.166756],[-56.050459,-17.186509],[-56.04462,-17.171152],[-56.004985,-17.203758],[-56.01026,-17.238603],[-55.986239,-17.257667],[-55.9514,-17.249757],[-55.938837,-17.276635],[-55.925816,-17.257419],[-55.886014,-17.26487],[-55.901404,-17.272959],[-55.88604,-17.284325],[-55.874289,-17.268196],[-55.783897,-17.329605],[-55.700824,-17.353689],[-55.656045,-17.337822],[-55.645205,-17.35853],[-55.640763,-17.338967],[-55.585087,-17.373173],[-55.584931,-17.422082],[-55.523567,-17.480734],[-55.376593,-17.5146],[-55.350152,-17.548117],[-55.292149,-17.542105],[-55.220982,-17.616656],[-55.126737,-17.652278],[-55.108835,-17.629997],[-54.991317,-17.637953],[-54.942906,-17.608586],[-54.86035,-17.623409],[-54.758266,-17.565253],[-54.74844,-17.522444],[-54.581152,-17.467562],[-54.553676,-17.488224],[-54.480798,-17.487221],[-54.466402,-17.52863],[-54.38243,-17.571087],[-54.387285,-17.631492],[-54.301909,-17.661214],[-54.178322,-17.602406],[-54.076527,-17.614564],[-54.037121,-17.485997],[-53.95174,-17.458891],[-53.877932,-17.374752],[-53.830818,-17.354576],[-53.819566,-17.294168],[-53.70815,-17.227724],[-53.67957,-17.253125],[-53.705649,-17.661944],[-53.805821,-17.671926],[-53.887873,-17.748545],[-53.955241,-17.882572],[-53.948407,-17.922976],[-53.87182,-17.921417],[-53.773707,-18.000322],[-53.691681,-18.013226],[-53.660739,-17.977062],[-53.614645,-17.977807],[-53.589037,-18.01216],[-53.472073,-18.0387],[-53.4299,-17.983541],[-53.380265,-18.008306],[-53.237258,-18.007108],[-53.173182,-18.041596],[-53.071484,-18.039018],[-53.069568,-17.986086],[-53.13093,-17.916395],[-53.168122,-17.765811],[-53.23784,-17.713691],[-53.250706,-17.618628],[-53.232932,-17.440485],[-53.197017,-17.380892],[-53.218139,-17.298858],[-53.118626,-17.112774],[-53.055517,-17.069923],[-53.072045,-17.050148],[-53.039121,-16.911513],[-53.010827,-16.85757],[-52.966697,-16.868175],[-52.926615,-16.840571],[-52.932148,-16.802424],[-52.907179,-16.809826],[-52.881787,-16.775664],[-52.785484,-16.740745],[-52.761256,-16.705841],[-52.770761,-16.668066],[-52.739932,-16.656353],[-52.74637,-16.630264],[-52.715205,-16.638819],[-52.738953,-16.589367],[-52.706253,-16.597827],[-52.703645,-16.570809],[-52.67501,-16.584549],[-52.668125,-16.550064],[-52.635262,-16.551188],[-52.637065,-16.502469],[-52.612098,-16.501679],[-52.603901,-16.464214],[-52.642956,-16.412297],[-52.687903,-16.395856],[-52.686431,-16.315038],[-52.656567,-16.279723],[-52.623014,-16.286934],[-52.575929,-16.249511],[-52.546811,-16.260846],[-52.568804,-16.230281],[-52.545204,-16.222945],[-52.548123,-16.164674],[-52.52504,-16.140115],[-52.327268,-16.068151],[-52.252232,-15.892651],[-52.007555,-15.885037],[-51.946349,-15.81012],[-51.87912,-15.824951],[-51.762485,-15.645193],[-51.775811,-15.537214],[-51.727322,-15.550161],[-51.734981,-15.51043],[-51.699496,-15.484091],[-51.697148,-15.409551],[-51.670899,-15.371289],[-51.687818,-15.308417],[-51.646458,-15.267507],[-51.667542,-15.245907],[-51.651614,-15.179438],[-51.597764,-15.155006],[-51.521762,-15.057991],[-51.477267,-15.056283],[-51.425682,-15.007633],[-51.376323,-15.012427],[-51.322129,-14.971375],[-51.290016,-15.033891],[-51.242127,-15.03496],[-51.085531,-14.917279],[-51.089349,-14.840725],[-51.043667,-14.7927],[-51.053485,-14.746226],[-50.962402,-14.526629],[-50.998599,-14.418798],[-50.974791,-14.290422],[-50.912873,-14.169352],[-50.917014,-14.114384],[-50.868577,-14.1252],[-50.833177,-14.089412],[-50.865111,-13.979785],[-50.840959,-13.86249],[-50.871321,-13.73266],[-50.80349,-13.690536],[-50.762984,-13.529582],[-50.664989,-13.441854],[-50.665183,-13.375709],[-50.606737,-13.310428],[-50.584228,-13.223158],[-50.610289,-13.062646],[-50.568708,-13.038705],[-50.592539,-13.002431],[-50.525463,-12.975996],[-50.510606,-12.860278],[-50.519874,-12.835971],[-50.597379,-12.826352],[-50.579056,-12.801752],[-50.622263,-12.819312],[-50.611297,-12.775474],[-50.635524,-12.771437],[-50.622814,-12.73388],[-50.654296,-12.678758],[-50.64646,-12.650698],[-50.69922,-12.647354],[-50.706022,-12.609279],[-50.667513,-12.595587],[-50.686007,-12.568781],[-50.650855,-12.458446],[-50.626529,-12.457771],[-50.617789,-12.428571],[-50.643581,-12.34637],[-50.643836,-12.222304],[-50.686406,-12.201735],[-50.66681,-12.08075],[-50.68251,-11.9941],[-50.638822,-11.884152],[-50.685839,-11.858579],[-50.721575,-11.739285],[-50.663052,-11.672069],[-50.65606,-11.600417],[-50.716015,-11.577798],[-50.739706,-11.538198],[-50.741594,-11.454492],[-50.705779,-11.325958],[-50.657982,-11.247426],[-50.658631,-11.130351],[-50.608993,-11.067047],[-50.632484,-10.935529],[-50.599549,-10.882708],[-50.621543,-10.839005],[-50.570126,-10.752094],[-50.602989,-10.660528],[-50.536958,-10.60481],[-50.515616,-10.504723],[-50.482157,-10.489631],[-50.473261,-10.404499],[-50.417827,-10.355864],[-50.381894,-10.221342],[-50.391687,-10.133627],[-50.302184,-10.035009],[-50.224346,-9.840752],[-51.951666,-9.727975],[-53.587959,-9.610704],[-54.995058,-9.505018],[-56.67137,-9.367007],[-56.760595,-9.404609],[-56.819594,-9.245953],[-56.995034,-9.233453],[-57.057311,-9.183803],[-57.038728,-9.097904],[-57.192341,-8.929666],[-57.380234,-8.880739],[-57.416168,-8.857568],[-57.427062,-8.782854],[-57.529867,-8.747791],[-57.592418,-8.756092],[-57.621727,-8.590804],[-57.648119,-8.575991],[-57.633165,-8.523515],[-57.686332,-8.413677],[-57.642751,-8.213293],[-57.666729,-8.176087],[-57.714616,-8.157567],[-57.72792,-8.093836],[-57.828313,-7.972516],[-57.834461,-7.882372],[-57.897626,-7.675645],[-57.939038,-7.652758],[-57.972062,-7.534213],[-58.06625,-7.390902],[-58.136365,-7.356093],[-58.212486,-7.458079],[-58.201587,-7.620545],[-58.277494,-7.703335],[-58.294332,-7.771928],[-58.382425,-7.838707],[-58.286495,-8.128132],[-58.322069,-8.169617],[-58.314372,-8.32267],[-58.347575,-8.345768],[-58.353024,-8.392414],[-58.416655,-8.491859],[-58.390822,-8.60295],[-58.436896,-8.703034],[-58.410527,-8.719758],[-58.350511,-8.701192],[-58.325551,-8.719611],[-58.415355,-8.792461],[-59.8565,-8.800318],[-61.582423,-8.79831],[-61.525538,-8.816461],[-61.468111,-8.917145],[-61.554402,-9.089868],[-61.523091,-9.178641],[-61.525876,-9.243674],[-61.575278,-9.237342],[-61.632006,-9.266243],[-61.611941,-9.280022],[-61.625377,-9.362561],[-61.552256,-9.387175],[-61.578094,-9.471235],[-61.525539,-9.50129],[-61.549007,-9.514839],[-61.512906,-9.528151],[-61.502483,-9.614959],[-61.477057,-9.626913],[-61.504734,-9.691003],[-61.573828,-9.71728],[-61.530962,-9.739527],[-61.546807,-9.787161],[-61.524376,-9.795344],[-61.507378,-9.860696],[-61.530652,-9.989462],[-61.583171,-10.059762],[-61.59965,-10.154439],[-61.551178,-10.197388],[-61.577066,-10.226201],[-61.552791,-10.306614],[-61.461237,-10.41952],[-61.49801,-10.688029],[-61.471849,-10.714586],[-61.487825,-10.73601],[-61.473291,-10.79712],[-61.510017,-10.793926],[-61.518965,-10.949305],[-61.549712,-10.985703],[-60.459516,-10.989463],[-60.437399,-11.016292],[-60.446057,-11.041757],[-60.413574,-11.04309],[-60.391014,-11.093398],[-60.347429,-11.108644],[-60.347895,-11.073649],[-60.30071,-11.056758],[-60.270456,-11.098298],[-60.204262,-11.111727],[-60.08371,-11.09645],[-60.066176,-11.125115],[-59.976238,-11.121993],[-59.997233,-11.150966],[-59.963484,-11.18872],[-59.98149,-11.233105],[-59.95893,-11.294337],[-59.927235,-11.310038],[-59.920097,-11.397613],[-60.114345,-11.591064],[-60.108231,-11.839182],[-60.076093,-11.884889],[-59.984634,-11.913945],[-59.978815,-12.02915],[-59.900699,-12.115042],[-59.891778,-12.245054],[-59.773813,-12.340553],[-59.818718,-12.378347],[-59.855311,-12.478193],[-59.934684,-12.486681],[-60.068196,-12.615595],[-60.085994,-12.8983],[-60.116626,-12.959148],[-60.188736,-12.970739],[-60.214749,-13.026575],[-60.282449,-13.080147],[-60.267962,-13.144565],[-60.360833,-13.299324]]]},"properties":{"id":13,"name":"Mato Grosso","sigla":"MT","regiao_id":"5","codigo_ibg":"51","cartodb_id":13,"created_at":"2015-02-09T16:46:01Z","updated_at":"2015-02-09T16:46:01Z"}},
{"type":"Feature","geometry":{"type":"MultiPolygon","coordinates":[[[[-46.951454,-0.73406],[-46.971533,-0.703849],[-47.029831,-0.740456],[-47.040689,-0.728985],[-47.048716,-0.778864],[-47.028008,-0.802506],[-47.057276,-0.805873],[-47.049497,-0.711192],[-47.066276,-0.776175],[-47.072884,-0.744639],[-47.089189,-0.748886],[-47.068306,-0.704211],[-47.088272,-0.662312],[-47.140868,-0.687549],[-47.16969,-0.776182],[-47.160609,-0.667422],[-47.243292,-0.706864],[-47.24078,-0.684079],[-47.199026,-0.664639],[-47.212107,-0.63721],[-47.261666,-0.626085],[-47.258999,-0.65139],[-47.292581,-0.645408],[-47.282651,-0.606585],[-47.322076,-0.593842],[-47.379859,-0.608123],[-47.369881,-0.630983],[-47.42512,-0.655008],[-47.414248,-0.598948],[-47.443907,-0.588893],[-47.474263,-0.596138],[-47.481609,-0.621134],[-47.466144,-0.751716],[-47.487638,-0.764604],[-47.541945,-0.604323],[-47.578962,-0.581044],[-47.580063,-0.637819],[-47.626024,-0.700966],[-47.636229,-0.603163],[-47.662296,-0.580186],[-47.698324,-0.592765],[-47.70349,-0.534923],[-47.763307,-0.565139],[-47.749026,-0.593668],[-47.767092,-0.637269],[-47.767699,-0.58495],[-47.798726,-0.588784],[-47.790357,-0.553535],[-47.814405,-0.560839],[-47.840546,-0.679886],[-47.870772,-0.677118],[-47.841664,-0.586317],[-47.897163,-0.552474],[-47.902143,-0.602157],[-47.919121,-0.628852],[-47.961757,-0.636366],[-47.989322,-0.705722],[-47.999989,-0.663958],[-48.472118,-0.498754],[-48.433341,-0.402979],[-48.390053,-0.362948],[-48.383748,-0.301027],[-48.411823,-0.25691],[-48.472303,-0.231518],[-48.637381,-0.231626],[-48.702408,-0.256793],[-48.79265,-0.219659],[-48.930268,-0.225598],[-49.007648,-0.160392],[-49.396517,0.016074],[-49.387048,0.041306],[-49.475149,0.079293],[-49.615434,0.313511],[-49.677186,0.366293],[-49.741714,0.349801],[-49.738468,0.322925],[-49.762713,0.349391],[-49.902886,0.311328],[-50.0608,0.338753],[-50.040352,0.573856],[-50.091602,0.6475],[-50.093461,0.702404],[-50.314182,0.678304],[-50.409404,0.62366],[-50.451885,0.571265],[-50.555692,0.307038],[-50.667739,0.185354],[-50.784337,0.112435],[-50.933711,0.070004],[-51.084457,-0.087216],[-51.2159,-0.11829],[-51.347318,-0.299288],[-51.362044,-0.367782],[-51.420262,-0.428667],[-51.457325,-0.512906],[-51.595071,-0.65011],[-51.67874,-0.784922],[-51.686763,-1.035677],[-51.703871,-1.067409],[-51.808628,-1.156769],[-51.88682,-1.166065],[-51.925489,-1.131984],[-51.956608,-1.168852],[-51.965124,-1.125475],[-51.984865,-1.121114],[-51.990654,-1.171481],[-52.061947,-1.184021],[-52.054179,-1.233887],[-52.099932,-1.226163],[-52.119791,-1.145867],[-52.332516,-1.115558],[-52.357686,-1.062252],[-52.426566,-1.050463],[-52.413992,-1.00894],[-52.438953,-0.934962],[-52.404273,-0.912521],[-52.402686,-0.876817],[-52.455045,-0.829937],[-52.538185,-0.854477],[-52.509376,-0.813122],[-52.522251,-0.791362],[-52.497402,-0.73042],[-52.522704,-0.588746],[-52.534706,-0.573758],[-52.639535,-0.584576],[-52.702207,-0.458905],[-52.678677,-0.423347],[-52.698096,-0.386842],[-52.689648,-0.302593],[-52.835623,-0.185824],[-52.851068,-0.149837],[-52.933229,-0.139195],[-52.976816,0.024119],[-53.093815,0.195629],[-53.093649,0.25928],[-53.174834,0.382038],[-53.153013,0.576784],[-53.105819,0.6843],[-53.411014,0.92966],[-53.459065,1.127848],[-53.399398,1.158723],[-53.42604,1.243034],[-53.535535,1.212585],[-53.522846,1.261651],[-53.562151,1.306896],[-53.532905,1.322743],[-53.538067,1.341175],[-53.594735,1.358467],[-53.650483,1.336535],[-53.649819,1.408565],[-53.666456,1.373391],[-53.710979,1.384276],[-53.695321,1.418455],[-53.716706,1.432073],[-53.731845,1.386599],[-53.803508,1.423837],[-53.822291,1.414146],[-53.80795,1.391931],[-53.849856,1.392152],[-53.84382,1.406618],[-53.882343,1.401059],[-53.895514,1.455437],[-53.935377,1.436464],[-53.928278,1.469491],[-53.996982,1.476082],[-54.008564,1.519977],[-54.08598,1.488609],[-54.084104,1.526645],[-54.11704,1.558485],[-54.101512,1.590938],[-54.12787,1.591623],[-54.143178,1.640923],[-54.18173,1.658384],[-54.190615,1.625219],[-54.308816,1.74136],[-54.377229,1.763997],[-54.386955,1.745465],[-54.424174,1.76075],[-54.508064,1.748582],[-54.570422,1.784762],[-54.744288,1.776109],[-54.733533,1.832283],[-54.771097,1.940806],[-54.753311,1.967476],[-54.81234,2.06312],[-54.805762,2.139235],[-54.76262,2.202624],[-54.810928,2.266683],[-54.793756,2.31304],[-54.807069,2.341979],[-54.871708,2.434102],[-54.934858,2.518957],[-54.953708,2.584086],[-55.003243,2.591395],[-55.102489,2.52614],[-55.12291,2.568084],[-55.172291,2.559804],[-55.234241,2.503847],[-55.319683,2.515833],[-55.35566,2.476019],[-55.345079,2.448452],[-55.384796,2.418866],[-55.499183,2.443725],[-55.697812,2.421999],[-55.717271,2.402475],[-55.747226,2.412454],[-55.768817,2.456778],[-55.837841,2.46324],[-55.923575,2.531088],[-55.977581,2.527837],[-55.979202,2.485612],[-56.010806,2.453443],[-55.986637,2.422008],[-56.0394,2.366814],[-56.021256,2.343035],[-56.048302,2.335396],[-56.089445,2.372862],[-56.093186,2.32176],[-56.13831,2.266264],[-56.042316,2.22832],[-56.054482,2.185176],[-56.002507,2.168114],[-55.96605,2.088977],[-55.928671,2.079155],[-55.932206,2.05842],[-55.90252,2.041604],[-55.913145,1.991094],[-55.935326,1.986098],[-55.903284,1.888584],[-55.955976,1.845104],[-55.998349,1.831861],[-56.117041,1.851524],[-56.17295,1.898956],[-56.233856,1.899138],[-56.24807,1.878946],[-56.334369,1.937618],[-56.396422,1.923799],[-56.450686,1.956653],[-56.575817,1.907857],[-56.62089,1.946398],[-56.654867,1.916601],[-56.720434,1.926259],[-56.790787,1.852932],[-56.919214,1.930818],[-56.975907,1.903591],[-57.01368,1.915384],[-57.063981,1.957326],[-57.08611,2.028142],[-57.199406,1.979118],[-57.230489,1.938406],[-57.304317,1.999631],[-57.368571,1.956841],[-57.369055,1.923979],[-57.432882,1.906457],[-57.437267,1.827254],[-57.501322,1.786584],[-57.537135,1.70097],[-57.649894,1.682842],[-57.705056,1.731457],[-57.717905,1.715898],[-57.774243,1.729692],[-57.791541,1.728054],[-57.797476,1.688442],[-57.894494,1.67476],[-57.91293,1.648146],[-57.989467,1.659704],[-58.002125,1.646109],[-57.980671,1.633995],[-57.978034,1.573262],[-58.003746,1.503541],[-58.060402,1.525817],[-58.128898,1.499364],[-58.160443,1.560579],[-58.192539,1.572655],[-58.235683,1.547443],[-58.261767,1.571162],[-58.31649,1.570586],[-58.321878,1.597452],[-58.363474,1.538364],[-58.389009,1.535808],[-58.371269,1.482012],[-58.385099,1.470425],[-58.508204,1.463278],[-58.50459,1.403638],[-58.457381,1.371881],[-58.495734,1.26844],[-58.512366,1.278046],[-58.522367,1.258376],[-58.56469,1.295664],[-58.584871,1.262601],[-58.628227,1.289896],[-58.704891,1.294114],[-58.738982,1.20046],[-58.82061,1.171512],[-58.894945,1.228228],[-58.89489,0.263852],[-58.897809,-0.017591],[-58.863362,-0.077706],[-58.871545,-0.342665],[-58.729246,-0.434959],[-58.709637,-0.538231],[-58.733478,-0.611301],[-58.704659,-0.678644],[-58.435532,-0.883137],[-58.450309,-0.925752],[-58.410229,-0.980975],[-58.429563,-1.026786],[-58.367973,-1.065691],[-58.322768,-1.142963],[-58.254251,-1.132259],[-58.162129,-1.229325],[-58.081339,-1.126151],[-58.01703,-1.105819],[-58.00664,-1.145395],[-57.971508,-1.162238],[-57.96384,-1.222923],[-58.000421,-1.329842],[-57.959836,-1.40124],[-57.823524,-1.439425],[-57.783174,-1.50767],[-57.71265,-1.503815],[-57.706339,-1.57562],[-57.678165,-1.594003],[-57.60207,-1.569963],[-57.59287,-1.59936],[-57.524687,-1.626433],[-57.528274,-1.652386],[-57.506665,-1.640929],[-57.474691,-1.677665],[-57.438158,-1.666152],[-57.42706,-1.691462],[-57.40295,-1.675192],[-57.392176,-1.722738],[-57.305,-1.729945],[-57.253385,-1.695962],[-57.230234,-1.725585],[-57.16439,-1.720534],[-57.162702,-1.768244],[-57.128867,-1.763828],[-57.115316,-1.791447],[-57.097345,-1.774767],[-57.063396,-1.808159],[-57.07306,-1.831333],[-57.036699,-1.911216],[-56.987841,-1.906822],[-56.952261,-1.959893],[-56.896865,-1.975885],[-56.858536,-2.015587],[-56.734026,-2.021675],[-56.722898,-2.066981],[-56.768032,-2.165412],[-56.678565,-2.212225],[-56.612406,-2.209831],[-56.597284,-2.174616],[-56.526559,-2.138856],[-56.477388,-2.170037],[-56.443675,-2.153584],[-56.413378,-2.17561],[-56.369128,-2.137171],[-56.316257,-2.139786],[-56.296952,-2.100468],[-56.227872,-2.055883],[-56.097053,-2.036796],[-56.219794,-2.195503],[-56.383812,-2.270135],[-56.46509,-2.422775],[-56.401654,-2.456277],[-57.018401,-3.797953],[-57.547571,-4.921233],[-58.262031,-6.468555],[-58.325113,-6.498925],[-58.349364,-6.56203],[-58.426783,-6.615798],[-58.477949,-6.699242],[-58.481232,-6.781051],[-58.434032,-6.908436],[-58.37973,-6.970133],[-58.338264,-6.98355],[-58.209,-7.133889],[-58.167566,-7.230961],[-58.169486,-7.312848],[-58.136365,-7.356093],[-58.06625,-7.390902],[-57.972062,-7.534213],[-57.939038,-7.652758],[-57.897626,-7.675645],[-57.834461,-7.882372],[-57.828313,-7.972516],[-57.72792,-8.093836],[-57.714616,-8.157567],[-57.666729,-8.176087],[-57.642751,-8.213293],[-57.686332,-8.413677],[-57.633165,-8.523515],[-57.648119,-8.575991],[-57.621727,-8.590804],[-57.592418,-8.756092],[-57.529867,-8.747791],[-57.427062,-8.782854],[-57.416168,-8.857568],[-57.380234,-8.880739],[-57.192341,-8.929666],[-57.038728,-9.097904],[-57.057311,-9.183803],[-56.995034,-9.233453],[-56.819594,-9.245953],[-56.760595,-9.404609],[-56.67137,-9.367007],[-54.995058,-9.505018],[-53.587959,-9.610704],[-51.951666,-9.727975],[-50.224346,-9.840752],[-50.089103,-9.545295],[-50.10488,-9.47501],[-50.03733,-9.289006],[-49.907238,-9.173427],[-49.842136,-9.026932],[-49.744634,-8.905768],[-49.683903,-8.856079],[-49.591958,-8.839096],[-49.451019,-8.612104],[-49.409437,-8.579607],[-49.376562,-8.454892],[-49.282871,-8.379166],[-49.215405,-8.193821],[-49.175681,-8.054193],[-49.150136,-7.80181],[-49.322774,-7.68136],[-49.383604,-7.543108],[-49.377546,-7.496062],[-49.231026,-7.325402],[-49.184836,-7.234789],[-49.20905,-6.92502],[-49.018438,-6.783831],[-48.813745,-6.751385],[-48.664412,-6.662383],[-48.66291,-6.557424],[-48.612713,-6.453351],[-48.499774,-6.350551],[-48.382239,-6.379232],[-48.37487,-6.346428],[-48.416683,-6.298211],[-48.431498,-6.176918],[-48.291684,-6.103692],[-48.28535,-6.07001],[-48.332272,-6.037893],[-48.334277,-6.003902],[-48.231193,-5.945764],[-48.288457,-5.842561],[-48.294112,-5.756302],[-48.272103,-5.725121],[-48.173878,-5.708844],[-48.137715,-5.60232],[-48.300269,-5.522636],[-48.384303,-5.393838],[-48.510312,-5.429278],[-48.590917,-5.421375],[-48.650047,-5.38455],[-48.745052,-5.369352],[-48.754713,-5.348801],[-48.433717,-5.095869],[-48.434185,-5.076309],[-48.395834,-5.070009],[-47.789489,-4.585147],[-47.67951,-4.608241],[-47.610681,-4.555974],[-47.502075,-4.403453],[-47.473017,-4.31407],[-47.372054,-4.244452],[-47.318469,-4.046564],[-47.293945,-4.05247],[-47.193215,-3.977644],[-47.169715,-3.92145],[-47.08769,-3.855094],[-47.036082,-3.671073],[-47.055827,-3.646222],[-47.029662,-3.600119],[-47.037359,-3.562529],[-46.97664,-3.525685],[-46.968882,-3.473502],[-46.948461,-3.476885],[-46.942053,-3.374901],[-46.812952,-3.309188],[-46.827415,-3.292244],[-46.80702,-3.2415],[-46.755723,-3.215744],[-46.773333,-3.17541],[-46.752029,-3.186934],[-46.723357,-3.150803],[-46.747395,-3.120528],[-46.719318,-3.108528],[-46.71011,-3.127996],[-46.706415,-3.097818],[-46.679441,-3.09319],[-46.672221,-2.996897],[-46.651664,-2.996168],[-46.647519,-2.971393],[-46.679228,-2.881383],[-46.640441,-2.880893],[-46.640019,-2.852564],[-46.610002,-2.854641],[-46.613517,-2.828603],[-46.575388,-2.841041],[-46.601919,-2.788847],[-46.636221,-2.793332],[-46.635494,-2.75422],[-46.669804,-2.730425],[-46.663524,-2.69385],[-46.635578,-2.686076],[-46.6215,-2.644176],[-46.593328,-2.665025],[-46.574356,-2.628414],[-46.504584,-2.61457],[-46.491656,-2.535377],[-46.415968,-2.529057],[-46.435283,-2.509989],[-46.43964,-2.412489],[-46.408372,-2.369808],[-46.464448,-2.370999],[-46.421412,-2.28923],[-46.431918,-2.239473],[-46.376111,-2.247002],[-46.280222,-2.152558],[-46.296604,-2.142933],[-46.268471,-2.111506],[-46.272975,-2.058399],[-46.218159,-1.912881],[-46.24225,-1.88101],[-46.214901,-1.818131],[-46.25748,-1.792574],[-46.306583,-1.803942],[-46.32356,-1.765203],[-46.304677,-1.727392],[-46.217796,-1.726688],[-46.153206,-1.675556],[-46.159574,-1.624246],[-46.131559,-1.578472],[-46.176215,-1.475021],[-46.139091,-1.444062],[-46.155572,-1.421217],[-46.103838,-1.336605],[-46.128885,-1.333719],[-46.162483,-1.277969],[-46.14027,-1.249235],[-46.150725,-1.224448],[-46.103738,-1.201748],[-46.072328,-1.10737],[-46.100304,-1.070623],[-46.072494,-1.018516],[-46.147171,-1.067382],[-46.147327,-1.125001],[-46.15794,-1.080023],[-46.18162,-1.119472],[-46.16595,-1.15449],[-46.204924,-1.131187],[-46.155694,-1.04937],[-46.17117,-0.992504],[-46.193631,-1.066052],[-46.276575,-1.168798],[-46.209219,-1.05836],[-46.214639,-0.979343],[-46.251867,-0.997336],[-46.203389,-0.968271],[-46.209617,-0.930095],[-46.186793,-0.932877],[-46.204246,-0.886023],[-46.264537,-0.917438],[-46.243044,-0.928159],[-46.286609,-0.98227],[-46.267282,-0.995574],[-46.306801,-1.009007],[-46.283478,-1.047522],[-46.300593,-1.054752],[-46.316862,-1.014015],[-46.332993,-1.068858],[-46.305111,-1.083947],[-46.348492,-1.072303],[-46.344245,-0.996262],[-46.377152,-1.018792],[-46.374938,-1.051964],[-46.390025,-0.986811],[-46.41876,-0.996092],[-46.423245,-1.006307],[-46.409917,-1.017462],[-46.408388,-1.061438],[-46.42833,-1.065057],[-46.429806,-1.05306],[-46.412166,-1.039497],[-46.412474,-1.019452],[-46.460692,-1.017218],[-46.468266,-1.052882],[-46.486105,-1.000113],[-46.46411,-0.999443],[-46.463947,-0.975822],[-46.499647,-0.972936],[-46.456148,-0.8993],[-46.42281,-0.891064],[-46.426579,-0.857578],[-46.466271,-0.894622],[-46.484273,-0.872841],[-46.510537,-0.883887],[-46.536731,-0.977264],[-46.550613,-0.903612],[-46.580529,-0.973655],[-46.60136,-0.951012],[-46.674917,-0.975897],[-46.683287,-0.951923],[-46.634276,-0.928258],[-46.644707,-0.868495],[-46.608528,-0.841773],[-46.63769,-0.787938],[-46.685261,-0.806496],[-46.673629,-0.861253],[-46.703247,-0.821308],[-46.72107,-0.826716],[-46.721469,-0.89574],[-46.745884,-0.920073],[-46.733027,-0.893993],[-46.765901,-0.817191],[-46.765349,-0.85109],[-46.793944,-0.844729],[-46.788491,-0.899968],[-46.801348,-0.861906],[-46.826354,-0.895271],[-46.816308,-0.828446],[-46.850245,-0.863957],[-46.833776,-0.827242],[-46.857168,-0.834257],[-46.833229,-0.803244],[-46.856581,-0.793281],[-46.831355,-0.792168],[-46.829441,-0.756469],[-46.845166,-0.735447],[-46.863672,-0.740579],[-46.84663,-0.746407],[-46.85764,-0.769021],[-46.88389,-0.769273],[-46.880264,-0.812361],[-46.911504,-0.817895],[-46.91706,-0.87547],[-46.955423,-0.86079],[-46.93216,-0.845998],[-46.949247,-0.789615],[-46.979561,-0.777007],[-46.951454,-0.73406]]],[[[-46.401363,-0.952301],[-46.415942,-0.932222],[-46.437021,-0.986082],[-46.401363,-0.952301]]],[[[-46.075076,-1.066854],[-46.090328,-1.068593],[-46.066208,-1.104784],[-46.075076,-1.066854]]]]},"properties":{"id":14,"name":"Pará","sigla":"PA","regiao_id":"3","codigo_ibg":"15","cartodb_id":14,"created_at":"2015-02-09T16:46:01Z","updated_at":"2015-02-09T16:46:01Z"}},
{"type":"Feature","geometry":{"type":"MultiPolygon","coordinates":[[[[-34.969063,-6.487837],[-35.057216,-6.527386],[-35.09503,-6.497272],[-35.169792,-6.557986],[-35.222472,-6.516047],[-35.330279,-6.543937],[-35.441724,-6.478532],[-35.558546,-6.492388],[-35.657922,-6.445571],[-35.772861,-6.482404],[-35.977186,-6.488506],[-36.079565,-6.404793],[-36.110835,-6.428529],[-36.249331,-6.436963],[-36.250723,-6.404027],[-36.295169,-6.392964],[-36.279444,-6.308456],[-36.307152,-6.281104],[-36.362169,-6.309583],[-36.39413,-6.29358],[-36.429873,-6.36186],[-36.49942,-6.357771],[-36.52875,-6.446724],[-36.525418,-6.500765],[-36.442962,-6.56028],[-36.435425,-6.625481],[-36.460085,-6.633996],[-36.524114,-6.599256],[-36.557345,-6.710372],[-36.503996,-6.755768],[-36.506515,-6.812625],[-36.569367,-6.847608],[-36.609366,-6.936436],[-36.687699,-6.926601],[-36.718142,-6.982333],[-36.765753,-6.935201],[-36.729776,-6.835996],[-36.769043,-6.838351],[-36.772309,-6.786668],[-36.834611,-6.730674],[-36.956723,-6.79008],[-36.977207,-6.721459],[-37.001796,-6.709172],[-37.128781,-6.765932],[-37.190263,-6.82497],[-37.234195,-6.82424],[-37.272729,-6.767061],[-37.283311,-6.69352],[-37.4843,-6.709643],[-37.465791,-6.659567],[-37.482732,-6.550019],[-37.396491,-6.513817],[-37.395723,-6.400761],[-37.364236,-6.323818],[-37.318407,-6.279965],[-37.274322,-6.281036],[-37.251122,-6.22607],[-37.165279,-6.169986],[-37.173524,-6.047629],[-37.254662,-6.027901],[-37.272073,-6.055314],[-37.378391,-6.084748],[-37.393235,-6.109001],[-37.445295,-6.111813],[-37.458555,-6.144615],[-37.74881,-6.193441],[-37.776049,-6.245405],[-37.757271,-6.290385],[-37.810031,-6.29127],[-37.841141,-6.362642],[-37.887834,-6.36398],[-37.885857,-6.396611],[-37.927642,-6.421105],[-37.955007,-6.397821],[-37.978695,-6.426306],[-38.013305,-6.427039],[-38.012339,-6.467886],[-38.04025,-6.472656],[-38.051065,-6.442017],[-38.115253,-6.521298],[-38.147496,-6.491098],[-38.238845,-6.479907],[-38.288334,-6.505226],[-38.329168,-6.459637],[-38.37329,-6.455393],[-38.400711,-6.409595],[-38.48585,-6.398363],[-38.489546,-6.364841],[-38.45723,-6.329322],[-38.50504,-6.356124],[-38.564007,-6.355795],[-38.601666,-6.389237],[-38.517528,-6.408346],[-38.611908,-6.512803],[-38.67277,-6.696831],[-38.617028,-6.793577],[-38.641144,-6.790381],[-38.675038,-6.861439],[-38.764833,-6.910524],[-38.74251,-6.974836],[-38.76462,-6.993504],[-38.66947,-7.047311],[-38.656027,-7.092035],[-38.687448,-7.189766],[-38.625684,-7.191187],[-38.594732,-7.246134],[-38.551433,-7.242808],[-38.534205,-7.293397],[-38.595171,-7.414157],[-38.584919,-7.434419],[-38.644538,-7.459619],[-38.631335,-7.484896],[-38.654944,-7.565145],[-38.710643,-7.586235],[-38.714717,-7.62152],[-38.641701,-7.677252],[-38.593231,-7.753951],[-38.496192,-7.749647],[-38.45663,-7.717718],[-38.409246,-7.730089],[-38.357099,-7.676781],[-38.311646,-7.715927],[-38.316337,-7.764233],[-38.299429,-7.762812],[-38.286401,-7.829822],[-38.238183,-7.830337],[-38.163636,-7.779548],[-38.076734,-7.830163],[-38.069105,-7.772298],[-38.039134,-7.747743],[-37.971007,-7.776855],[-37.858093,-7.653228],[-37.782062,-7.626487],[-37.754298,-7.669604],[-37.738356,-7.659808],[-37.755453,-7.619119],[-37.706114,-7.550195],[-37.659306,-7.522331],[-37.629981,-7.53212],[-37.532754,-7.472599],[-37.486622,-7.394708],[-37.496522,-7.367137],[-37.385302,-7.356304],[-37.349127,-7.336581],[-37.331225,-7.289311],[-37.23253,-7.274732],[-37.164927,-7.336196],[-37.025849,-7.387539],[-37.023196,-7.433461],[-36.983824,-7.481724],[-37.121106,-7.535713],[-37.167536,-7.581462],[-37.194728,-7.651613],[-37.138537,-7.745118],[-37.151544,-7.779445],[-37.243243,-7.818594],[-37.221673,-7.841841],[-37.246745,-7.846404],[-37.244253,-7.873855],[-37.321629,-7.911081],[-37.308564,-7.933786],[-37.349009,-7.947919],[-37.355461,-7.974525],[-37.192267,-7.960197],[-37.149147,-8.023337],[-37.143592,-8.12393],[-37.16319,-8.165366],[-37.122463,-8.174015],[-37.087856,-8.255057],[-36.99074,-8.302552],[-36.62817,-8.110641],[-36.657023,-8.079622],[-36.627412,-8.055353],[-36.610859,-7.94775],[-36.576347,-7.959248],[-36.577697,-7.914727],[-36.551581,-7.898321],[-36.479699,-7.924352],[-36.445303,-7.915306],[-36.42361,-7.81537],[-36.304138,-7.807889],[-36.263059,-7.831329],[-36.216233,-7.763732],[-36.200501,-7.789492],[-36.070279,-7.780496],[-35.99758,-7.812906],[-35.969501,-7.789049],[-35.903951,-7.791835],[-35.871636,-7.749128],[-35.780103,-7.737938],[-35.699586,-7.691456],[-35.652764,-7.695111],[-35.610038,-7.65411],[-35.532311,-7.654416],[-35.514028,-7.642533],[-35.531188,-7.621264],[-35.514897,-7.584684],[-35.536197,-7.579672],[-35.501451,-7.512027],[-35.502814,-7.455679],[-35.478965,-7.444647],[-35.420759,-7.473664],[-35.350602,-7.439862],[-35.334518,-7.406404],[-35.243274,-7.373984],[-35.190266,-7.39756],[-35.079369,-7.396621],[-34.986702,-7.462606],[-34.960248,-7.538346],[-34.833574,-7.54883],[-34.803122,-7.471641],[-34.793112,-7.154081],[-34.821695,-7.130454],[-34.843321,-7.055698],[-34.829676,-6.966201],[-34.854591,-7.027101],[-34.867145,-7.008005],[-34.853084,-6.899946],[-34.90223,-6.864856],[-34.918356,-6.768269],[-34.938369,-6.752708],[-34.930853,-6.688005],[-34.961743,-6.639774],[-34.969063,-6.487837]]],[[[-34.861633,-6.982025],[-34.859892,-7.013618],[-34.847013,-6.985548],[-34.861633,-6.982025]]]]},"properties":{"id":15,"name":"Paraíba","sigla":"PB","regiao_id":"4","codigo_ibg":"25","cartodb_id":15,"created_at":"2015-02-09T16:46:01Z","updated_at":"2015-02-09T16:46:01Z"}},
{"type":"Feature","geometry":{"type":"MultiPolygon","coordinates":[[[[-34.833574,-7.54883],[-34.960248,-7.538346],[-34.986702,-7.462606],[-35.079369,-7.396621],[-35.190266,-7.39756],[-35.243274,-7.373984],[-35.334518,-7.406404],[-35.350602,-7.439862],[-35.420759,-7.473664],[-35.478965,-7.444647],[-35.502814,-7.455679],[-35.501451,-7.512027],[-35.536197,-7.579672],[-35.514897,-7.584684],[-35.531188,-7.621264],[-35.514028,-7.642533],[-35.532311,-7.654416],[-35.610038,-7.65411],[-35.652764,-7.695111],[-35.699586,-7.691456],[-35.780103,-7.737938],[-35.871636,-7.749128],[-35.903951,-7.791835],[-35.969501,-7.789049],[-35.99758,-7.812906],[-36.070279,-7.780496],[-36.200501,-7.789492],[-36.216233,-7.763732],[-36.263059,-7.831329],[-36.304138,-7.807889],[-36.42361,-7.81537],[-36.445303,-7.915306],[-36.479699,-7.924352],[-36.551581,-7.898321],[-36.577697,-7.914727],[-36.576347,-7.959248],[-36.610859,-7.94775],[-36.627412,-8.055353],[-36.657023,-8.079622],[-36.62817,-8.110641],[-36.99074,-8.302552],[-37.087856,-8.255057],[-37.122463,-8.174015],[-37.16319,-8.165366],[-37.143592,-8.12393],[-37.149147,-8.023337],[-37.192267,-7.960197],[-37.355461,-7.974525],[-37.349009,-7.947919],[-37.308564,-7.933786],[-37.321629,-7.911081],[-37.244253,-7.873855],[-37.246745,-7.846404],[-37.221673,-7.841841],[-37.243243,-7.818594],[-37.151544,-7.779445],[-37.138537,-7.745118],[-37.194728,-7.651613],[-37.167536,-7.581462],[-37.121106,-7.535713],[-36.983824,-7.481724],[-37.023196,-7.433461],[-37.025849,-7.387539],[-37.164927,-7.336196],[-37.23253,-7.274732],[-37.331225,-7.289311],[-37.349127,-7.336581],[-37.385302,-7.356304],[-37.496522,-7.367137],[-37.486622,-7.394708],[-37.532754,-7.472599],[-37.629981,-7.53212],[-37.659306,-7.522331],[-37.706114,-7.550195],[-37.755453,-7.619119],[-37.738356,-7.659808],[-37.754298,-7.669604],[-37.782062,-7.626487],[-37.858093,-7.653228],[-37.971007,-7.776855],[-38.039134,-7.747743],[-38.069105,-7.772298],[-38.076734,-7.830163],[-38.163636,-7.779548],[-38.238183,-7.830337],[-38.286401,-7.829822],[-38.299429,-7.762812],[-38.316337,-7.764233],[-38.311646,-7.715927],[-38.357099,-7.676781],[-38.409246,-7.730089],[-38.45663,-7.717718],[-38.496192,-7.749647],[-38.593231,-7.753951],[-38.641701,-7.677252],[-38.714717,-7.62152],[-38.742407,-7.659923],[-38.819312,-7.664439],[-38.830268,-7.72],[-38.869368,-7.711145],[-38.881014,-7.747049],[-38.939201,-7.758381],[-38.965739,-7.84459],[-39.017491,-7.813521],[-39.090918,-7.857785],[-39.102227,-7.770655],[-39.135257,-7.722986],[-39.207728,-7.689212],[-39.25217,-7.704534],[-39.271613,-7.660052],[-39.30651,-7.664686],[-39.277615,-7.606602],[-39.317183,-7.540886],[-39.662188,-7.310208],[-39.915167,-7.337808],[-39.961097,-7.388578],[-40.24606,-7.433332],[-40.27167,-7.391727],[-40.318951,-7.373985],[-40.548081,-7.392315],[-40.712873,-7.472851],[-40.644026,-7.607345],[-40.673179,-7.761288],[-40.54336,-7.835174],[-40.543831,-7.964213],[-40.603466,-8.103186],[-40.589405,-8.137576],[-40.632635,-8.139152],[-40.708893,-8.22324],[-40.782402,-8.254684],[-40.779489,-8.301548],[-40.819126,-8.321524],[-40.837022,-8.380735],[-40.893298,-8.357423],[-40.926341,-8.445836],[-40.999806,-8.400252],[-41.038616,-8.431432],[-41.050722,-8.480082],[-41.078551,-8.472114],[-41.097571,-8.520365],[-41.148265,-8.533509],[-41.168777,-8.582907],[-41.211581,-8.602026],[-41.216972,-8.645135],[-41.357936,-8.707229],[-41.28115,-8.735693],[-41.226598,-8.704303],[-41.113256,-8.703597],[-41.124188,-8.752272],[-41.101379,-8.78156],[-41.035856,-8.785472],[-41.02086,-8.843156],[-40.97871,-8.823013],[-40.94611,-8.844587],[-40.920958,-8.835043],[-40.851215,-8.952099],[-40.803722,-9.09793],[-40.667025,-9.158669],[-40.69411,-9.233057],[-40.686229,-9.276438],[-40.755094,-9.313275],[-40.736899,-9.336477],[-40.74229,-9.400291],[-40.776329,-9.454027],[-40.721819,-9.445544],[-40.622789,-9.482496],[-40.5619,-9.460955],[-40.528956,-9.413674],[-40.467924,-9.420104],[-40.420508,-9.352161],[-40.357732,-9.376784],[-40.307434,-9.27099],[-40.28632,-9.116917],[-40.250327,-9.060099],[-40.12833,-9.109193],[-40.065263,-9.062782],[-39.957648,-9.048202],[-39.873572,-8.930907],[-39.894253,-8.831304],[-39.691468,-8.79681],[-39.671853,-8.778938],[-39.690755,-8.661922],[-39.607204,-8.655585],[-39.383353,-8.533223],[-39.282291,-8.567706],[-39.22347,-8.710925],[-39.168721,-8.691755],[-39.032059,-8.736936],[-38.953025,-8.803108],[-38.798427,-8.792369],[-38.706152,-8.861859],[-38.686068,-8.950568],[-38.640324,-8.986867],[-38.60879,-8.952355],[-38.603443,-8.880192],[-38.570844,-8.831192],[-38.47945,-8.849688],[-38.472893,-8.889137],[-38.519065,-8.947946],[-38.483023,-9.001073],[-38.40807,-9.038103],[-38.320245,-8.990659],[-38.295991,-9.02249],[-38.289727,-9.046939],[-38.325472,-9.077594],[-38.304212,-9.096378],[-38.318258,-9.140595],[-38.287209,-9.173472],[-38.237084,-9.329271],[-38.178595,-9.289209],[-38.143519,-9.217796],[-38.091895,-9.172308],[-37.978946,-9.147961],[-37.838701,-8.977969],[-37.828693,-8.893373],[-37.759906,-8.857214],[-37.684249,-8.966709],[-37.698445,-8.992052],[-37.661242,-8.986852],[-37.643234,-9.017872],[-37.583403,-8.969839],[-37.48985,-8.965277],[-37.493299,-9.000178],[-37.468964,-9.027257],[-37.315103,-9.093861],[-37.24282,-9.185618],[-37.23392,-9.239747],[-37.198125,-9.215148],[-37.158534,-9.238686],[-37.163921,-9.275289],[-37.105852,-9.239376],[-37.056784,-9.281366],[-37.058492,-9.317369],[-37.02387,-9.315293],[-36.952008,-9.38212],[-36.930012,-9.369613],[-36.9154,-9.298606],[-36.867795,-9.268107],[-36.796709,-9.292608],[-36.758342,-9.270976],[-36.693396,-9.274908],[-36.603786,-9.340622],[-36.566916,-9.331408],[-36.571399,-9.292158],[-36.502872,-9.270551],[-36.436564,-9.211683],[-36.41936,-9.229148],[-36.365259,-9.222202],[-36.309474,-9.172318],[-36.224498,-9.170589],[-36.266392,-9.101956],[-36.236004,-9.103065],[-36.195287,-9.044411],[-36.111033,-9.017249],[-36.126455,-8.955591],[-36.063478,-8.914917],[-35.964717,-8.90247],[-35.895731,-8.853841],[-35.844521,-8.872072],[-35.787121,-8.850705],[-35.782491,-8.897251],[-35.747919,-8.916723],[-35.629593,-8.879239],[-35.534661,-8.819121],[-35.467076,-8.814569],[-35.450358,-8.841008],[-35.176222,-8.888406],[-35.152043,-8.912951],[-35.066481,-8.643896],[-35.029971,-8.572878],[-35.004192,-8.565563],[-34.997815,-8.485435],[-34.940048,-8.351327],[-34.939612,-8.254089],[-34.837298,-8.00571],[-34.819094,-7.917353],[-34.84725,-7.815548],[-34.822488,-7.743071],[-34.84576,-7.688282],[-34.807046,-7.62495],[-34.833574,-7.54883]]],[[[-32.400572,-3.836927],[-32.467645,-3.87736],[-32.424411,-3.878278],[-32.390875,-3.85136],[-32.400572,-3.836927]]]]},"properties":{"id":16,"name":"Pernambuco","sigla":"PE","regiao_id":"4","codigo_ibg":"26","cartodb_id":16,"created_at":"2015-02-09T16:46:01Z","updated_at":"2015-02-09T16:46:01Z"}},
{"type":"Feature","geometry":{"type":"Polygon","coordinates":[[[-41.322306,-2.920971],[-41.480923,-2.896359],[-41.59311,-2.90514],[-41.813728,-2.738959],[-41.848666,-2.773167],[-41.840738,-2.818188],[-41.86511,-2.87453],[-41.796411,-2.966204],[-41.823894,-3.024143],[-41.922366,-3.107575],[-41.938667,-3.187008],[-41.964071,-3.178633],[-42.009922,-3.245962],[-42.115443,-3.261972],[-42.13219,-3.28971],[-42.099748,-3.311033],[-42.151811,-3.387118],[-42.18998,-3.395216],[-42.20399,-3.435414],[-42.298411,-3.452583],[-42.330421,-3.433506],[-42.392272,-3.447226],[-42.409294,-3.474856],[-42.431886,-3.454254],[-42.45831,-3.485303],[-42.497976,-3.447375],[-42.572087,-3.569135],[-42.609343,-3.585774],[-42.675365,-3.675239],[-42.66831,-3.790549],[-42.725816,-3.909646],[-42.784742,-3.957601],[-42.797528,-3.996248],[-42.823258,-3.991836],[-42.862544,-4.092509],[-42.902667,-4.123984],[-42.887906,-4.155103],[-42.935596,-4.161382],[-42.988804,-4.233691],[-42.962921,-4.376049],[-42.887312,-4.411443],[-42.876014,-4.46368],[-42.85005,-4.480991],[-42.874286,-4.581709],[-42.954199,-4.689096],[-42.920286,-4.736038],[-42.949395,-4.790325],[-42.89712,-4.842324],[-42.895895,-4.887541],[-42.854396,-4.936649],[-42.859189,-4.98187],[-42.797558,-5.182848],[-42.827104,-5.23344],[-42.811967,-5.281829],[-42.825925,-5.346574],[-42.962086,-5.446092],[-43.03421,-5.591883],[-43.080251,-5.599474],[-43.098607,-5.632817],[-43.077155,-5.731244],[-43.100941,-5.765103],[-43.096252,-5.829572],[-43.077214,-5.864768],[-43.099029,-5.900712],[-43.049361,-5.993384],[-43.074595,-6.054348],[-43.049587,-6.099368],[-42.98213,-6.129111],[-42.968194,-6.177875],[-42.866743,-6.234282],[-42.846612,-6.282113],[-42.8598,-6.330165],[-42.828943,-6.337041],[-42.877362,-6.417484],[-42.871432,-6.511559],[-42.919385,-6.669924],[-43.000776,-6.754076],[-43.081722,-6.747696],[-43.145638,-6.782716],[-43.244301,-6.765967],[-43.419644,-6.843448],[-43.481557,-6.834714],[-43.560446,-6.749547],[-43.58398,-6.7571],[-43.715621,-6.698807],[-43.794986,-6.702513],[-43.928052,-6.771091],[-43.960811,-6.741513],[-44.032993,-6.76002],[-44.069297,-6.820993],[-44.113928,-6.804673],[-44.102831,-6.852758],[-44.119498,-6.832404],[-44.2355,-6.99835],[-44.261581,-6.998338],[-44.305797,-7.116782],[-44.379632,-7.118637],[-44.563663,-7.227144],[-44.616326,-7.307511],[-44.662945,-7.331419],[-44.687572,-7.394145],[-44.729488,-7.390652],[-44.742567,-7.361833],[-44.780548,-7.37783],[-44.816324,-7.360815],[-44.868535,-7.421896],[-44.900986,-7.425645],[-44.924034,-7.4699],[-45.04451,-7.510844],[-45.155041,-7.513091],[-45.217738,-7.567459],[-45.232674,-7.549534],[-45.339354,-7.579855],[-45.373231,-7.618393],[-45.393663,-7.612621],[-45.434842,-7.675332],[-45.455584,-7.670276],[-45.496078,-7.749908],[-45.48953,-7.786143],[-45.539958,-7.864306],[-45.523217,-7.911802],[-45.555737,-7.953927],[-45.566669,-7.996736],[-45.549417,-8.014095],[-45.575871,-8.028697],[-45.561016,-8.047507],[-45.58105,-8.155652],[-45.661138,-8.249623],[-45.687117,-8.355156],[-45.731313,-8.415241],[-45.760948,-8.561439],[-45.79336,-8.584002],[-45.765218,-8.609179],[-45.815129,-8.632828],[-45.839528,-8.71488],[-45.934583,-8.7787],[-45.993873,-8.926466],[-45.943042,-9.014915],[-45.927656,-9.137514],[-45.896655,-9.186113],[-45.893256,-9.341779],[-45.823745,-9.374542],[-45.783406,-9.479703],[-45.841001,-9.561897],[-45.819532,-9.61795],[-45.8376,-9.69605],[-45.820999,-9.77272],[-45.865856,-9.87031],[-45.841865,-9.941148],[-45.878121,-10.10989],[-45.954872,-10.218032],[-45.945953,-10.258155],[-45.877436,-10.238925],[-45.793325,-10.267263],[-45.733433,-10.228185],[-45.72247,-10.154896],[-45.602765,-10.107574],[-45.567041,-10.139111],[-45.566848,-10.201137],[-45.525878,-10.236442],[-45.516714,-10.286135],[-45.429904,-10.359056],[-45.42408,-10.426077],[-45.396019,-10.446486],[-45.446839,-10.507007],[-45.446914,-10.555923],[-45.435502,-10.61946],[-45.374479,-10.667356],[-45.357802,-10.731791],[-45.271371,-10.774128],[-45.247635,-10.821551],[-45.072821,-10.840005],[-44.930806,-10.928339],[-44.863246,-10.88585],[-44.845442,-10.899327],[-44.750798,-10.78171],[-44.667273,-10.759639],[-44.667307,-10.685525],[-44.589108,-10.632004],[-44.50206,-10.649485],[-44.452878,-10.607334],[-44.400969,-10.606587],[-44.335243,-10.548554],[-44.263615,-10.624253],[-44.208243,-10.614911],[-44.146312,-10.641013],[-44.072611,-10.580291],[-44.017668,-10.404737],[-43.916816,-10.423994],[-43.914386,-10.383692],[-43.837763,-10.303407],[-43.836933,-10.250725],[-43.778686,-10.180056],[-43.76563,-10.079641],[-43.692516,-10.076982],[-43.661876,-10.003925],[-43.70255,-9.965704],[-43.690053,-9.929087],[-43.708637,-9.912808],[-43.652847,-9.838644],[-43.784519,-9.761973],[-43.798317,-9.694738],[-43.841551,-9.637019],[-43.849292,-9.547644],[-43.769327,-9.441643],[-43.686415,-9.417647],[-43.574182,-9.317684],[-43.46127,-9.261372],[-43.427457,-9.272158],[-43.373618,-9.350967],[-43.278369,-9.424166],[-43.218235,-9.400213],[-43.191304,-9.420026],[-43.158227,-9.37663],[-43.119603,-9.37213],[-43.059262,-9.396851],[-43.05665,-9.41738],[-42.98747,-9.40093],[-42.958006,-9.428464],[-42.945855,-9.518006],[-42.870522,-9.563524],[-42.836747,-9.549962],[-42.82016,-9.618822],[-42.764775,-9.616339],[-42.716502,-9.55587],[-42.719659,-9.530798],[-42.621248,-9.540823],[-42.586088,-9.49636],[-42.491784,-9.493047],[-42.487505,-9.46131],[-42.442525,-9.456995],[-42.318771,-9.319847],[-42.24334,-9.28851],[-42.100143,-9.28062],[-42.020962,-9.249773],[-41.999552,-9.26554],[-41.97188,-9.24823],[-41.917548,-9.278057],[-41.870136,-9.237026],[-41.837579,-9.241864],[-41.799682,-9.14762],[-41.7348,-9.094295],[-41.72322,-9.013136],[-41.680065,-9.011876],[-41.605411,-8.956998],[-41.544135,-8.960144],[-41.487463,-8.843498],[-41.42384,-8.802063],[-41.38196,-8.708455],[-41.357936,-8.707229],[-41.216972,-8.645135],[-41.211581,-8.602026],[-41.168777,-8.582907],[-41.148265,-8.533509],[-41.097571,-8.520365],[-41.078551,-8.472114],[-41.050722,-8.480082],[-41.038616,-8.431432],[-40.999806,-8.400252],[-40.926341,-8.445836],[-40.893298,-8.357423],[-40.837022,-8.380735],[-40.819126,-8.321524],[-40.779489,-8.301548],[-40.782402,-8.254684],[-40.708893,-8.22324],[-40.632635,-8.139152],[-40.589405,-8.137576],[-40.603466,-8.103186],[-40.543831,-7.964213],[-40.54336,-7.835174],[-40.673179,-7.761288],[-40.644026,-7.607345],[-40.712873,-7.472851],[-40.548081,-7.392315],[-40.54113,-7.331874],[-40.511794,-7.301411],[-40.489363,-7.118301],[-40.427342,-7.033492],[-40.436803,-7.015677],[-40.405875,-7.004936],[-40.428933,-6.99424],[-40.428142,-6.863868],[-40.37021,-6.802665],[-40.431793,-6.81259],[-40.47586,-6.734121],[-40.606744,-6.713686],[-40.731554,-6.653683],[-40.721627,-6.617297],[-40.791747,-6.512477],[-40.804777,-6.392747],[-40.780745,-6.323861],[-40.851847,-6.223839],[-40.84653,-6.131713],[-40.872947,-6.055878],[-40.906727,-6.041363],[-40.874062,-5.974332],[-40.938392,-5.672964],[-40.900688,-5.615392],[-40.932006,-5.54852],[-40.915439,-5.465808],[-40.942079,-5.419857],[-40.911175,-5.407002],[-40.935726,-5.365588],[-40.913135,-5.319102],[-40.911436,-5.269166],[-40.941592,-5.23992],[-40.921654,-5.226081],[-40.925133,-5.181109],[-40.982088,-5.153151],[-41.033625,-5.090694],[-41.052036,-5.103033],[-41.096627,-5.052777],[-41.131425,-5.047694],[-41.137143,-4.984597],[-41.22028,-4.93721],[-41.248798,-4.868725],[-41.207639,-4.776401],[-41.249962,-4.756258],[-41.173903,-4.667095],[-41.228954,-4.619729],[-41.221078,-4.580012],[-41.242161,-4.571146],[-41.190395,-4.515162],[-41.159635,-4.381133],[-41.119793,-4.330202],[-41.135526,-4.233147],[-41.090514,-4.169968],[-41.117952,-4.164863],[-41.142796,-4.123882],[-41.114012,-4.040281],[-41.182673,-4.018353],[-41.254308,-4.035393],[-41.219862,-3.941146],[-41.276477,-3.825261],[-41.300438,-3.825942],[-41.253745,-3.77468],[-41.239101,-3.712209],[-41.34137,-3.680416],[-41.33096,-3.62446],[-41.370226,-3.566788],[-41.336491,-3.553535],[-41.323704,-3.50287],[-41.298837,-3.490666],[-41.327636,-3.488297],[-41.347591,-3.414268],[-41.388617,-3.412029],[-41.402325,-3.362039],[-41.423139,-3.367652],[-41.31878,-3.14499],[-41.256275,-3.087663],[-41.25675,-3.004292],[-41.271941,-2.970922],[-41.318686,-2.956991],[-41.322306,-2.920971]]]},"properties":{"id":17,"name":"Piauí","sigla":"PI","regiao_id":"4","codigo_ibg":"22","cartodb_id":17,"created_at":"2015-02-09T16:46:01Z","updated_at":"2015-02-09T16:46:01Z"}},
{"type":"Feature","geometry":{"type":"Polygon","coordinates":[[[-48.09852,-25.310889],[-48.02308,-25.230467],[-48.056904,-25.217878],[-48.061559,-25.239482],[-48.114404,-25.250194],[-48.186718,-25.198397],[-48.156404,-25.144145],[-48.211715,-25.084942],[-48.209126,-25.02825],[-48.251197,-24.978246],[-48.277827,-25.0326],[-48.298895,-25.023897],[-48.333188,-25.070067],[-48.323659,-25.036242],[-48.410589,-24.979624],[-48.473566,-25.012048],[-48.528101,-25.10029],[-48.582178,-25.051061],[-48.597454,-25.002828],[-48.567036,-24.971666],[-48.571576,-24.894508],[-48.546354,-24.873257],[-48.56733,-24.846996],[-48.498829,-24.73846],[-48.531298,-24.736265],[-48.581366,-24.671118],[-48.616137,-24.668171],[-48.660848,-24.705954],[-48.676499,-24.671106],[-48.68988,-24.692892],[-48.7568,-24.679353],[-48.778165,-24.69623],[-48.828271,-24.655098],[-48.957965,-24.684781],[-49.009314,-24.657717],[-49.00425,-24.633923],[-49.041764,-24.640038],[-49.055322,-24.682147],[-49.185163,-24.672203],[-49.208421,-24.700343],[-49.304824,-24.672141],[-49.315499,-24.555006],[-49.280873,-24.536712],[-49.295013,-24.500909],[-49.246693,-24.468651],[-49.234973,-24.410542],[-49.253377,-24.407255],[-49.200279,-24.343974],[-49.282964,-24.30754],[-49.304885,-24.250935],[-49.355377,-24.211454],[-49.336789,-24.137192],[-49.429772,-24.08694],[-49.515705,-23.969453],[-49.51114,-23.925373],[-49.556501,-23.922235],[-49.610245,-23.851198],[-49.561876,-23.818075],[-49.571503,-23.754594],[-49.549358,-23.703227],[-49.616649,-23.639102],[-49.599718,-23.53513],[-49.628701,-23.51174],[-49.595152,-23.43989],[-49.566613,-23.426741],[-49.618872,-23.396485],[-49.589913,-23.382298],[-49.637107,-23.349226],[-49.625322,-23.286131],[-49.67783,-23.164573],[-49.730001,-23.140955],[-49.740867,-23.098797],[-49.789914,-23.101826],[-49.83317,-23.065454],[-49.911112,-23.050628],[-49.901044,-22.998664],[-49.971662,-22.958741],[-49.960888,-22.930382],[-49.985672,-22.897021],[-49.99576,-22.929046],[-50.046148,-22.902007],[-50.066978,-22.927026],[-50.182844,-22.95327],[-50.272897,-22.930513],[-50.339693,-22.947585],[-50.379894,-22.904446],[-50.416385,-22.912771],[-50.427473,-22.944507],[-50.504395,-22.94577],[-50.540884,-22.911612],[-50.608379,-22.923308],[-50.661794,-22.895208],[-50.741095,-22.960908],[-50.80565,-22.939813],[-50.792452,-22.893868],[-50.890392,-22.795326],[-50.94463,-22.803589],[-51.154396,-22.752386],[-51.263287,-22.66857],[-51.445795,-22.652778],[-51.498404,-22.690048],[-51.559066,-22.696696],[-51.628084,-22.658002],[-51.717664,-22.668533],[-51.752781,-22.617271],[-51.873011,-22.627763],[-51.940008,-22.566862],[-52.107133,-22.516211],[-52.148254,-22.548772],[-52.15617,-22.644239],[-52.222989,-22.673825],[-52.249904,-22.614947],[-52.304275,-22.635992],[-52.434781,-22.606908],[-52.502793,-22.633593],[-52.586219,-22.56604],[-52.701168,-22.626991],[-52.814925,-22.596567],[-52.857848,-22.607524],[-52.924226,-22.565147],[-52.984351,-22.575877],[-53.087301,-22.657924],[-53.104669,-22.621452],[-53.201436,-22.728292],[-53.354031,-22.776892],[-53.546304,-22.889621],[-53.6069,-22.950856],[-53.633603,-22.998018],[-53.636063,-23.124554],[-53.730098,-23.317225],[-53.770581,-23.371651],[-53.982333,-23.459527],[-54.075179,-23.764004],[-54.099323,-23.945986],[-54.287104,-24.06951],[-54.344697,-24.139573],[-54.322727,-24.249472],[-54.271107,-24.302577],[-54.257592,-24.36236],[-54.326794,-24.470355],[-54.324883,-24.660685],[-54.441297,-24.948607],[-54.4606,-25.094463],[-54.429612,-25.158893],[-54.500732,-25.298896],[-54.617326,-25.452526],[-54.593079,-25.591815],[-54.540338,-25.59455],[-54.525553,-25.627165],[-54.499891,-25.614024],[-54.429093,-25.694822],[-54.378146,-25.594379],[-54.345885,-25.606863],[-54.327784,-25.571655],[-54.28583,-25.556503],[-54.249437,-25.596676],[-54.230021,-25.562361],[-54.177977,-25.584268],[-54.206121,-25.542375],[-54.161315,-25.540574],[-54.099163,-25.494904],[-54.122632,-25.570848],[-54.098311,-25.618256],[-54.078793,-25.558622],[-54.049619,-25.584509],[-54.010449,-25.56653],[-53.956019,-25.644995],[-53.947238,-25.611319],[-53.911913,-25.635539],[-53.892053,-25.622098],[-53.887881,-25.659759],[-53.841791,-25.68764],[-53.876608,-25.708041],[-53.822351,-25.792061],[-53.848676,-25.835643],[-53.823216,-25.87194],[-53.848929,-25.883688],[-53.819,-25.898415],[-53.833534,-25.970366],[-53.734312,-26.042696],[-53.74067,-26.116477],[-53.65057,-26.193535],[-53.642566,-26.252258],[-53.586026,-26.254968],[-53.551168,-26.292261],[-53.496683,-26.302344],[-53.375075,-26.241553],[-53.280969,-26.246701],[-53.251865,-26.298588],[-53.090101,-26.390009],[-52.989824,-26.347346],[-52.949957,-26.361827],[-52.737252,-26.341682],[-52.678078,-26.35219],[-52.601021,-26.413537],[-52.522457,-26.400603],[-52.460757,-26.439366],[-52.400589,-26.422685],[-52.282331,-26.46202],[-52.185149,-26.444918],[-52.099184,-26.48233],[-52.092897,-26.512491],[-52.010731,-26.566059],[-51.873106,-26.599744],[-51.664564,-26.565587],[-51.614626,-26.590465],[-51.509564,-26.581689],[-51.411026,-26.71679],[-51.390768,-26.663387],[-51.282918,-26.653499],[-51.228168,-26.615517],[-51.223283,-26.550301],[-51.27378,-26.496581],[-51.253482,-26.463013],[-51.297305,-26.41897],[-51.252209,-26.375856],[-51.242771,-26.32357],[-51.104468,-26.274936],[-51.08267,-26.227889],[-51.054698,-26.244485],[-50.999975,-26.229988],[-50.944197,-26.282015],[-50.934518,-26.233383],[-50.899509,-26.288632],[-50.868551,-26.241798],[-50.838515,-26.270813],[-50.792803,-26.227245],[-50.718005,-26.244286],[-50.731307,-26.202919],[-50.64758,-26.12601],[-50.656755,-26.102597],[-50.627919,-26.062632],[-50.55259,-26.054944],[-50.591658,-26.042059],[-50.571305,-26.0033],[-50.54912,-26.038932],[-50.459234,-26.026584],[-50.323111,-26.134443],[-50.331574,-26.083208],[-50.251525,-26.050829],[-50.25103,-26.029735],[-50.182038,-26.078477],[-50.155384,-26.041562],[-50.171372,-26.024669],[-50.141516,-26.027111],[-50.14908,-26.057915],[-50.134258,-26.042991],[-50.120578,-26.063857],[-50.084328,-26.023049],[-50.077671,-26.045904],[-50.039339,-26.026506],[-50.005845,-26.044768],[-50.011056,-26.013509],[-49.993063,-26.011132],[-49.964074,-26.024789],[-49.972206,-26.057765],[-49.941727,-26.008382],[-49.934833,-26.031669],[-49.832087,-26.052703],[-49.843129,-26.072456],[-49.777947,-26.118898],[-49.767551,-26.104296],[-49.724409,-26.14325],[-49.727263,-26.169911],[-49.71019,-26.153892],[-49.67627,-26.175497],[-49.689346,-26.187962],[-49.652711,-26.186709],[-49.645201,-26.2091],[-49.629912,-26.190489],[-49.634748,-26.208134],[-49.554595,-26.236831],[-49.539681,-26.213275],[-49.496072,-26.220813],[-49.458671,-26.162234],[-49.369799,-26.15546],[-49.289294,-26.102204],[-49.237523,-26.030853],[-49.174795,-26.001348],[-49.140769,-26.015061],[-49.125072,-25.995744],[-49.0706,-25.999214],[-49.054738,-26.020048],[-48.997663,-26.011327],[-48.960277,-25.979268],[-48.680179,-25.98056],[-48.642921,-25.955779],[-48.633036,-25.976958],[-48.593948,-25.976585],[-48.563524,-25.856528],[-48.53467,-25.849504],[-48.438688,-25.654056],[-48.380324,-25.595468],[-48.297938,-25.566998],[-48.276429,-25.513542],[-48.309261,-25.492769],[-48.216822,-25.467793],[-48.09852,-25.310889]]]},"properties":{"id":18,"name":"Paraná","sigla":"PR","regiao_id":"1","codigo_ibg":"41","cartodb_id":18,"created_at":"2015-02-09T16:46:01Z","updated_at":"2015-02-09T16:46:01Z"}},
{"type":"Feature","geometry":{"type":"MultiPolygon","coordinates":[[[[-44.512726,-23.292935],[-44.536519,-23.267531],[-44.58375,-23.266328],[-44.559892,-23.227086],[-44.596291,-23.234642],[-44.655376,-23.295325],[-44.613157,-23.234064],[-44.692123,-23.252699],[-44.662437,-23.21426],[-44.624096,-23.221065],[-44.642933,-23.185336],[-44.71216,-23.233387],[-44.690325,-23.08257],[-44.644971,-23.046452],[-44.596285,-23.045394],[-44.598975,-23.063111],[-44.483244,-23.008114],[-44.430729,-23.020322],[-44.433176,-22.962643],[-44.411845,-22.94136],[-44.377236,-22.969267],[-44.349483,-22.945591],[-44.369634,-22.944467],[-44.363577,-22.923385],[-44.323242,-22.92965],[-44.332128,-22.966523],[-44.299035,-22.957697],[-44.357848,-23.022871],[-44.303978,-23.00216],[-44.29011,-23.023858],[-44.248042,-22.995873],[-44.221925,-23.011082],[-44.236985,-23.056383],[-44.10971,-23.022885],[-44.083079,-22.958972],[-44.046159,-22.938242],[-44.046613,-22.983945],[-44.002923,-22.938241],[-43.836363,-22.903085],[-43.851509,-22.92433],[-43.775204,-22.920896],[-43.720365,-22.973798],[-43.572647,-23.050221],[-43.614078,-23.031367],[-43.711437,-23.055581],[-43.56755,-23.063343],[-43.55311,-23.075581],[-43.44352,-23.021716],[-43.285904,-23.016048],[-43.190704,-22.990381],[-43.150045,-22.950033],[-43.180179,-22.947511],[-43.168507,-22.915481],[-43.177351,-22.895572],[-43.23788,-22.861561],[-43.28736,-22.808748],[-43.277663,-22.780391],[-43.235468,-22.735181],[-43.126903,-22.713752],[-43.085418,-22.677155],[-43.031748,-22.692003],[-43.026441,-22.741777],[-43.067869,-22.768579],[-43.065733,-22.802319],[-43.13473,-22.882832],[-43.133076,-22.908425],[-43.095014,-22.925855],[-43.1353,-22.938257],[-43.053928,-22.962807],[-43.0515,-22.982245],[-42.517282,-22.93206],[-42.076339,-22.955152],[-42.012857,-22.997335],[-42.018797,-22.970789],[-41.99661,-22.960003],[-42.025751,-22.955867],[-42.030855,-22.904252],[-41.980882,-22.872361],[-41.969655,-22.820981],[-41.886592,-22.776935],[-41.873498,-22.737337],[-41.918995,-22.770744],[-41.984635,-22.717287],[-41.997933,-22.608329],[-41.96856,-22.54242],[-41.93244,-22.537547],[-41.861808,-22.476922],[-41.841418,-22.435368],[-41.767513,-22.388381],[-41.766804,-22.354087],[-41.537919,-22.232486],[-41.203276,-22.13165],[-40.984671,-21.999235],[-40.973822,-21.946767],[-41.025717,-21.720552],[-41.009998,-21.611497],[-41.056188,-21.585148],[-41.073653,-21.514831],[-40.960202,-21.360894],[-40.957184,-21.302959],[-40.994867,-21.285098],[-41.006026,-21.251673],[-41.040982,-21.254669],[-41.09203,-21.218159],[-41.160566,-21.245512],[-41.240871,-21.220665],[-41.276665,-21.239754],[-41.377109,-21.195249],[-41.447527,-21.213638],[-41.478837,-21.181751],[-41.565311,-21.182236],[-41.587396,-21.148311],[-41.717586,-21.123331],[-41.707457,-21.106648],[-41.735717,-21.102283],[-41.710368,-20.990953],[-41.736005,-20.927984],[-41.711998,-20.871073],[-41.741324,-20.871379],[-41.755267,-20.807047],[-41.813448,-20.804775],[-41.874501,-20.766324],[-41.927726,-20.794499],[-41.925764,-20.83759],[-41.976257,-20.935011],[-42.093237,-20.935765],[-42.151261,-20.973889],[-42.080057,-21.035198],[-42.100705,-21.033966],[-42.139872,-21.102391],[-42.163957,-21.100962],[-42.20808,-21.177719],[-42.189283,-21.249405],[-42.228571,-21.283935],[-42.23873,-21.401335],[-42.278651,-21.410083],[-42.292204,-21.459544],[-42.252349,-21.489779],[-42.368575,-21.619118],[-42.364603,-21.6458],[-42.274872,-21.676418],[-42.271127,-21.714706],[-42.88209,-21.959616],[-43.038162,-22.046554],[-43.032182,-22.066031],[-43.072998,-22.093352],[-43.106327,-22.083542],[-43.136462,-22.108805],[-43.153699,-22.077482],[-43.130661,-22.029483],[-43.202228,-22.036522],[-43.246126,-22.006538],[-43.300569,-22.019144],[-43.346429,-22.003372],[-43.462045,-22.072151],[-43.513182,-22.05883],[-43.562174,-22.0873],[-43.585661,-22.051532],[-43.611933,-22.081323],[-43.652151,-22.066616],[-43.673225,-22.089077],[-43.691428,-22.070413],[-43.733577,-22.096101],[-43.76557,-22.062424],[-44.004623,-22.161884],[-44.099654,-22.172809],[-44.12109,-22.208619],[-44.235046,-22.265704],[-44.291078,-22.242562],[-44.387154,-22.272003],[-44.456015,-22.256748],[-44.532779,-22.329933],[-44.587295,-22.321124],[-44.659962,-22.379067],[-44.723544,-22.359454],[-44.808797,-22.404772],[-44.739979,-22.426123],[-44.715263,-22.513752],[-44.679984,-22.52569],[-44.676953,-22.560484],[-44.641293,-22.558867],[-44.633017,-22.60873],[-44.583696,-22.625451],[-44.572611,-22.601451],[-44.54852,-22.605681],[-44.525634,-22.619019],[-44.53485,-22.637035],[-44.508152,-22.640445],[-44.487098,-22.605654],[-44.405913,-22.607124],[-44.383979,-22.573224],[-44.359936,-22.581267],[-44.355966,-22.613765],[-44.343206,-22.587936],[-44.226373,-22.604073],[-44.160514,-22.677824],[-44.250038,-22.757064],[-44.241274,-22.792668],[-44.269527,-22.829798],[-44.373799,-22.857581],[-44.41296,-22.847745],[-44.466562,-22.884558],[-44.494289,-22.845988],[-44.543787,-22.884431],[-44.606627,-22.885186],[-44.659048,-22.927379],[-44.743409,-22.947096],[-44.75485,-22.979802],[-44.792039,-22.981663],[-44.824436,-23.160976],[-44.872614,-23.183806],[-44.888492,-23.223999],[-44.723999,-23.367601],[-44.717953,-23.347215],[-44.640392,-23.332731],[-44.591064,-23.362217],[-44.556145,-23.305365],[-44.512726,-23.292935]],[[-43.351032,-22.993442],[-43.412473,-22.985408],[-43.363477,-22.973616],[-43.301464,-23.008986],[-43.351032,-22.993442]]],[[[-44.233217,-23.089435],[-44.284355,-23.136079],[-44.295221,-23.114086],[-44.326807,-23.154363],[-44.377253,-23.171793],[-44.341577,-23.181374],[-44.348763,-23.226125],[-44.302118,-23.177553],[-44.251285,-23.204502],[-44.196561,-23.203563],[-44.158908,-23.171507],[-44.129448,-23.1703],[-44.131832,-23.187306],[-44.095011,-23.174667],[-44.114653,-23.148256],[-44.140629,-23.156335],[-44.127064,-23.119558],[-44.164568,-23.141634],[-44.169374,-23.11855],[-44.215906,-23.109251],[-44.195568,-23.098296],[-44.233217,-23.089435]]],[[[-43.827899,-23.057298],[-43.907112,-23.026079],[-43.880567,-23.041434],[-43.884677,-23.067013],[-43.954798,-23.039639],[-44.012122,-23.077813],[-43.986382,-23.10176],[-43.777995,-23.060451],[-43.827899,-23.057298]]],[[[-43.182492,-22.781033],[-43.263556,-22.810152],[-43.242993,-22.83227],[-43.209409,-22.814823],[-43.172105,-22.830299],[-43.181247,-22.803067],[-43.157083,-22.778246],[-43.182492,-22.781033]]],[[[-43.913351,-22.93897],[-43.896254,-22.95779],[-43.867707,-22.925566],[-43.913351,-22.93897]]],[[[-43.23788,-22.861561],[-43.214119,-22.866225],[-43.229021,-22.836474],[-43.23788,-22.861561]]]]},"properties":{"id":19,"name":"Rio de Janeiro","sigla":"RJ","regiao_id":"2","codigo_ibg":"33","cartodb_id":19,"created_at":"2015-02-09T16:46:01Z","updated_at":"2015-02-09T16:46:01Z"}},
{"type":"Feature","geometry":{"type":"Polygon","coordinates":[[[-34.969063,-6.487837],[-34.991654,-6.372879],[-35.029729,-6.344011],[-35.03678,-6.235614],[-35.093985,-6.181791],[-35.106813,-6.005917],[-35.145732,-5.962856],[-35.154244,-5.8834],[-35.179179,-5.867842],[-35.204289,-5.740477],[-35.192704,-5.698236],[-35.218043,-5.670782],[-35.260708,-5.480447],[-35.3096,-5.391386],[-35.353542,-5.358195],[-35.388577,-5.256704],[-35.488629,-5.157973],[-35.616568,-5.111854],[-35.974274,-5.04165],[-36.151297,-5.095027],[-36.308044,-5.102526],[-36.482934,-5.061721],[-36.689467,-5.091868],[-36.703747,-5.064785],[-36.722619,-5.074975],[-36.798957,-5.038371],[-36.881175,-4.948622],[-36.962159,-4.919381],[-37.038385,-4.95068],[-37.097607,-4.924537],[-37.166727,-4.931755],[-37.251574,-4.832043],[-37.639945,-4.926029],[-37.677261,-5.052997],[-37.723672,-5.069471],[-37.764566,-5.139239],[-37.789642,-5.210564],[-37.782719,-5.294437],[-37.847084,-5.339646],[-37.901598,-5.497133],[-37.98965,-5.555416],[-38.033884,-5.636771],[-38.082335,-5.672168],[-38.088566,-5.727706],[-38.04669,-5.730028],[-38.11848,-5.832452],[-38.124554,-5.887229],[-38.164332,-5.945699],[-38.244118,-5.999075],[-38.276625,-6.069567],[-38.304418,-6.086582],[-38.3464,-6.066894],[-38.36487,-6.08807],[-38.400714,-6.05325],[-38.446934,-6.084893],[-38.500944,-6.190559],[-38.526822,-6.192993],[-38.52791,-6.237049],[-38.578217,-6.279809],[-38.564007,-6.355795],[-38.50504,-6.356124],[-38.45723,-6.329322],[-38.489546,-6.364841],[-38.48585,-6.398363],[-38.400711,-6.409595],[-38.37329,-6.455393],[-38.329168,-6.459637],[-38.288334,-6.505226],[-38.238845,-6.479907],[-38.147496,-6.491098],[-38.115253,-6.521298],[-38.051065,-6.442017],[-38.04025,-6.472656],[-38.012339,-6.467886],[-38.013305,-6.427039],[-37.978695,-6.426306],[-37.955007,-6.397821],[-37.927642,-6.421105],[-37.885857,-6.396611],[-37.887834,-6.36398],[-37.841141,-6.362642],[-37.810031,-6.29127],[-37.757271,-6.290385],[-37.776049,-6.245405],[-37.74881,-6.193441],[-37.458555,-6.144615],[-37.445295,-6.111813],[-37.393235,-6.109001],[-37.378391,-6.084748],[-37.272073,-6.055314],[-37.254662,-6.027901],[-37.173524,-6.047629],[-37.165279,-6.169986],[-37.251122,-6.22607],[-37.274322,-6.281036],[-37.318407,-6.279965],[-37.364236,-6.323818],[-37.395723,-6.400761],[-37.396491,-6.513817],[-37.482732,-6.550019],[-37.465791,-6.659567],[-37.4843,-6.709643],[-37.283311,-6.69352],[-37.272729,-6.767061],[-37.234195,-6.82424],[-37.190263,-6.82497],[-37.128781,-6.765932],[-37.001796,-6.709172],[-36.977207,-6.721459],[-36.956723,-6.79008],[-36.834611,-6.730674],[-36.772309,-6.786668],[-36.769043,-6.838351],[-36.729776,-6.835996],[-36.765753,-6.935201],[-36.718142,-6.982333],[-36.687699,-6.926601],[-36.609366,-6.936436],[-36.569367,-6.847608],[-36.506515,-6.812625],[-36.503996,-6.755768],[-36.557345,-6.710372],[-36.524114,-6.599256],[-36.460085,-6.633996],[-36.435425,-6.625481],[-36.442962,-6.56028],[-36.525418,-6.500765],[-36.52875,-6.446724],[-36.49942,-6.357771],[-36.429873,-6.36186],[-36.39413,-6.29358],[-36.362169,-6.309583],[-36.307152,-6.281104],[-36.279444,-6.308456],[-36.295169,-6.392964],[-36.250723,-6.404027],[-36.249331,-6.436963],[-36.110835,-6.428529],[-36.079565,-6.404793],[-35.977186,-6.488506],[-35.772861,-6.482404],[-35.657922,-6.445571],[-35.558546,-6.492388],[-35.441724,-6.478532],[-35.330279,-6.543937],[-35.222472,-6.516047],[-35.169792,-6.557986],[-35.09503,-6.497272],[-35.057216,-6.527386],[-34.969063,-6.487837]]]},"properties":{"id":20,"name":"Rio Grande do Norte","sigla":"RN","regiao_id":"4","codigo_ibg":"24","cartodb_id":20,"created_at":"2015-02-09T16:46:01Z","updated_at":"2015-02-09T16:46:01Z"}},
{"type":"Feature","geometry":{"type":"Polygon","coordinates":[[[-66.458886,-9.87524],[-66.42635,-9.869326],[-66.425765,-9.898307],[-66.403097,-9.864111],[-66.359259,-9.865725],[-66.315352,-9.831052],[-66.28558,-9.844205],[-66.237661,-9.815369],[-66.203049,-9.834125],[-66.151634,-9.785176],[-66.099807,-9.784196],[-66.092693,-9.813262],[-66.06445,-9.784456],[-66.023044,-9.811118],[-65.966146,-9.804215],[-65.971943,-9.776949],[-65.919003,-9.753295],[-65.870792,-9.752943],[-65.859592,-9.794031],[-65.799571,-9.756238],[-65.811943,-9.772034],[-65.793885,-9.791228],[-65.773854,-9.734197],[-65.74375,-9.781481],[-65.684737,-9.7487],[-65.709554,-9.80607],[-65.689337,-9.812248],[-65.668496,-9.780675],[-65.629934,-9.833908],[-65.558636,-9.843299],[-65.56375,-9.811551],[-65.531387,-9.781255],[-65.503326,-9.786137],[-65.499851,-9.729482],[-65.446487,-9.696661],[-65.442909,-9.669737],[-65.362879,-9.711545],[-65.319927,-9.81409],[-65.285523,-9.841057],[-65.332439,-9.957326],[-65.288236,-10.219427],[-65.320744,-10.296942],[-65.391211,-10.37399],[-65.389847,-10.447152],[-65.428905,-10.480558],[-65.397454,-10.579647],[-65.413452,-10.623631],[-65.35775,-10.656938],[-65.344059,-10.690444],[-65.343521,-10.768874],[-65.366168,-10.792086],[-65.275343,-10.870244],[-65.265218,-10.915794],[-65.283725,-10.926142],[-65.251116,-10.983501],[-65.299704,-11.03094],[-65.283979,-11.088451],[-65.362907,-11.146815],[-65.349735,-11.186284],[-65.318508,-11.198719],[-65.359324,-11.222285],[-65.345635,-11.303355],[-65.291217,-11.323712],[-65.334824,-11.354493],[-65.308626,-11.492864],[-65.211262,-11.530012],[-65.23372,-11.569755],[-65.217359,-11.65181],[-65.260048,-11.706421],[-65.185585,-11.755809],[-65.178097,-11.721208],[-65.088328,-11.708778],[-65.059155,-11.790268],[-65.070097,-11.868657],[-65.015134,-11.894246],[-65.031394,-11.994531],[-64.974455,-12.018233],[-64.947008,-11.993736],[-64.917703,-12.026228],[-64.837946,-12.010891],[-64.808412,-12.053637],[-64.841203,-12.093447],[-64.831092,-12.121174],[-64.787865,-12.085337],[-64.759255,-12.101845],[-64.768391,-12.143512],[-64.751667,-12.157196],[-64.735511,-12.097813],[-64.707966,-12.086389],[-64.717191,-12.142013],[-64.697384,-12.186898],[-64.575144,-12.21483],[-64.547251,-12.241627],[-64.51211,-12.222395],[-64.492244,-12.293809],[-64.512324,-12.346591],[-64.415526,-12.440986],[-64.293048,-12.458574],[-64.290809,-12.500246],[-64.231165,-12.455159],[-64.17216,-12.466875],[-64.162918,-12.513585],[-64.134427,-12.476199],[-64.1221,-12.504977],[-64.093648,-12.484436],[-63.956265,-12.530383],[-63.900025,-12.505539],[-63.888322,-12.449057],[-63.835075,-12.46155],[-63.785671,-12.427493],[-63.621392,-12.472406],[-63.550958,-12.50755],[-63.50094,-12.566837],[-63.434102,-12.565846],[-63.438907,-12.605877],[-63.409294,-12.61063],[-63.376852,-12.655348],[-63.294905,-12.681404],[-63.235221,-12.688728],[-63.243475,-12.66212],[-63.192185,-12.651007],[-63.192383,-12.623248],[-63.161606,-12.638884],[-63.15717,-12.613427],[-63.13905,-12.644718],[-63.092766,-12.657478],[-63.09504,-12.683185],[-63.06153,-12.685283],[-63.079526,-12.724068],[-63.0407,-12.749388],[-63.007587,-12.837071],[-62.976253,-12.858724],[-62.920654,-12.840381],[-62.891422,-12.85842],[-62.845203,-12.948264],[-62.805317,-12.940171],[-62.778397,-13.009093],[-62.743149,-12.999839],[-62.729096,-13.020295],[-62.650176,-12.965127],[-62.62622,-13.015269],[-62.601423,-13.012017],[-62.608937,-13.042169],[-62.501718,-13.082613],[-62.478289,-13.056994],[-62.471256,-13.078394],[-62.453311,-13.064309],[-62.456757,-13.086189],[-62.43851,-13.080526],[-62.391395,-13.134294],[-62.271402,-13.155237],[-62.214086,-13.110863],[-62.190321,-13.153316],[-62.169835,-13.113468],[-62.14866,-13.16176],[-62.128005,-13.147896],[-62.114514,-13.163312],[-62.115034,-13.258007],[-62.012977,-13.329978],[-61.999894,-13.370512],[-61.970725,-13.373791],[-61.969772,-13.405746],[-61.892336,-13.430471],[-61.882557,-13.496841],[-61.840376,-13.54837],[-61.776181,-13.519188],[-61.756676,-13.540067],[-61.694399,-13.500792],[-61.607224,-13.511073],[-61.576077,-13.488165],[-61.569087,-13.517989],[-61.469337,-13.554668],[-61.308109,-13.503378],[-61.295661,-13.477367],[-61.279721,-13.505171],[-61.247691,-13.495814],[-61.193572,-13.535941],[-61.183352,-13.507452],[-61.105455,-13.531159],[-61.089767,-13.491656],[-61.059665,-13.511366],[-61.034807,-13.50054],[-61.046291,-13.484223],[-61.014275,-13.487077],[-60.987683,-13.499864],[-61.006923,-13.50802],[-61.005687,-13.54663],[-60.922386,-13.540396],[-60.878948,-13.617166],[-60.773497,-13.660793],[-60.764938,-13.684676],[-60.70778,-13.692483],[-60.685484,-13.62482],[-60.631655,-13.571292],[-60.577101,-13.56482],[-60.50615,-13.501554],[-60.431458,-13.488028],[-60.387376,-13.454285],[-60.360833,-13.299324],[-60.267962,-13.144565],[-60.282449,-13.080147],[-60.214749,-13.026575],[-60.188736,-12.970739],[-60.116626,-12.959148],[-60.085994,-12.8983],[-60.068196,-12.615595],[-59.934684,-12.486681],[-59.855311,-12.478193],[-59.818718,-12.378347],[-59.773813,-12.340553],[-59.891778,-12.245054],[-59.900699,-12.115042],[-59.978815,-12.02915],[-59.984634,-11.913945],[-60.076093,-11.884889],[-60.108231,-11.839182],[-60.114345,-11.591064],[-59.920097,-11.397613],[-59.927235,-11.310038],[-59.95893,-11.294337],[-59.98149,-11.233105],[-59.963484,-11.18872],[-59.997233,-11.150966],[-59.976238,-11.121993],[-60.066176,-11.125115],[-60.08371,-11.09645],[-60.204262,-11.111727],[-60.270456,-11.098298],[-60.30071,-11.056758],[-60.347895,-11.073649],[-60.347429,-11.108644],[-60.391014,-11.093398],[-60.413574,-11.04309],[-60.446057,-11.041757],[-60.437399,-11.016292],[-60.459516,-10.989463],[-61.549712,-10.985703],[-61.518965,-10.949305],[-61.510017,-10.793926],[-61.473291,-10.79712],[-61.487825,-10.73601],[-61.471849,-10.714586],[-61.49801,-10.688029],[-61.461237,-10.41952],[-61.552791,-10.306614],[-61.577066,-10.226201],[-61.551178,-10.197388],[-61.59965,-10.154439],[-61.583171,-10.059762],[-61.530652,-9.989462],[-61.507378,-9.860696],[-61.524376,-9.795344],[-61.546807,-9.787161],[-61.530962,-9.739527],[-61.573828,-9.71728],[-61.504734,-9.691003],[-61.477057,-9.626913],[-61.502483,-9.614959],[-61.512906,-9.528151],[-61.549007,-9.514839],[-61.525539,-9.50129],[-61.578094,-9.471235],[-61.552256,-9.387175],[-61.625377,-9.362561],[-61.611941,-9.280022],[-61.632006,-9.266243],[-61.575278,-9.237342],[-61.525876,-9.243674],[-61.523091,-9.178641],[-61.554402,-9.089868],[-61.468111,-8.917145],[-61.525538,-8.816461],[-61.582423,-8.79831],[-61.605491,-8.794334],[-61.630019,-8.721581],[-61.704825,-8.707149],[-61.712737,-8.687474],[-61.741316,-8.694817],[-61.77407,-8.747851],[-61.835964,-8.732345],[-61.8595,-8.852734],[-61.905349,-8.874129],[-61.984687,-8.878228],[-62.030525,-8.799329],[-62.124437,-8.801291],[-62.164552,-8.679015],[-62.199997,-8.643915],[-62.17611,-8.636544],[-62.187856,-8.590182],[-62.268353,-8.575382],[-62.292749,-8.595615],[-62.280771,-8.638212],[-62.340551,-8.602451],[-62.325271,-8.56333],[-62.365519,-8.493185],[-62.366551,-8.389222],[-62.464942,-8.339362],[-62.525603,-8.382677],[-62.550992,-8.35782],[-62.561386,-8.283631],[-62.649414,-8.236651],[-62.686133,-8.173399],[-62.672499,-8.144938],[-62.69175,-8.092534],[-62.866087,-7.975496],[-63.620267,-7.968921],[-63.621259,-8.029235],[-63.66648,-8.081226],[-63.669379,-8.121367],[-63.746515,-8.198207],[-63.722242,-8.249121],[-63.77299,-8.320355],[-63.790714,-8.332839],[-63.870245,-8.288443],[-63.910321,-8.328148],[-63.943608,-8.330811],[-63.94486,-8.387449],[-63.97738,-8.419754],[-63.940323,-8.451887],[-63.973991,-8.486861],[-63.924056,-8.575147],[-63.94544,-8.609106],[-63.985695,-8.585255],[-64.027357,-8.715286],[-64.13036,-8.721781],[-64.144254,-8.776067],[-64.128947,-8.804783],[-64.157693,-8.842785],[-64.148942,-8.958555],[-64.310813,-8.996089],[-64.322894,-8.92848],[-64.446073,-8.976487],[-64.549626,-8.977888],[-64.61058,-9.016071],[-64.670883,-9.014415],[-64.702961,-8.989506],[-64.76069,-9.0202],[-64.786811,-8.988069],[-64.838837,-8.993728],[-64.916781,-9.042756],[-64.939444,-9.124184],[-64.919198,-9.219896],[-64.935593,-9.255427],[-65.000034,-9.30423],[-65.005365,-9.343145],[-65.097373,-9.43213],[-65.142404,-9.446424],[-65.184149,-9.426604],[-65.17307,-9.385064],[-65.195685,-9.374876],[-65.207553,-9.285247],[-65.246189,-9.257276],[-65.384747,-9.337642],[-65.446554,-9.31599],[-65.456137,-9.400819],[-65.434254,-9.465947],[-65.492341,-9.473274],[-65.506089,-9.44731],[-65.596321,-9.413476],[-65.678985,-9.451002],[-65.680551,-9.500019],[-65.723101,-9.558664],[-65.749884,-9.553232],[-65.79108,-9.585253],[-65.824637,-9.529702],[-65.912199,-9.483358],[-65.969866,-9.412766],[-66.123468,-9.408386],[-66.173214,-9.434026],[-66.267393,-9.409369],[-66.307088,-9.43645],[-66.408458,-9.406552],[-66.392013,-9.500085],[-66.494523,-9.601186],[-66.50022,-9.633167],[-66.585922,-9.67316],[-66.609064,-9.6645],[-66.725017,-9.755671],[-66.774996,-9.752687],[-66.805966,-9.814127],[-66.619301,-9.893602],[-66.580972,-9.904468],[-66.54327,-9.877037],[-66.458886,-9.87524]]]},"properties":{"id":21,"name":"Rondônia","sigla":"RO","regiao_id":"3","codigo_ibg":"11","cartodb_id":21,"created_at":"2015-02-09T16:46:01Z","updated_at":"2015-02-09T16:46:01Z"}},
{"type":"Feature","geometry":{"type":"Polygon","coordinates":[[[-59.912557,3.147637],[-59.907681,3.210548],[-59.874893,3.223908],[-59.887483,3.242226],[-59.832832,3.352916],[-59.806231,3.354814],[-59.815198,3.426199],[-59.841113,3.426493],[-59.803145,3.507549],[-59.865229,3.577268],[-59.850013,3.604255],[-59.765699,3.626552],[-59.66785,3.703472],[-59.678771,3.758836],[-59.632858,3.796732],[-59.59538,3.796177],[-59.578165,3.831999],[-59.593936,3.884295],[-59.517455,3.943488],[-59.547838,3.979183],[-59.584275,3.967832],[-59.57427,4.001999],[-59.589277,3.995951],[-59.614953,4.054036],[-59.648756,4.071831],[-59.615869,4.132479],[-59.724047,4.182787],[-59.735102,4.235546],[-59.707334,4.26839],[-59.730974,4.284515],[-59.677871,4.340905],[-59.675067,4.37276],[-59.793852,4.446491],[-59.793594,4.465828],[-59.812065,4.445782],[-59.859246,4.449577],[-59.872441,4.480403],[-59.904963,4.456104],[-59.965179,4.503396],[-59.973266,4.478285],[-60.070384,4.494211],[-60.09094,4.523661],[-60.104256,4.501471],[-60.161946,4.508342],[-60.156774,4.565878],[-60.139832,4.55647],[-60.126335,4.59661],[-60.074557,4.60895],[-60.078081,4.649014],[-60.02955,4.700879],[-60.039198,4.784004],[-59.989703,4.986605],[-59.996159,5.084921],[-60.094423,5.141877],[-60.134958,5.249347],[-60.170265,5.227747],[-60.209706,5.270855],[-60.327605,5.205878],[-60.4119,5.213816],[-60.433663,5.181756],[-60.453075,5.203252],[-60.570092,5.196876],[-60.650379,5.230736],[-60.722588,5.220316],[-60.735587,5.202335],[-60.686072,5.194665],[-60.656082,5.156681],[-60.641592,5.056933],[-60.58348,4.956123],[-60.59128,4.927245],[-60.651801,4.884973],[-60.658402,4.85016],[-60.742665,4.761675],[-60.805976,4.748593],[-60.853176,4.704286],[-60.90016,4.715753],[-60.916951,4.665296],[-60.949067,4.653031],[-60.931911,4.586744],[-60.955738,4.584017],[-60.957141,4.551664],[-60.995552,4.518033],[-61.092062,4.522765],[-61.146147,4.482913],[-61.216517,4.534599],[-61.321408,4.535125],[-61.321009,4.503955],[-61.278268,4.47845],[-61.288933,4.458214],[-61.344015,4.420068],[-61.447683,4.439428],[-61.512765,4.406575],[-61.526205,4.341485],[-61.507629,4.32152],[-61.559075,4.254601],[-61.590015,4.244527],[-61.607607,4.261436],[-61.637964,4.23864],[-61.665585,4.263173],[-61.724445,4.247493],[-61.722945,4.26977],[-61.7744,4.249856],[-61.763133,4.232823],[-61.799993,4.22764],[-61.823408,4.163971],[-61.922504,4.155869],[-61.93003,4.103728],[-61.983734,4.179663],[-62.027356,4.152239],[-62.076184,4.154232],[-62.071219,4.125611],[-62.096492,4.127828],[-62.14506,4.075258],[-62.196494,4.113382],[-62.326464,4.135049],[-62.352886,4.165607],[-62.437095,4.183369],[-62.462287,4.178291],[-62.47758,4.131197],[-62.530907,4.136704],[-62.523174,4.118571],[-62.551997,4.10922],[-62.533149,4.04731],[-62.561637,4.036431],[-62.556391,4.018108],[-62.608577,4.043524],[-62.747222,4.034892],[-62.767867,4.006055],[-62.743169,3.974107],[-62.788086,3.893735],[-62.753483,3.85035],[-62.770854,3.834936],[-62.728442,3.805052],[-62.736219,3.689501],[-62.746587,3.673541],[-62.834928,3.737826],[-62.91824,3.671867],[-62.959555,3.608111],[-63.08061,3.693682],[-63.059136,3.747958],[-63.102615,3.793663],[-63.203636,3.812035],[-63.225946,3.835884],[-63.232799,3.88158],[-63.205667,3.951764],[-63.278848,3.957081],[-63.310714,3.981944],[-63.311879,3.961325],[-63.337823,3.958317],[-63.428172,3.977551],[-63.449817,3.954871],[-63.410902,3.913937],[-63.434534,3.867905],[-63.489815,3.873784],[-63.498192,3.843075],[-63.551228,3.865329],[-63.554991,3.890962],[-63.588091,3.885875],[-63.591507,3.928658],[-63.680225,4.017368],[-63.699844,3.944774],[-63.662969,3.921921],[-63.681981,3.9079],[-63.858973,3.94802],[-63.925768,3.926256],[-63.963752,3.868478],[-64.000902,3.931831],[-64.050118,3.950604],[-64.112067,4.091718],[-64.163735,4.126716],[-64.214943,4.115883],[-64.289016,4.144218],[-64.559816,4.102308],[-64.623302,4.134742],[-64.698356,4.251629],[-64.796544,4.285834],[-64.824229,4.243664],[-64.809855,4.17505],[-64.731434,4.120675],[-64.673191,4.005055],[-64.579575,3.928726],[-64.567687,3.88219],[-64.484852,3.787832],[-64.42782,3.780401],[-64.28846,3.700055],[-64.185123,3.560054],[-64.186227,3.500032],[-64.254652,3.411374],[-64.207712,3.189159],[-64.233756,3.114075],[-64.071034,2.938046],[-64.057152,2.850825],[-64.012705,2.819443],[-63.993487,2.770078],[-63.984225,2.653383],[-64.040872,2.576695],[-64.055483,2.498056],[-64.020955,2.467782],[-63.999958,2.478937],[-63.708401,2.380613],[-63.406197,2.436114],[-63.394346,2.407385],[-63.425035,2.364568],[-63.400717,2.245888],[-63.371834,2.212058],[-63.282257,2.154189],[-63.193608,2.181523],[-63.14098,2.172756],[-63.106733,2.079657],[-63.023254,2.014976],[-62.947955,2.031348],[-62.838305,2.016776],[-62.705501,1.940031],[-62.70365,1.874256],[-62.730539,1.818542],[-62.723213,1.712696],[-62.79582,1.63098],[-62.803914,1.590666],[-62.72028,1.488849],[-62.636847,1.434036],[-62.529138,1.089134],[-62.471089,1.086598],[-62.477201,1.028264],[-62.442443,0.960367],[-62.485534,0.866852],[-62.457205,0.785515],[-62.534983,0.694151],[-62.517771,0.584129],[-62.53248,0.509141],[-62.51813,0.444021],[-62.484715,0.454402],[-62.445813,0.379402],[-62.467758,0.276075],[-62.428041,0.173852],[-62.423875,0.091908],[-62.346084,0.02993],[-62.319206,-0.102201],[-62.244506,-0.174393],[-62.247844,-0.301609],[-62.18784,-0.330494],[-62.201731,-0.392717],[-62.308673,-0.513833],[-62.317843,-0.552169],[-62.290344,-0.64633],[-62.37026,-0.67642],[-62.35832,-0.706693],[-62.406375,-0.726972],[-62.428044,-0.69253],[-62.486096,-0.681141],[-62.507759,-0.713922],[-62.500542,-0.781139],[-62.395266,-0.820025],[-62.293315,-0.947802],[-62.203321,-0.982522],[-62.124988,-1.036973],[-62.099149,-1.096413],[-62.039147,-1.118076],[-61.896094,-1.395022],[-61.826372,-1.401412],[-61.78968,-1.378635],[-61.634982,-1.433631],[-61.482203,-1.5803],[-61.472759,-1.527517],[-61.51595,-1.502098],[-61.537763,-1.433072],[-61.618591,-1.394467],[-61.581642,-1.353073],[-61.628317,-1.301136],[-61.573316,-1.184461],[-61.576095,-1.078918],[-61.543588,-1.06197],[-61.584703,-0.93669],[-61.543037,-0.851972],[-61.538314,-0.755865],[-61.482693,-0.71718],[-61.428315,-0.633915],[-61.230537,-0.563644],[-61.216365,-0.49975],[-61.157051,-0.514999],[-61.086925,-0.499759],[-61.045536,-0.54559],[-60.920256,-0.555036],[-60.907752,-0.623645],[-60.854144,-0.647528],[-60.842758,-0.690306],[-60.797199,-0.70058],[-60.796641,-0.744471],[-60.760538,-0.76114],[-60.773314,-0.790857],[-60.756089,-0.795304],[-60.752194,-0.860857],[-60.675259,-0.873083],[-60.667481,-0.894188],[-60.61998,-0.863083],[-60.593868,-0.871967],[-60.590808,-0.85308],[-60.530535,-0.874748],[-60.47859,-0.770587],[-60.426639,-0.77808],[-60.303101,-0.71094],[-60.313032,-0.641139],[-60.382757,-0.589747],[-60.399423,-0.509759],[-60.344168,-0.440285],[-60.349449,-0.40696],[-60.289417,-0.292811],[-60.298864,-0.211414],[-60.223867,-0.14253],[-60.20275,-0.033268],[-60.138037,0.029095],[-60.122995,0.081374],[-60.137418,0.103017],[-60.115761,0.133561],[-60.058551,0.163319],[-60.037434,0.263837],[-58.89489,0.263852],[-58.894945,1.228228],[-58.911495,1.238653],[-58.886303,1.260595],[-58.921812,1.290323],[-58.918021,1.316903],[-58.978275,1.302148],[-58.993237,1.327511],[-59.047006,1.323364],[-59.252367,1.388596],[-59.28167,1.410779],[-59.286224,1.452709],[-59.324882,1.464301],[-59.331634,1.514019],[-59.381309,1.507981],[-59.395316,1.5554],[-59.422331,1.55619],[-59.447369,1.619774],[-59.482331,1.627022],[-59.492603,1.67395],[-59.510471,1.668938],[-59.53624,1.720142],[-59.567108,1.735903],[-59.61595,1.716424],[-59.689858,1.758476],[-59.677045,1.807775],[-59.653789,1.817154],[-59.662311,1.870199],[-59.677924,1.840476],[-59.751241,1.861686],[-59.758716,1.900908],[-59.719869,2.028355],[-59.740302,2.074749],[-59.720912,2.10635],[-59.739491,2.164017],[-59.721919,2.27679],[-59.785178,2.284446],[-59.896016,2.363334],[-59.89652,2.482439],[-59.928194,2.571642],[-59.969811,2.59451],[-59.956467,2.610345],[-59.98963,2.68657],[-59.981255,2.930365],[-59.946593,2.99978],[-59.954502,3.081785],[-59.908344,3.113405],[-59.912557,3.147637]]]},"properties":{"id":22,"name":"Roraima","sigla":"RR","regiao_id":"3","codigo_ibg":"14","cartodb_id":22,"created_at":"2015-02-09T16:46:01Z","updated_at":"2015-02-09T16:46:01Z"}},
{"type":"Feature","geometry":{"type":"MultiPolygon","coordinates":[[[[-52.043669,-31.57374],[-52.028182,-31.647196],[-52.058106,-31.678667],[-52.032213,-31.694637],[-51.99314,-31.413044],[-51.931144,-31.32044],[-51.878456,-31.323748],[-51.869456,-31.294327],[-51.858683,-31.331571],[-51.789929,-31.272746],[-51.616175,-31.267165],[-51.642,-31.225203],[-51.61757,-31.139188],[-51.440199,-31.087194],[-51.485176,-31.025758],[-51.496093,-30.914872],[-51.447084,-30.872892],[-51.368619,-30.873673],[-51.405259,-30.756051],[-51.363559,-30.632719],[-51.31713,-30.647642],[-51.295483,-30.750499],[-51.302811,-30.588027],[-51.257951,-30.466327],[-51.228641,-30.423288],[-51.181996,-30.407385],[-51.141438,-30.426102],[-51.142259,-30.470535],[-51.097182,-30.357046],[-51.184229,-30.38197],[-51.21019,-30.297398],[-51.246752,-30.327901],[-51.256556,-30.305337],[-51.293126,-30.303492],[-51.297367,-30.259093],[-51.272914,-30.249322],[-51.32801,-30.226316],[-51.295152,-30.001162],[-51.262396,-30.053808],[-51.250112,-30.03453],[-51.229866,-30.043224],[-51.265731,-30.102599],[-51.225284,-30.144401],[-51.248058,-30.185762],[-51.197667,-30.193927],[-51.157841,-30.261959],[-51.102128,-30.253869],[-51.067221,-30.250172],[-51.064187,-30.275712],[-51.042194,-30.268153],[-51.019268,-30.295987],[-51.068203,-30.354497],[-51.040761,-30.365853],[-51.054701,-30.391404],[-51.012475,-30.38914],[-50.922802,-30.436942],[-50.921588,-30.331649],[-50.775336,-30.333448],[-50.781163,-30.284389],[-50.672716,-30.296119],[-50.658359,-30.199399],[-50.596896,-30.194067],[-50.537427,-30.273431],[-50.570836,-30.470657],[-50.61057,-30.485185],[-50.653876,-30.442436],[-50.647782,-30.41187],[-50.592631,-30.399796],[-50.626833,-30.327322],[-50.623465,-30.391576],[-50.717009,-30.351462],[-50.679009,-30.608648],[-50.701455,-30.745804],[-50.753112,-30.818267],[-50.910755,-30.905242],[-50.96623,-30.895583],[-50.954045,-31.002661],[-50.980022,-31.040525],[-51.103078,-31.098855],[-51.168123,-31.066838],[-51.158602,-31.281143],[-51.202929,-31.411875],[-51.263605,-31.480071],[-51.360046,-31.528631],[-51.409446,-31.512129],[-51.415793,-31.472891],[-51.462109,-31.543858],[-51.448348,-31.527295],[-51.464549,-31.564102],[-51.435788,-31.624347],[-51.474091,-31.559159],[-51.664143,-31.770449],[-51.864607,-31.798898],[-51.812406,-31.816772],[-51.797863,-31.814258],[-51.812406,-31.816772],[-51.80779,-31.838199],[-51.86836,-31.870851],[-52.00355,-31.818554],[-52.097628,-31.835423],[-52.013322,-31.938848],[-52.054113,-31.981835],[-52.040031,-32.036383],[-52.081144,-32.15693],[-51.88456,-31.957651],[-51.469869,-31.725854],[-51.249787,-31.566743],[-51.17334,-31.472283],[-50.768792,-31.109558],[-50.332998,-30.500274],[-50.017487,-29.7718],[-49.711305,-29.325448],[-49.840533,-29.277067],[-49.868549,-29.223965],[-49.962461,-29.198392],[-50.114169,-29.258757],[-50.036938,-29.350757],[-50.12304,-29.281353],[-50.128763,-29.302742],[-50.165967,-29.247338],[-50.138477,-29.233944],[-50.139618,-29.193416],[-50.093296,-29.212857],[-50.110588,-29.237191],[-50.092698,-29.221853],[-50.085187,-29.193176],[-50.098947,-29.163249],[-50.078848,-29.156038],[-50.07632,-29.189355],[-50.016439,-29.180897],[-50.013542,-29.127772],[-49.986361,-29.136144],[-49.967653,-29.115559],[-49.95607,-29.06698],[-50.006982,-29.071638],[-49.958721,-29.048912],[-49.9381,-29.023119],[-49.964304,-29.02201],[-49.920048,-28.97821],[-49.95587,-28.96134],[-49.943458,-28.923211],[-49.965155,-28.921722],[-49.928587,-28.870942],[-49.966152,-28.873412],[-49.945006,-28.848667],[-49.953075,-28.759684],[-49.921499,-28.745645],[-49.934882,-28.727607],[-49.903588,-28.706622],[-49.875156,-28.744378],[-49.871583,-28.70402],[-49.841602,-28.713452],[-49.820651,-28.693172],[-49.837294,-28.66663],[-49.782077,-28.610813],[-49.780403,-28.629773],[-49.691757,-28.624663],[-49.747512,-28.546152],[-49.727809,-28.517952],[-49.769719,-28.493801],[-49.764685,-28.45966],[-49.782875,-28.495776],[-49.809424,-28.467538],[-49.839312,-28.495737],[-49.868969,-28.480119],[-49.857543,-28.443114],[-49.895881,-28.443085],[-49.898077,-28.462723],[-49.9273,-28.451091],[-49.943034,-28.481491],[-49.971048,-28.438606],[-50.035728,-28.477375],[-50.099554,-28.484785],[-50.124059,-28.473818],[-50.126295,-28.428853],[-50.158962,-28.459573],[-50.139044,-28.493715],[-50.156501,-28.4972],[-50.176481,-28.452272],[-50.222606,-28.462547],[-50.246587,-28.428741],[-50.271144,-28.456243],[-50.327763,-28.433755],[-50.34529,-28.462796],[-50.356716,-28.42041],[-50.379196,-28.445495],[-50.527084,-28.403595],[-50.536379,-28.42861],[-50.591177,-28.381654],[-50.624625,-28.390978],[-50.697814,-28.266317],[-50.748914,-28.247152],[-50.765535,-28.188447],[-50.788201,-28.197916],[-50.786035,-28.142848],[-50.827987,-28.118723],[-50.868726,-28.137232],[-50.875575,-28.094315],[-50.901402,-28.086719],[-50.87653,-28.040876],[-50.922347,-28.011187],[-50.928445,-27.968604],[-50.984434,-27.941809],[-51.010068,-27.962564],[-51.081595,-27.834384],[-51.130784,-27.829554],[-51.13335,-27.805925],[-51.190404,-27.776702],[-51.234846,-27.778883],[-51.275546,-27.723488],[-51.308228,-27.718955],[-51.316103,-27.674232],[-51.369166,-27.67196],[-51.386217,-27.623433],[-51.432213,-27.654549],[-51.489861,-27.559627],[-51.547708,-27.559728],[-51.568576,-27.583533],[-51.579763,-27.524128],[-51.63144,-27.537784],[-51.631122,-27.488751],[-51.656475,-27.51966],[-51.686632,-27.479006],[-51.723787,-27.513],[-51.752926,-27.486862],[-51.797897,-27.490565],[-51.795019,-27.529762],[-51.820508,-27.512271],[-51.846891,-27.525439],[-51.856868,-27.475236],[-51.889038,-27.519828],[-51.900105,-27.464267],[-51.954712,-27.47369],[-51.933727,-27.431924],[-52.007322,-27.401605],[-51.949357,-27.391812],[-52.020079,-27.361531],[-52.008769,-27.333937],[-52.097492,-27.347921],[-52.107389,-27.309199],[-52.166212,-27.311374],[-52.17334,-27.272394],[-52.22372,-27.328584],[-52.277205,-27.296509],[-52.234498,-27.270339],[-52.253419,-27.25702],[-52.301252,-27.259571],[-52.297635,-27.316553],[-52.346022,-27.288014],[-52.374868,-27.303786],[-52.380625,-27.259418],[-52.399351,-27.258035],[-52.395344,-27.292156],[-52.440247,-27.259678],[-52.433986,-27.218675],[-52.478147,-27.234874],[-52.479203,-27.264448],[-52.535802,-27.259538],[-52.549006,-27.238215],[-52.630853,-27.264444],[-52.666522,-27.237895],[-52.691453,-27.282839],[-52.714564,-27.236387],[-52.754211,-27.256722],[-52.773552,-27.206787],[-52.843701,-27.206071],[-52.850018,-27.16855],[-52.925131,-27.201873],[-52.957986,-27.163029],[-52.969711,-27.216282],[-52.98966,-27.217313],[-52.993347,-27.137805],[-53.042587,-27.145509],[-53.028462,-27.080097],[-53.075751,-27.103463],[-53.071752,-27.15709],[-53.132599,-27.177835],[-53.157894,-27.138408],[-53.188156,-27.191042],[-53.242355,-27.170336],[-53.309484,-27.216853],[-53.294053,-27.133937],[-53.371984,-27.090481],[-53.410678,-27.140342],[-53.457457,-27.155564],[-53.506027,-27.137903],[-53.491541,-27.201654],[-53.563465,-27.173047],[-53.618569,-27.188376],[-53.641969,-27.220393],[-53.666126,-27.161745],[-53.736356,-27.191159],[-53.772617,-27.147791],[-53.833833,-27.16934],[-53.860179,-27.127668],[-53.902678,-27.174236],[-53.952961,-27.15223],[-53.959621,-27.194044],[-54.011271,-27.195982],[-54.026098,-27.253924],[-54.0994,-27.302954],[-54.154378,-27.295944],[-54.172071,-27.25439],[-54.211182,-27.378726],[-54.260192,-27.397161],[-54.284147,-27.447064],[-54.335544,-27.401153],[-54.34618,-27.466639],[-54.410542,-27.404735],[-54.468507,-27.428903],[-54.444202,-27.472508],[-54.529719,-27.505343],[-54.584708,-27.454187],[-54.621294,-27.54086],[-54.67239,-27.504629],[-54.681963,-27.574257],[-54.74167,-27.561289],[-54.774409,-27.585222],[-54.811594,-27.529241],[-54.849745,-27.623203],[-54.903415,-27.636788],[-54.903673,-27.725314],[-54.93608,-27.772063],[-54.989019,-27.77261],[-55.010221,-27.796929],[-55.04917,-27.768025],[-55.080343,-27.779097],[-55.027372,-27.827655],[-55.031327,-27.854935],[-55.106626,-27.846333],[-55.131896,-27.895752],[-55.195809,-27.856217],[-55.263703,-27.931347],[-55.316035,-27.924678],[-55.342365,-27.970604],[-55.383098,-27.982944],[-55.369417,-28.027262],[-55.444488,-28.09625],[-55.492958,-28.077239],[-55.556956,-28.161986],[-55.607795,-28.115727],[-55.630739,-28.175857],[-55.770214,-28.241904],[-55.772533,-28.272308],[-55.667473,-28.333268],[-55.690618,-28.416267],[-55.707045,-28.425835],[-55.754864,-28.368074],[-55.871644,-28.358517],[-55.901045,-28.406401],[-55.885503,-28.479628],[-56.010432,-28.507076],[-56.024807,-28.538691],[-56.001999,-28.598862],[-56.124446,-28.68672],[-56.182858,-28.768074],[-56.282474,-28.787684],[-56.303389,-28.899642],[-56.408985,-28.976621],[-56.413467,-29.07074],[-56.588854,-29.119621],[-56.705141,-29.36133],[-56.765593,-29.377059],[-56.810051,-29.47607],[-56.953681,-29.583019],[-56.967514,-29.638603],[-57.121331,-29.764398],[-57.226799,-29.778941],[-57.277701,-29.817088],[-57.327141,-29.87985],[-57.345234,-30.002758],[-57.429621,-30.052322],[-57.481598,-30.123253],[-57.641889,-30.191667],[-57.556548,-30.212028],[-57.566017,-30.256763],[-57.523308,-30.285215],[-57.464812,-30.264769],[-57.393939,-30.304323],[-57.368554,-30.272695],[-57.349624,-30.28358],[-57.309565,-30.257102],[-57.279579,-30.293707],[-57.259272,-30.267033],[-57.221324,-30.289849],[-57.16048,-30.242211],[-57.167328,-30.198747],[-57.104697,-30.135073],[-57.114365,-30.113919],[-57.087975,-30.120071],[-57.068388,-30.086379],[-57.043632,-30.105133],[-56.992287,-30.086089],[-56.903344,-30.111935],[-56.884295,-30.087594],[-56.806614,-30.103732],[-56.775453,-30.16366],[-56.705184,-30.176087],[-56.694869,-30.204365],[-56.644868,-30.204358],[-56.666903,-30.217518],[-56.61275,-30.261051],[-56.616199,-30.300816],[-56.575213,-30.288405],[-56.539374,-30.314022],[-56.544527,-30.358389],[-56.488169,-30.398617],[-56.458152,-30.385239],[-56.382801,-30.497735],[-56.352517,-30.49303],[-56.32756,-30.529399],[-56.291897,-30.520879],[-56.259528,-30.585526],[-56.237513,-30.573643],[-56.219194,-30.607062],[-56.169573,-30.614842],[-56.12772,-30.738117],[-56.065874,-30.748291],[-56.061715,-30.77294],[-56.02236,-30.786057],[-55.988977,-30.858455],[-56.013989,-30.943484],[-56.009416,-31.080787],[-55.869236,-31.069749],[-55.727741,-30.979104],[-55.721692,-30.942736],[-55.664713,-30.952025],[-55.641594,-30.910747],[-55.659604,-30.868835],[-55.576558,-30.833231],[-55.48552,-30.946852],[-55.439943,-30.960404],[-55.436031,-31.003914],[-55.349819,-31.037379],[-55.356974,-31.066784],[-55.326434,-31.087919],[-55.337664,-31.132185],[-55.289614,-31.143017],[-55.237892,-31.259963],[-55.173251,-31.268387],[-55.07324,-31.331873],[-55.030574,-31.269544],[-55.005921,-31.267785],[-54.958434,-31.351342],[-54.93341,-31.355397],[-54.937923,-31.380692],[-54.889533,-31.375635],[-54.835256,-31.441428],[-54.757982,-31.425106],[-54.5849,-31.457696],[-54.453369,-31.599923],[-54.453865,-31.652141],[-54.099898,-31.927319],[-54.038904,-31.897293],[-53.971665,-31.918275],[-53.95837,-31.955076],[-53.849465,-32.000818],[-53.83271,-32.054162],[-53.745262,-32.078282],[-53.724965,-32.097255],[-53.733766,-32.152024],[-53.642336,-32.296496],[-53.643716,-32.38316],[-53.557073,-32.470905],[-53.462996,-32.484843],[-53.431305,-32.565414],[-53.38786,-32.586268],[-53.369606,-32.570483],[-53.286652,-32.62096],[-53.249143,-32.603895],[-53.173949,-32.656104],[-53.127821,-32.637864],[-53.07578,-32.656163],[-53.060791,-32.618254],[-53.000234,-32.59735],[-52.981998,-32.509468],[-52.953421,-32.485547],[-52.788759,-32.444961],[-52.723777,-32.387112],[-52.749913,-32.360671],[-52.787968,-32.37804],[-52.817256,-32.340493],[-52.794787,-32.27079],[-52.75383,-32.211805],[-52.72844,-32.212409],[-52.766482,-32.204345],[-52.730492,-32.195401],[-52.737265,-32.166538],[-52.621861,-32.143311],[-52.693135,-32.317625],[-52.585617,-32.52622],[-52.619182,-32.637252],[-52.750015,-32.86162],[-52.833252,-32.91321],[-52.894167,-32.892195],[-53.000532,-32.792982],[-52.982168,-32.734131],[-53.072341,-32.832491],[-53.123145,-32.790994],[-53.164863,-32.879294],[-53.159375,-32.969168],[-53.255673,-33.102124],[-53.318111,-33.087952],[-53.319514,-33.05469],[-53.391705,-33.150707],[-53.430421,-33.155555],[-53.469675,-33.25917],[-53.426971,-33.434109],[-53.464502,-33.554888],[-53.449752,-33.569597],[-53.478892,-33.572776],[-53.510175,-33.535401],[-53.512185,-33.597629],[-53.535302,-33.613258],[-53.529042,-33.68729],[-53.441922,-33.695145],[-53.415977,-33.748346],[-53.372677,-33.74458],[-53.151567,-33.588926],[-52.795174,-33.302021],[-52.62867,-33.115653],[-52.511475,-32.902703],[-52.30639,-32.361007],[-52.231314,-32.256548],[-52.098151,-32.161508],[-52.104518,-32.106917],[-52.067883,-32.029634],[-52.108274,-32.026936],[-52.089257,-32.022167],[-52.132468,-31.923204],[-52.220865,-31.871987],[-52.233931,-31.894161],[-52.256169,-31.848617],[-52.222455,-31.842851],[-52.225173,-31.751401],[-52.20028,-31.72815],[-52.068556,-31.676124],[-52.056923,-31.598478],[-52.102208,-31.625406],[-52.109928,-31.553575],[-52.039317,-31.559459],[-52.043669,-31.57374]]],[[[-51.295483,-30.750499],[-51.304948,-30.783794],[-51.323411,-30.780352],[-51.28676,-30.796988],[-51.289814,-30.817001],[-51.280603,-30.801143],[-51.295483,-30.750499]]]]},"properties":{"id":23,"name":"Rio Grande do Sul","sigla":"RS","regiao_id":"1","codigo_ibg":"43","cartodb_id":23,"created_at":"2015-02-09T16:46:01Z","updated_at":"2015-02-09T16:46:01Z"}},
{"type":"Feature","geometry":{"type":"MultiPolygon","coordinates":[[[[-53.720454,-26.559912],[-53.754546,-26.64219],[-53.719769,-26.651811],[-53.715324,-26.682225],[-53.741776,-26.684133],[-53.732957,-26.715545],[-53.753823,-26.713571],[-53.748176,-26.739552],[-53.71449,-26.748219],[-53.742691,-26.762225],[-53.698923,-26.768832],[-53.714938,-26.783435],[-53.693798,-26.845319],[-53.659999,-26.859093],[-53.694937,-26.857607],[-53.671039,-26.892967],[-53.694976,-26.928088],[-53.670212,-26.94138],[-53.707171,-26.932362],[-53.701371,-26.955552],[-53.735075,-26.973948],[-53.716323,-26.987662],[-53.758842,-27.010329],[-53.746453,-27.030546],[-53.783345,-27.025527],[-53.757975,-27.061607],[-53.799038,-27.044239],[-53.771124,-27.072544],[-53.803314,-27.081966],[-53.777276,-27.100869],[-53.817647,-27.102081],[-53.804427,-27.117495],[-53.823679,-27.130842],[-53.797939,-27.144535],[-53.826287,-27.145821],[-53.833833,-27.16934],[-53.772617,-27.147791],[-53.736356,-27.191159],[-53.666126,-27.161745],[-53.641969,-27.220393],[-53.618569,-27.188376],[-53.563465,-27.173047],[-53.491541,-27.201654],[-53.506027,-27.137903],[-53.457457,-27.155564],[-53.410678,-27.140342],[-53.371984,-27.090481],[-53.294053,-27.133937],[-53.309484,-27.216853],[-53.242355,-27.170336],[-53.188156,-27.191042],[-53.157894,-27.138408],[-53.132599,-27.177835],[-53.071752,-27.15709],[-53.075751,-27.103463],[-53.028462,-27.080097],[-53.042587,-27.145509],[-52.993347,-27.137805],[-52.98966,-27.217313],[-52.969711,-27.216282],[-52.957986,-27.163029],[-52.925131,-27.201873],[-52.850018,-27.16855],[-52.843701,-27.206071],[-52.773552,-27.206787],[-52.754211,-27.256722],[-52.714564,-27.236387],[-52.691453,-27.282839],[-52.666522,-27.237895],[-52.630853,-27.264444],[-52.549006,-27.238215],[-52.535802,-27.259538],[-52.479203,-27.264448],[-52.478147,-27.234874],[-52.433986,-27.218675],[-52.440247,-27.259678],[-52.395344,-27.292156],[-52.399351,-27.258035],[-52.380625,-27.259418],[-52.374868,-27.303786],[-52.346022,-27.288014],[-52.297635,-27.316553],[-52.301252,-27.259571],[-52.253419,-27.25702],[-52.234498,-27.270339],[-52.277205,-27.296509],[-52.22372,-27.328584],[-52.17334,-27.272394],[-52.166212,-27.311374],[-52.107389,-27.309199],[-52.097492,-27.347921],[-52.008769,-27.333937],[-52.020079,-27.361531],[-51.949357,-27.391812],[-52.007322,-27.401605],[-51.933727,-27.431924],[-51.954712,-27.47369],[-51.900105,-27.464267],[-51.889038,-27.519828],[-51.856868,-27.475236],[-51.846891,-27.525439],[-51.820508,-27.512271],[-51.795019,-27.529762],[-51.797897,-27.490565],[-51.752926,-27.486862],[-51.723787,-27.513],[-51.686632,-27.479006],[-51.656475,-27.51966],[-51.631122,-27.488751],[-51.63144,-27.537784],[-51.579763,-27.524128],[-51.568576,-27.583533],[-51.547708,-27.559728],[-51.489861,-27.559627],[-51.432213,-27.654549],[-51.386217,-27.623433],[-51.369166,-27.67196],[-51.316103,-27.674232],[-51.308228,-27.718955],[-51.275546,-27.723488],[-51.234846,-27.778883],[-51.190404,-27.776702],[-51.13335,-27.805925],[-51.130784,-27.829554],[-51.081595,-27.834384],[-51.010068,-27.962564],[-50.984434,-27.941809],[-50.928445,-27.968604],[-50.922347,-28.011187],[-50.87653,-28.040876],[-50.901402,-28.086719],[-50.875575,-28.094315],[-50.868726,-28.137232],[-50.827987,-28.118723],[-50.786035,-28.142848],[-50.788201,-28.197916],[-50.765535,-28.188447],[-50.748914,-28.247152],[-50.697814,-28.266317],[-50.624625,-28.390978],[-50.591177,-28.381654],[-50.536379,-28.42861],[-50.527084,-28.403595],[-50.379196,-28.445495],[-50.356716,-28.42041],[-50.34529,-28.462796],[-50.327763,-28.433755],[-50.271144,-28.456243],[-50.246587,-28.428741],[-50.222606,-28.462547],[-50.176481,-28.452272],[-50.156501,-28.4972],[-50.139044,-28.493715],[-50.158962,-28.459573],[-50.126295,-28.428853],[-50.124059,-28.473818],[-50.099554,-28.484785],[-50.035728,-28.477375],[-49.971048,-28.438606],[-49.943034,-28.481491],[-49.9273,-28.451091],[-49.898077,-28.462723],[-49.895881,-28.443085],[-49.857543,-28.443114],[-49.868969,-28.480119],[-49.839312,-28.495737],[-49.809424,-28.467538],[-49.782875,-28.495776],[-49.764685,-28.45966],[-49.769719,-28.493801],[-49.727809,-28.517952],[-49.747512,-28.546152],[-49.691757,-28.624663],[-49.780403,-28.629773],[-49.782077,-28.610813],[-49.837294,-28.66663],[-49.820651,-28.693172],[-49.841602,-28.713452],[-49.871583,-28.70402],[-49.875156,-28.744378],[-49.903588,-28.706622],[-49.934882,-28.727607],[-49.921499,-28.745645],[-49.953075,-28.759684],[-49.945006,-28.848667],[-49.966152,-28.873412],[-49.928587,-28.870942],[-49.965155,-28.921722],[-49.943458,-28.923211],[-49.95587,-28.96134],[-49.920048,-28.97821],[-49.964304,-29.02201],[-49.9381,-29.023119],[-49.958721,-29.048912],[-50.006982,-29.071638],[-49.95607,-29.06698],[-49.967653,-29.115559],[-49.986361,-29.136144],[-50.013542,-29.127772],[-50.016439,-29.180897],[-50.07632,-29.189355],[-50.078848,-29.156038],[-50.098947,-29.163249],[-50.085187,-29.193176],[-50.092698,-29.221853],[-50.110588,-29.237191],[-50.093296,-29.212857],[-50.139618,-29.193416],[-50.138477,-29.233944],[-50.165967,-29.247338],[-50.128763,-29.302742],[-50.12304,-29.281353],[-50.036938,-29.350757],[-50.114169,-29.258757],[-49.962461,-29.198392],[-49.868549,-29.223965],[-49.840533,-29.277067],[-49.711305,-29.325448],[-49.513502,-29.092509],[-49.290609,-28.882493],[-48.996081,-28.684366],[-48.809281,-28.605008],[-48.742512,-28.507569],[-48.76671,-28.464298],[-48.740582,-28.386291],[-48.645963,-28.23345],[-48.663021,-28.181226],[-48.598316,-28.030248],[-48.62976,-28.010648],[-48.622988,-27.950831],[-48.573511,-27.889596],[-48.601983,-27.866992],[-48.575272,-27.844346],[-48.601322,-27.776897],[-48.601066,-27.661278],[-48.643485,-27.642734],[-48.620384,-27.602796],[-48.587817,-27.618918],[-48.567224,-27.595407],[-48.61648,-27.558282],[-48.646663,-27.482517],[-48.625882,-27.433688],[-48.566239,-27.42303],[-48.556073,-27.366389],[-48.5258,-27.375672],[-48.52382,-27.333604],[-48.539683,-27.297944],[-48.595752,-27.316079],[-48.616132,-27.250717],[-48.606635,-27.219575],[-48.529688,-27.180878],[-48.499879,-27.200258],[-48.516985,-27.220474],[-48.480272,-27.207457],[-48.496503,-27.166588],[-48.465152,-27.14468],[-48.501471,-27.145419],[-48.506919,-27.11102],[-48.548821,-27.157065],[-48.602145,-27.124613],[-48.611794,-27.099816],[-48.566901,-27.007435],[-48.620754,-26.99926],[-48.642705,-26.901482],[-48.627703,-26.835156],[-48.584956,-26.783022],[-48.670885,-26.761923],[-48.685482,-26.687974],[-48.662472,-26.575334],[-48.492428,-26.218684],[-48.515621,-26.222454],[-48.529853,-26.163472],[-48.580494,-26.164765],[-48.606039,-26.066314],[-48.593948,-25.976585],[-48.633036,-25.976958],[-48.642921,-25.955779],[-48.680179,-25.98056],[-48.960277,-25.979268],[-48.997663,-26.011327],[-49.054738,-26.020048],[-49.0706,-25.999214],[-49.125072,-25.995744],[-49.140769,-26.015061],[-49.174795,-26.001348],[-49.237523,-26.030853],[-49.289294,-26.102204],[-49.369799,-26.15546],[-49.458671,-26.162234],[-49.496072,-26.220813],[-49.539681,-26.213275],[-49.554595,-26.236831],[-49.634748,-26.208134],[-49.629912,-26.190489],[-49.645201,-26.2091],[-49.652711,-26.186709],[-49.689346,-26.187962],[-49.67627,-26.175497],[-49.71019,-26.153892],[-49.727263,-26.169911],[-49.724409,-26.14325],[-49.767551,-26.104296],[-49.777947,-26.118898],[-49.843129,-26.072456],[-49.832087,-26.052703],[-49.934833,-26.031669],[-49.941727,-26.008382],[-49.972206,-26.057765],[-49.964074,-26.024789],[-49.993063,-26.011132],[-50.011056,-26.013509],[-50.005845,-26.044768],[-50.039339,-26.026506],[-50.077671,-26.045904],[-50.084328,-26.023049],[-50.120578,-26.063857],[-50.134258,-26.042991],[-50.14908,-26.057915],[-50.141516,-26.027111],[-50.171372,-26.024669],[-50.155384,-26.041562],[-50.182038,-26.078477],[-50.25103,-26.029735],[-50.251525,-26.050829],[-50.331574,-26.083208],[-50.323111,-26.134443],[-50.459234,-26.026584],[-50.54912,-26.038932],[-50.571305,-26.0033],[-50.591658,-26.042059],[-50.55259,-26.054944],[-50.627919,-26.062632],[-50.656755,-26.102597],[-50.64758,-26.12601],[-50.731307,-26.202919],[-50.718005,-26.244286],[-50.792803,-26.227245],[-50.838515,-26.270813],[-50.868551,-26.241798],[-50.899509,-26.288632],[-50.934518,-26.233383],[-50.944197,-26.282015],[-50.999975,-26.229988],[-51.054698,-26.244485],[-51.08267,-26.227889],[-51.104468,-26.274936],[-51.242771,-26.32357],[-51.252209,-26.375856],[-51.297305,-26.41897],[-51.253482,-26.463013],[-51.27378,-26.496581],[-51.223283,-26.550301],[-51.228168,-26.615517],[-51.282918,-26.653499],[-51.390768,-26.663387],[-51.411026,-26.71679],[-51.509564,-26.581689],[-51.614626,-26.590465],[-51.664564,-26.565587],[-51.873106,-26.599744],[-52.010731,-26.566059],[-52.092897,-26.512491],[-52.099184,-26.48233],[-52.185149,-26.444918],[-52.282331,-26.46202],[-52.400589,-26.422685],[-52.460757,-26.439366],[-52.522457,-26.400603],[-52.601021,-26.413537],[-52.678078,-26.35219],[-52.737252,-26.341682],[-52.949957,-26.361827],[-52.989824,-26.347346],[-53.090101,-26.390009],[-53.251865,-26.298588],[-53.280969,-26.246701],[-53.375075,-26.241553],[-53.496683,-26.302344],[-53.551168,-26.292261],[-53.586026,-26.254968],[-53.642566,-26.252258],[-53.70736,-26.387185],[-53.687354,-26.442492],[-53.739998,-26.544811],[-53.720454,-26.559912]]],[[[-48.41035,-27.38943],[-48.434842,-27.392881],[-48.428174,-27.416642],[-48.519384,-27.429119],[-48.547171,-27.458378],[-48.523096,-27.452033],[-48.539001,-27.490364],[-48.50811,-27.547609],[-48.563923,-27.593179],[-48.527959,-27.614117],[-48.523767,-27.65008],[-48.571109,-27.672946],[-48.550334,-27.69823],[-48.580235,-27.761665],[-48.558952,-27.838603],[-48.526164,-27.785927],[-48.499075,-27.793539],[-48.475446,-27.769205],[-48.506071,-27.744908],[-48.500638,-27.714154],[-48.359389,-27.44819],[-48.41035,-27.38943]]]]},"properties":{"id":24,"name":"Santa Catarina","sigla":"SC","regiao_id":"1","codigo_ibg":"42","cartodb_id":24,"created_at":"2015-02-09T16:46:01Z","updated_at":"2015-02-09T16:46:01Z"}},
{"type":"Feature","geometry":{"type":"Polygon","coordinates":[[[-36.393427,-10.498067],[-36.455743,-10.407212],[-36.509582,-10.432378],[-36.56376,-10.415908],[-36.571366,-10.318515],[-36.623312,-10.25773],[-36.71994,-10.264468],[-36.910464,-10.137513],[-36.954001,-10.070215],[-36.966685,-9.993565],[-36.991601,-9.976776],[-37.049262,-9.986186],[-37.152546,-9.900428],[-37.23706,-9.893857],[-37.285005,-9.830535],[-37.350489,-9.791583],[-37.581417,-9.73355],[-37.711365,-9.630879],[-37.78483,-9.638153],[-37.893638,-9.539958],[-38.00302,-9.51458],[-38.040108,-9.602122],[-37.987479,-9.646968],[-38.039507,-9.686172],[-38.042209,-9.715636],[-38.027805,-9.775656],[-37.966276,-9.815631],[-37.99726,-9.916292],[-37.95969,-9.969857],[-37.831385,-10.0005],[-37.776355,-10.135725],[-37.78253,-10.180215],[-37.736156,-10.331607],[-37.838582,-10.37874],[-37.858716,-10.426042],[-37.81265,-10.508062],[-37.840174,-10.549135],[-37.813529,-10.690617],[-37.999466,-10.763949],[-38.022931,-10.762646],[-38.057897,-10.708145],[-38.211549,-10.708731],[-38.245262,-10.822303],[-38.229144,-10.915496],[-38.184006,-10.94194],[-38.175647,-10.984872],[-38.106058,-11.015435],[-38.062554,-11.163393],[-37.973964,-11.194839],[-38.00298,-11.289069],[-37.977461,-11.39315],[-37.95245,-11.395491],[-37.943466,-11.423222],[-37.928795,-11.402989],[-37.89847,-11.436549],[-37.865528,-11.428022],[-37.880349,-11.43301],[-37.848653,-11.444653],[-37.862768,-11.464783],[-37.808742,-11.496368],[-37.81335,-11.513874],[-37.726676,-11.55236],[-37.702998,-11.540209],[-37.688166,-11.565807],[-37.650583,-11.518344],[-37.588375,-11.528193],[-37.578167,-11.551016],[-37.517548,-11.547579],[-37.342503,-11.443448],[-37.260054,-11.287577],[-37.151426,-11.162252],[-36.993642,-10.902769],[-36.85376,-10.743138],[-36.619989,-10.589009],[-36.399492,-10.519194],[-36.393427,-10.498067]]]},"properties":{"id":25,"name":"Sergipe","sigla":"SE","regiao_id":"4","codigo_ibg":"28","cartodb_id":25,"created_at":"2015-02-09T16:46:01Z","updated_at":"2015-02-09T16:46:01Z"}},
{"type":"Feature","geometry":{"type":"MultiPolygon","coordinates":[[[[-46.133267,-23.856877],[-46.07545,-23.816475],[-46.044075,-23.830389],[-45.977954,-23.786961],[-45.844005,-23.757598],[-45.642637,-23.777727],[-45.623123,-23.803552],[-45.561205,-23.791125],[-45.512952,-23.839982],[-45.464673,-23.818247],[-45.430814,-23.831799],[-45.396548,-23.797683],[-45.39684,-23.725006],[-45.420418,-23.725898],[-45.432266,-23.683684],[-45.406128,-23.622848],[-45.357969,-23.624293],[-45.297181,-23.571644],[-45.263101,-23.596684],[-45.211059,-23.582531],[-45.227783,-23.537568],[-45.195111,-23.51974],[-45.161967,-23.541837],[-45.171243,-23.493092],[-45.113639,-23.525404],[-45.12397,-23.502193],[-45.083595,-23.495259],[-45.081623,-23.521264],[-45.063371,-23.46865],[-45.018657,-23.461319],[-45.059261,-23.456591],[-45.060924,-23.419648],[-44.978593,-23.400067],[-44.907363,-23.333195],[-44.885444,-23.341548],[-44.891115,-23.372491],[-44.85351,-23.360999],[-44.843778,-23.386942],[-44.723999,-23.367601],[-44.888492,-23.223999],[-44.872614,-23.183806],[-44.824436,-23.160976],[-44.792039,-22.981663],[-44.75485,-22.979802],[-44.743409,-22.947096],[-44.659048,-22.927379],[-44.606627,-22.885186],[-44.543787,-22.884431],[-44.494289,-22.845988],[-44.466562,-22.884558],[-44.41296,-22.847745],[-44.373799,-22.857581],[-44.269527,-22.829798],[-44.241274,-22.792668],[-44.250038,-22.757064],[-44.160514,-22.677824],[-44.226373,-22.604073],[-44.343206,-22.587936],[-44.355966,-22.613765],[-44.359936,-22.581267],[-44.383979,-22.573224],[-44.405913,-22.607124],[-44.487098,-22.605654],[-44.508152,-22.640445],[-44.53485,-22.637035],[-44.525634,-22.619019],[-44.54852,-22.605681],[-44.572611,-22.601451],[-44.583696,-22.625451],[-44.633017,-22.60873],[-44.641293,-22.558867],[-44.676953,-22.560484],[-44.679984,-22.52569],[-44.715263,-22.513752],[-44.739979,-22.426123],[-44.808797,-22.404772],[-44.965433,-22.474688],[-45.027964,-22.462698],[-45.128017,-22.496609],[-45.177603,-22.549378],[-45.259429,-22.58237],[-45.274162,-22.615691],[-45.332517,-22.61714],[-45.399546,-22.65263],[-45.412487,-22.621713],[-45.471344,-22.590023],[-45.488357,-22.628285],[-45.539461,-22.652079],[-45.583925,-22.651189],[-45.55491,-22.62594],[-45.576271,-22.601853],[-45.664559,-22.650157],[-45.680631,-22.635836],[-45.66045,-22.578483],[-45.716467,-22.5781],[-45.736988,-22.608068],[-45.693546,-22.651209],[-45.74236,-22.658667],[-45.819423,-22.722059],[-45.796379,-22.738283],[-45.72783,-22.72317],[-45.713135,-22.814285],[-45.754468,-22.792415],[-45.790825,-22.857636],[-45.822936,-22.829383],[-45.888465,-22.875316],[-45.909433,-22.816785],[-46.007991,-22.888724],[-46.094767,-22.89393],[-46.138633,-22.922257],[-46.14419,-22.857802],[-46.237717,-22.893655],[-46.266413,-22.875188],[-46.295,-22.897102],[-46.359178,-22.895635],[-46.383735,-22.869469],[-46.376358,-22.827333],[-46.334763,-22.759699],[-46.452278,-22.727053],[-46.477479,-22.698898],[-46.469271,-22.672957],[-46.392603,-22.662476],[-46.424165,-22.633098],[-46.404304,-22.620393],[-46.433299,-22.573376],[-46.406688,-22.540048],[-46.504828,-22.516552],[-46.541691,-22.493858],[-46.530212,-22.470354],[-46.554357,-22.446157],[-46.666102,-22.413897],[-46.660474,-22.365546],[-46.722804,-22.306125],[-46.673201,-22.175628],[-46.645486,-22.179911],[-46.600063,-22.134254],[-46.6511,-22.090815],[-46.722808,-22.07652],[-46.664365,-22.068408],[-46.681516,-22.028114],[-46.613023,-22.009113],[-46.666848,-21.932061],[-46.647087,-21.879969],[-46.690506,-21.836456],[-46.625579,-21.765715],[-46.621139,-21.675047],[-46.565411,-21.678852],[-46.517102,-21.611396],[-46.508802,-21.469408],[-46.576101,-21.426465],[-46.614807,-21.440979],[-46.665248,-21.36116],[-46.705504,-21.404353],[-46.764251,-21.359575],[-46.832307,-21.367317],[-46.920317,-21.426641],[-47.010779,-21.421805],[-46.9976,-21.350345],[-47.051821,-21.246124],[-47.076908,-21.239295],[-47.0623,-21.209496],[-47.098248,-21.213003],[-47.118334,-21.185287],[-47.133046,-21.132975],[-47.112696,-21.104432],[-47.14183,-21.087743],[-47.156518,-21.018475],[-47.143268,-20.981899],[-47.239588,-20.884798],[-47.185802,-20.730649],[-47.165354,-20.701372],[-47.114507,-20.705317],[-47.096922,-20.643854],[-47.153918,-20.519245],[-47.291328,-20.448829],[-47.297756,-20.347966],[-47.230652,-20.218623],[-47.256588,-20.165722],[-47.438674,-20.049187],[-47.425215,-20.012348],[-47.465923,-19.963742],[-47.580637,-19.995384],[-47.635516,-20.047902],[-47.703779,-19.979426],[-47.859325,-19.992516],[-47.893921,-20.123355],[-47.933638,-20.107371],[-47.975508,-20.034894],[-48.019393,-20.11968],[-48.111617,-20.143418],[-48.240484,-20.028873],[-48.25298,-20.077381],[-48.218215,-20.125899],[-48.24591,-20.140474],[-48.319275,-20.112958],[-48.405309,-20.113036],[-48.490648,-20.137649],[-48.580736,-20.131665],[-48.646403,-20.166068],[-48.822743,-20.161432],[-48.855175,-20.18161],[-48.884986,-20.268664],[-48.8671,-20.398194],[-48.898861,-20.440723],[-48.968425,-20.393266],[-48.961317,-20.262817],[-48.991778,-20.164918],[-49.067439,-20.153973],[-49.130296,-20.279669],[-49.179091,-20.3097],[-49.217187,-20.303227],[-49.259027,-20.257783],[-49.308059,-20.101506],[-49.296087,-20.016377],[-49.247868,-19.999167],[-49.25025,-19.97033],[-49.439905,-19.980332],[-49.503005,-19.919449],[-49.550991,-19.905373],[-49.64074,-19.931402],[-49.890804,-19.94325],[-50.011705,-19.926244],[-50.10233,-19.875441],[-50.352314,-19.864117],[-50.471424,-19.779185],[-50.575501,-19.815551],[-50.656409,-19.904906],[-50.907644,-19.993788],[-50.999985,-20.084914],[-51.068671,-20.249579],[-51.150606,-20.30145],[-51.342903,-20.355342],[-51.499729,-20.567745],[-51.586467,-20.63433],[-51.634399,-20.754379],[-51.61849,-20.93195],[-51.665564,-20.970061],[-51.724692,-20.979677],[-51.789171,-21.101645],[-51.875362,-21.135676],[-51.878809,-21.197406],[-51.848013,-21.266164],[-51.867191,-21.351186],[-51.967399,-21.501288],[-52.065951,-21.504118],[-52.092745,-21.537583],[-52.099483,-21.570218],[-52.049327,-21.660861],[-52.102396,-21.744795],[-52.160756,-21.770297],[-52.190058,-21.845666],[-52.308313,-21.95144],[-52.376708,-22.106201],[-52.492499,-22.219484],[-52.74532,-22.342837],[-52.857328,-22.441005],[-52.998066,-22.492709],[-53.080933,-22.557774],[-53.104669,-22.621452],[-53.087301,-22.657924],[-52.984351,-22.575877],[-52.924226,-22.565147],[-52.857848,-22.607524],[-52.814925,-22.596567],[-52.701168,-22.626991],[-52.586219,-22.56604],[-52.502793,-22.633593],[-52.434781,-22.606908],[-52.304275,-22.635992],[-52.249904,-22.614947],[-52.222989,-22.673825],[-52.15617,-22.644239],[-52.148254,-22.548772],[-52.107133,-22.516211],[-51.940008,-22.566862],[-51.873011,-22.627763],[-51.752781,-22.617271],[-51.717664,-22.668533],[-51.628084,-22.658002],[-51.559066,-22.696696],[-51.498404,-22.690048],[-51.445795,-22.652778],[-51.263287,-22.66857],[-51.154396,-22.752386],[-50.94463,-22.803589],[-50.890392,-22.795326],[-50.792452,-22.893868],[-50.80565,-22.939813],[-50.741095,-22.960908],[-50.661794,-22.895208],[-50.608379,-22.923308],[-50.540884,-22.911612],[-50.504395,-22.94577],[-50.427473,-22.944507],[-50.416385,-22.912771],[-50.379894,-22.904446],[-50.339693,-22.947585],[-50.272897,-22.930513],[-50.182844,-22.95327],[-50.066978,-22.927026],[-50.046148,-22.902007],[-49.99576,-22.929046],[-49.985672,-22.897021],[-49.960888,-22.930382],[-49.971662,-22.958741],[-49.901044,-22.998664],[-49.911112,-23.050628],[-49.83317,-23.065454],[-49.789914,-23.101826],[-49.740867,-23.098797],[-49.730001,-23.140955],[-49.67783,-23.164573],[-49.625322,-23.286131],[-49.637107,-23.349226],[-49.589913,-23.382298],[-49.618872,-23.396485],[-49.566613,-23.426741],[-49.595152,-23.43989],[-49.628701,-23.51174],[-49.599718,-23.53513],[-49.616649,-23.639102],[-49.549358,-23.703227],[-49.571503,-23.754594],[-49.561876,-23.818075],[-49.610245,-23.851198],[-49.556501,-23.922235],[-49.51114,-23.925373],[-49.515705,-23.969453],[-49.429772,-24.08694],[-49.336789,-24.137192],[-49.355377,-24.211454],[-49.304885,-24.250935],[-49.282964,-24.30754],[-49.200279,-24.343974],[-49.253377,-24.407255],[-49.234973,-24.410542],[-49.246693,-24.468651],[-49.295013,-24.500909],[-49.280873,-24.536712],[-49.315499,-24.555006],[-49.304824,-24.672141],[-49.208421,-24.700343],[-49.185163,-24.672203],[-49.055322,-24.682147],[-49.041764,-24.640038],[-49.00425,-24.633923],[-49.009314,-24.657717],[-48.957965,-24.684781],[-48.828271,-24.655098],[-48.778165,-24.69623],[-48.7568,-24.679353],[-48.68988,-24.692892],[-48.676499,-24.671106],[-48.660848,-24.705954],[-48.616137,-24.668171],[-48.581366,-24.671118],[-48.531298,-24.736265],[-48.498829,-24.73846],[-48.56733,-24.846996],[-48.546354,-24.873257],[-48.571576,-24.894508],[-48.567036,-24.971666],[-48.597454,-25.002828],[-48.582178,-25.051061],[-48.528101,-25.10029],[-48.473566,-25.012048],[-48.410589,-24.979624],[-48.323659,-25.036242],[-48.333188,-25.070067],[-48.298895,-25.023897],[-48.277827,-25.0326],[-48.251197,-24.978246],[-48.209126,-25.02825],[-48.211715,-25.084942],[-48.156404,-25.144145],[-48.186718,-25.198397],[-48.114404,-25.250194],[-48.061559,-25.239482],[-48.056904,-25.217878],[-48.02308,-25.230467],[-48.09852,-25.310889],[-47.912517,-25.158046],[-47.894298,-25.106387],[-47.909456,-25.052881],[-47.88769,-25.053155],[-47.771848,-24.912647],[-47.616293,-24.791698],[-47.226333,-24.569334],[-47.137459,-24.485815],[-47.009244,-24.413565],[-47.000185,-24.329276],[-46.940406,-24.280038],[-46.497802,-24.039851],[-46.416597,-24.013268],[-46.398922,-24.033077],[-46.384232,-23.969873],[-46.3126,-23.980713],[-46.323686,-24.021741],[-46.294351,-24.016095],[-46.287026,-24.043965],[-46.244073,-23.990882],[-46.181376,-23.990014],[-46.179256,-23.923882],[-46.138051,-23.890846],[-46.133267,-23.856877]]],[[[-45.320935,-23.914938],[-45.290183,-23.910201],[-45.267292,-23.963257],[-45.226769,-23.940793],[-45.224435,-23.902473],[-45.289743,-23.865889],[-45.272169,-23.838268],[-45.227859,-23.838176],[-45.248184,-23.824372],[-45.229593,-23.77629],[-45.328825,-23.720992],[-45.365934,-23.809647],[-45.461657,-23.887757],[-45.427374,-23.940393],[-45.320935,-23.914938]]],[[[-45.077848,-23.535286],[-45.079198,-23.563836],[-45.039396,-23.534384],[-45.077848,-23.535286]]],[[[-45.139775,-23.799866],[-45.15639,-23.812895],[-45.119681,-23.817279],[-45.139775,-23.799866]]]]},"properties":{"id":26,"name":"São Paulo","sigla":"SP","regiao_id":"2","codigo_ibg":"35","cartodb_id":26,"created_at":"2015-02-09T16:46:01Z","updated_at":"2015-02-09T16:46:01Z"}},
{"type":"Feature","geometry":{"type":"Polygon","coordinates":[[[-47.031021,-8.98549],[-46.969859,-8.914093],[-46.992123,-8.879003],[-46.913022,-8.847427],[-46.902237,-8.790502],[-46.930853,-8.726355],[-46.886522,-8.686091],[-46.915964,-8.648008],[-46.897298,-8.600618],[-46.915971,-8.595382],[-46.846653,-8.532739],[-46.850437,-8.476965],[-46.796133,-8.446234],[-46.806408,-8.398576],[-46.786589,-8.398704],[-46.782004,-8.36769],[-46.732189,-8.38527],[-46.63481,-8.318926],[-46.54421,-8.318931],[-46.507164,-8.270375],[-46.487135,-8.199514],[-46.514215,-8.166672],[-46.46619,-8.065802],[-46.491707,-7.981303],[-46.604246,-7.895787],[-46.755745,-7.921972],[-46.839516,-7.965126],[-46.872329,-7.955169],[-46.952971,-8.006253],[-46.996998,-8.066837],[-47.043074,-8.053196],[-47.061858,-8.004677],[-47.106053,-7.990406],[-47.106803,-7.936591],[-47.140665,-7.924886],[-47.174074,-7.855922],[-47.243877,-7.814918],[-47.245801,-7.758128],[-47.266329,-7.760893],[-47.273126,-7.730639],[-47.312696,-7.730442],[-47.302107,-7.688663],[-47.33729,-7.666636],[-47.313777,-7.660236],[-47.357796,-7.616703],[-47.372444,-7.624976],[-47.351777,-7.646451],[-47.381474,-7.653671],[-47.381664,-7.59958],[-47.438189,-7.556166],[-47.427257,-7.525359],[-47.474781,-7.532977],[-47.504277,-7.436249],[-47.590437,-7.439154],[-47.485444,-7.366716],[-47.499355,-7.293472],[-47.588667,-7.263709],[-47.648084,-7.302969],[-47.69057,-7.237921],[-47.745785,-7.200837],[-47.744693,-7.162119],[-47.715906,-7.141368],[-47.644021,-7.143228],[-47.529477,-6.976146],[-47.505466,-6.897169],[-47.528236,-6.830015],[-47.493687,-6.754451],[-47.498212,-6.67085],[-47.456056,-6.537881],[-47.416367,-6.48465],[-47.43096,-6.424978],[-47.378389,-6.270479],[-47.431006,-6.119875],[-47.447533,-5.992542],[-47.430634,-5.868837],[-47.492943,-5.730158],[-47.473272,-5.661608],[-47.49969,-5.525235],[-47.554938,-5.465366],[-47.618187,-5.459356],[-47.741794,-5.380925],[-47.843325,-5.37584],[-47.885136,-5.260332],[-48.005813,-5.235019],[-48.078838,-5.27466],[-48.178105,-5.260407],[-48.36347,-5.168012],[-48.538579,-5.204547],[-48.605691,-5.336132],[-48.678998,-5.305455],[-48.713132,-5.352251],[-48.754713,-5.348801],[-48.745052,-5.369352],[-48.650047,-5.38455],[-48.590917,-5.421375],[-48.510312,-5.429278],[-48.384303,-5.393838],[-48.300269,-5.522636],[-48.137715,-5.60232],[-48.173878,-5.708844],[-48.272103,-5.725121],[-48.294112,-5.756302],[-48.288457,-5.842561],[-48.231193,-5.945764],[-48.334277,-6.003902],[-48.332272,-6.037893],[-48.28535,-6.07001],[-48.291684,-6.103692],[-48.431498,-6.176918],[-48.416683,-6.298211],[-48.37487,-6.346428],[-48.382239,-6.379232],[-48.499774,-6.350551],[-48.612713,-6.453351],[-48.66291,-6.557424],[-48.664412,-6.662383],[-48.813745,-6.751385],[-49.018438,-6.783831],[-49.20905,-6.92502],[-49.184836,-7.234789],[-49.231026,-7.325402],[-49.377546,-7.496062],[-49.383604,-7.543108],[-49.322774,-7.68136],[-49.150136,-7.80181],[-49.175681,-8.054193],[-49.215405,-8.193821],[-49.282871,-8.379166],[-49.376562,-8.454892],[-49.409437,-8.579607],[-49.451019,-8.612104],[-49.591958,-8.839096],[-49.683903,-8.856079],[-49.744634,-8.905768],[-49.842136,-9.026932],[-49.907238,-9.173427],[-50.03733,-9.289006],[-50.10488,-9.47501],[-50.089103,-9.545295],[-50.224346,-9.840752],[-50.302184,-10.035009],[-50.391687,-10.133627],[-50.381894,-10.221342],[-50.417827,-10.355864],[-50.473261,-10.404499],[-50.482157,-10.489631],[-50.515616,-10.504723],[-50.536958,-10.60481],[-50.602989,-10.660528],[-50.570126,-10.752094],[-50.621543,-10.839005],[-50.599549,-10.882708],[-50.632484,-10.935529],[-50.608993,-11.067047],[-50.658631,-11.130351],[-50.657982,-11.247426],[-50.705779,-11.325958],[-50.741594,-11.454492],[-50.739706,-11.538198],[-50.716015,-11.577798],[-50.65606,-11.600417],[-50.663052,-11.672069],[-50.721575,-11.739285],[-50.685839,-11.858579],[-50.638822,-11.884152],[-50.68251,-11.9941],[-50.66681,-12.08075],[-50.686406,-12.201735],[-50.643836,-12.222304],[-50.643581,-12.34637],[-50.617789,-12.428571],[-50.626529,-12.457771],[-50.650855,-12.458446],[-50.686007,-12.568781],[-50.667513,-12.595587],[-50.706022,-12.609279],[-50.69922,-12.647354],[-50.64646,-12.650698],[-50.654296,-12.678758],[-50.622814,-12.73388],[-50.635524,-12.771437],[-50.611297,-12.775474],[-50.622263,-12.819312],[-50.579056,-12.801752],[-50.597379,-12.826352],[-50.519874,-12.835971],[-50.510606,-12.860278],[-50.468069,-12.754976],[-50.485547,-12.748149],[-50.467842,-12.735668],[-50.477597,-12.709527],[-50.434909,-12.693889],[-50.440405,-12.652849],[-50.411241,-12.645753],[-50.418186,-12.624181],[-50.391952,-12.611515],[-50.36546,-12.545645],[-50.207149,-12.448386],[-50.18369,-12.429883],[-50.196122,-12.412919],[-50.17463,-12.423309],[-50.142216,-12.39551],[-50.215575,-12.485135],[-50.229263,-12.531938],[-50.192711,-12.563885],[-50.234495,-12.577387],[-50.266355,-12.68203],[-50.299642,-12.680466],[-50.28377,-12.717761],[-50.310817,-12.798122],[-50.292184,-12.839493],[-50.231076,-12.853677],[-50.182961,-12.896345],[-50.078432,-12.905513],[-49.912912,-12.965565],[-49.369037,-13.274169],[-49.3395,-13.235997],[-49.353938,-13.10256],[-49.236963,-12.883541],[-49.118631,-12.789931],[-49.105767,-12.835679],[-49.067068,-12.846911],[-49.077627,-12.903279],[-49.024068,-12.906177],[-48.975176,-12.956771],[-48.857053,-12.804994],[-48.841907,-12.843977],[-48.736125,-12.920598],[-48.730296,-12.989361],[-48.67412,-12.994844],[-48.601652,-13.059894],[-48.578216,-13.12616],[-48.600122,-13.238197],[-48.58596,-13.317182],[-48.553158,-13.301548],[-48.554159,-13.204538],[-48.508419,-13.128422],[-48.472106,-13.142345],[-48.474827,-13.235304],[-48.441266,-13.291938],[-48.173492,-13.147675],[-48.145442,-13.152767],[-48.164957,-13.305356],[-48.082573,-13.288347],[-48.062013,-13.234968],[-48.022123,-13.279405],[-47.985707,-13.277895],[-47.965877,-13.314826],[-47.935435,-13.29029],[-47.883133,-13.320078],[-47.823547,-13.311435],[-47.678542,-13.46728],[-47.62229,-13.36723],[-47.649686,-13.350817],[-47.661765,-13.303418],[-47.640043,-13.262775],[-47.668457,-13.208973],[-47.63434,-13.104065],[-47.560907,-13.124241],[-47.562632,-13.183799],[-47.478448,-13.184709],[-47.486681,-13.219816],[-47.43532,-13.226669],[-47.454131,-13.249435],[-47.426534,-13.289007],[-47.377296,-13.23018],[-47.281713,-13.264477],[-47.228716,-13.194438],[-47.182414,-13.187673],[-47.15261,-13.209539],[-47.132154,-13.178071],[-47.086911,-13.181989],[-46.999967,-13.121175],[-46.978435,-13.131143],[-46.892487,-13.052791],[-46.854547,-13.066533],[-46.819264,-13.002039],[-46.750177,-12.968724],[-46.45422,-12.970722],[-46.417186,-12.823042],[-46.365765,-12.864423],[-46.363444,-12.990788],[-46.194124,-12.95624],[-46.113889,-12.917537],[-46.304358,-12.949443],[-46.292292,-12.858984],[-46.261881,-12.831243],[-46.282495,-12.783693],[-46.264492,-12.716519],[-46.292822,-12.692385],[-46.256396,-12.655691],[-46.289769,-12.631327],[-46.279515,-12.584471],[-46.254776,-12.546644],[-46.160236,-12.528154],[-46.153544,-12.482796],[-46.254333,-12.492756],[-46.256004,-12.423908],[-46.300598,-12.41535],[-46.285242,-12.378626],[-46.351964,-12.336976],[-46.32406,-12.302139],[-46.374602,-12.286428],[-46.359819,-12.224642],[-46.389275,-12.166479],[-46.365943,-12.110827],[-46.397437,-12.039917],[-46.325276,-11.958062],[-46.192133,-11.929073],[-46.170841,-11.900564],[-46.188949,-11.883475],[-46.317547,-11.898064],[-46.374156,-11.868178],[-46.322293,-11.77032],[-46.373041,-11.750718],[-46.32894,-11.736879],[-46.29497,-11.694474],[-46.314531,-11.631832],[-46.25585,-11.620751],[-46.153572,-11.65656],[-46.08657,-11.642212],[-46.08625,-11.621714],[-46.202347,-11.60217],[-46.235856,-11.564917],[-46.313026,-11.539069],[-46.410905,-11.54153],[-46.478886,-11.515971],[-46.519635,-11.483129],[-46.527746,-11.422086],[-46.601248,-11.346766],[-46.616668,-11.289032],[-46.609202,-11.255504],[-46.471932,-11.190765],[-46.398507,-10.993976],[-46.282995,-10.906335],[-46.289561,-10.847486],[-46.229093,-10.794034],[-46.227193,-10.76638],[-46.251004,-10.75666],[-46.192138,-10.719288],[-46.210548,-10.649255],[-46.168807,-10.619576],[-46.065735,-10.602921],[-46.024603,-10.542365],[-45.970765,-10.528161],[-45.887587,-10.449105],[-45.827299,-10.435545],[-45.824298,-10.365556],[-45.738021,-10.342031],[-45.69711,-10.263155],[-45.698859,-10.16644],[-45.72247,-10.154896],[-45.733433,-10.228185],[-45.793325,-10.267263],[-45.877436,-10.238925],[-45.945953,-10.258155],[-46.003128,-10.260517],[-46.027854,-10.17646],[-46.099302,-10.21249],[-46.164216,-10.212492],[-46.210496,-10.169309],[-46.327097,-10.183284],[-46.367463,-10.168403],[-46.383468,-10.119959],[-46.455986,-10.049472],[-46.49322,-9.827016],[-46.511726,-9.798577],[-46.576579,-9.804772],[-46.575719,-9.757599],[-46.646991,-9.729945],[-46.65291,-9.693039],[-46.612631,-9.665405],[-46.591133,-9.586598],[-46.5374,-9.557383],[-46.575262,-9.517144],[-46.560548,-9.483629],[-46.627163,-9.465318],[-46.649138,-9.443686],[-46.632356,-9.411185],[-46.665546,-9.391517],[-46.762939,-9.40855],[-46.767886,-9.365102],[-46.846635,-9.292022],[-46.818518,-9.259656],[-46.822356,-9.198644],[-46.850275,-9.191437],[-46.851992,-9.154049],[-46.894068,-9.122583],[-46.925878,-9.134542],[-46.92223,-9.0663],[-47.006912,-9.081794],[-47.068303,-9.063475],[-47.043053,-9.026149],[-47.068072,-9.011622],[-47.031021,-8.98549]]]},"properties":{"id":27,"name":"Tocantins","sigla":"TO","regiao_id":"3","codigo_ibg":"17","cartodb_id":27,"created_at":"2015-02-09T16:46:01Z","updated_at":"2015-02-09T16:46:01Z"}},
{"type":"Feature","geometry":{"type":"Polygon","coordinates":[[[-47.308609,-16.035491],[-47.37645,-15.977942],[-47.36551,-15.827737],[-47.31371,-15.746782],[-47.332682,-15.629463],[-47.31543,-15.593974],[-47.417289,-15.546381],[-47.416906,-15.499863],[-48.197192,-15.500511],[-48.199872,-15.621412],[-48.232538,-15.638692],[-48.240373,-15.706534],[-48.207041,-15.717894],[-48.20562,-15.741003],[-48.286648,-15.842687],[-48.276316,-15.930093],[-48.251511,-15.942599],[-48.278674,-16.051101],[-47.308367,-16.050078],[-47.308609,-16.035491]]]},"properties":{"id":7,"name":"Distrito Federal","sigla":"DF","regiao_id":"5","codigo_ibg":"53","cartodb_id":7,"created_at":"2015-02-09T16:46:01Z","updated_at":"2015-02-09T16:46:01Z"}}
]}